M26A01.wav, sad,sad,angry,neutral,happy,fearful,surprised
M26W04.wav, sad,sad,neutral,angry,happy,fearful,surprised
M44H04.wav, sad,sad,neutral,happy,fearful,angry,surprised
M27N13.wav, sad,sad,neutral,fearful,angry,surprised,happy
F21N16.wav, sad,sad,neutral,angry,happy,fearful,surprised
M09A14.wav, sad,sad,neutral,happy,angry,fearful,surprised
M55N04.wav, sad,sad,neutral,fearful,happy,surprised,angry
M19A02.wav, neutral,neutral,sad,happy,angry,fearful,surprised
F03A02.wav, sad,sad,angry,neutral,happy,fearful,surprised
F05N46.wav, sad,sad,neutral,fearful,happy,angry,surprised
M40A02.wav, sad,sad,neutral,angry,happy,fearful,surprised
M25A25.wav, sad,sad,angry,fearful,neutral,surprised,happy
M09A05.wav, sad,sad,neutral,angry,fearful,happy,surprised
M11H02.wav, sad,sad,neutral,angry,fearful,happy,surprised
M25A29.wav, sad,sad,neutral,angry,happy,fearful,surprised
F10A02.wav, sad,sad,neutral,angry,happy,fearful,surprised
M29A01.wav, sad,sad,neutral,angry,fearful,surprised,happy
F06H01.wav, neutral,neutral,sad,fearful,happy,angry,surprised
F17S01.wav, sad,sad,neutral,fearful,surprised,angry,happy
M19N02.wav, sad,sad,angry,neutral,fearful,surprised,happy
F17S10.wav, sad,sad,angry,surprised,fearful,neutral,happy
M43W06.wav, sad,sad,neutral,angry,fearful,surprised,happy
F21S30.wav, sad,sad,neutral,angry,fearful,surprised,happy
M12W09.wav, sad,sad,neutral,angry,fearful,happy,surprised
M22S01.wav, sad,sad,neutral,fearful,angry,happy,surprised
M27A01.wav, sad,sad,neutral,angry,fearful,surprised,happy
F29N02.wav, sad,sad,neutral,angry,happy,fearful,surprised
M28N10.wav, sad,sad,neutral,fearful,happy,surprised,angry
F10A15.wav, sad,sad,neutral,fearful,angry,happy,surprised
M47N14.wav, sad,sad,neutral,angry,fearful,happy,surprised
M50A11.wav, sad,sad,angry,neutral,surprised,happy,fearful
M26A02.wav, sad,sad,neutral,fearful,angry,surprised,happy
F15A06.wav, sad,sad,neutral,happy,angry,fearful,surprised
F07S33.wav, sad,sad,neutral,angry,fearful,surprised,happy
M25N02.wav, neutral,neutral,sad,angry,happy,fearful,surprised
F30H04.wav, neutral,neutral,sad,angry,happy,fearful,surprised
M22A04.wav, sad,sad,neutral,happy,angry,fearful,surprised
M03A31.wav, sad,sad,neutral,fearful,angry,happy,surprised
M53N14.wav, sad,sad,neutral,angry,fearful,happy,surprised
M04N58.wav, neutral,neutral,sad,happy,angry,fearful,surprised
M05N14.wav, sad,sad,neutral,angry,fearful,happy,surprised
F21W14.wav, sad,sad,neutral,angry,happy,fearful,surprised
M04S03.wav, sad,sad,neutral,fearful,surprised,angry,happy
M37N06.wav, sad,sad,neutral,angry,happy,fearful,surprised
M16A28.wav, sad,sad,neutral,happy,angry,fearful,surprised
F24A29.wav, sad,sad,neutral,angry,happy,fearful,surprised
M15A13.wav, neutral,neutral,sad,angry,happy,fearful,surprised
F10A29.wav, sad,sad,neutral,angry,fearful,happy,surprised
M32S02.wav, sad,sad,neutral,surprised,fearful,angry,happy
M21N10.wav, sad,sad,neutral,angry,happy,fearful,surprised
F03A01.wav, sad,sad,neutral,angry,happy,fearful,surprised
M22N01.wav, sad,sad,neutral,fearful,angry,happy,surprised
M28S08.wav, sad,sad,neutral,surprised,fearful,angry,happy
F21W02.wav, sad,sad,angry,fearful,neutral,happy,surprised
M41A01.wav, sad,sad,neutral,angry,happy,fearful,surprised
F09S18.wav, sad,sad,neutral,fearful,angry,happy,surprised
F28H01.wav, sad,sad,neutral,fearful,surprised,angry,happy
M12N69.wav, neutral,neutral,sad,happy,angry,fearful,surprised
M26A38.wav, sad,sad,neutral,fearful,angry,happy,surprised
M16N01.wav, sad,sad,neutral,angry,happy,fearful,surprised
M12S05.wav, sad,sad,neutral,happy,angry,fearful,surprised
F21A57.wav, sad,sad,neutral,fearful,angry,happy,surprised
M10N01.wav, sad,sad,angry,neutral,happy,fearful,surprised
F09A06.wav, sad,sad,neutral,fearful,angry,surprised,happy
M26A18.wav, sad,sad,neutral,angry,fearful,happy,surprised
M49N05.wav, sad,sad,neutral,fearful,angry,surprised,happy
M28A15.wav, sad,sad,neutral,angry,happy,fearful,surprised
F02S15.wav, neutral,neutral,sad,happy,angry,fearful,surprised
M28N06.wav, sad,sad,neutral,happy,angry,fearful,surprised
M28N07.wav, sad,sad,neutral,angry,fearful,happy,surprised
M47N10.wav, sad,sad,neutral,angry,fearful,happy,surprised
M02N08.wav, sad,sad,neutral,angry,fearful,happy,surprised
M27N17.wav, sad,sad,neutral,fearful,angry,happy,surprised
F21A23.wav, sad,sad,neutral,fearful,angry,happy,surprised
F24W22.wav, sad,sad,neutral,fearful,angry,happy,surprised
M07H02.wav, sad,sad,neutral,angry,happy,fearful,surprised
M25W10.wav, sad,sad,angry,neutral,fearful,surprised,happy
F21A11.wav, sad,sad,angry,neutral,fearful,happy,surprised
M02N03.wav, sad,sad,neutral,angry,fearful,happy,surprised
M20W03.wav, sad,sad,angry,fearful,surprised,neutral,happy
F01H03.wav, sad,sad,neutral,angry,happy,fearful,surprised
F05N33.wav, sad,sad,neutral,happy,fearful,surprised,angry
M48A04.wav, sad,sad,neutral,angry,fearful,happy,surprised
F07A29.wav, sad,sad,neutral,angry,fearful,happy,surprised
M12N14.wav, sad,sad,neutral,angry,fearful,happy,surprised
M02A12.wav, sad,sad,angry,neutral,fearful,happy,surprised
F06H04.wav, sad,sad,neutral,fearful,angry,happy,surprised
F24W25.wav, neutral,neutral,sad,happy,angry,fearful,surprised
M28N05.wav, sad,sad,neutral,angry,happy,fearful,surprised
M28A16.wav, sad,sad,neutral,angry,happy,fearful,surprised
M43A11.wav, sad,sad,neutral,fearful,angry,happy,surprised
M08H03.wav, sad,sad,neutral,fearful,angry,surprised,happy
F22H01.wav, sad,sad,angry,fearful,neutral,surprised,happy
M40N38.wav, neutral,neutral,sad,happy,angry,fearful,surprised
M31N09.wav, sad,sad,neutral,fearful,angry,happy,surprised
M04N57.wav, neutral,neutral,sad,angry,happy,surprised,fearful
F27A02.wav, neutral,neutral,sad,angry,happy,fearful,surprised
F21W20.wav, sad,sad,neutral,angry,fearful,happy,surprised
M25A65.wav, sad,sad,neutral,angry,happy,fearful,surprised
M50A04.wav, sad,sad,neutral,angry,happy,fearful,surprised
M20N05.wav, sad,sad,neutral,angry,fearful,surprised,happy
M43A17.wav, sad,sad,neutral,angry,fearful,happy,surprised
M45W01.wav, sad,sad,neutral,angry,happy,fearful,surprised
F19N25.wav, sad,sad,neutral,angry,fearful,surprised,happy
M14S01.wav, sad,sad,neutral,fearful,surprised,angry,happy
M12S07.wav, neutral,neutral,sad,happy,fearful,angry,surprised
M46N07.wav, neutral,neutral,sad,happy,angry,fearful,surprised
M53N06.wav, sad,sad,neutral,angry,happy,fearful,surprised
M30N04.wav, sad,sad,neutral,angry,fearful,happy,surprised
M03A17.wav, sad,sad,neutral,fearful,angry,happy,surprised
F05N55.wav, sad,sad,neutral,fearful,happy,angry,surprised
M51N03.wav, neutral,neutral,sad,fearful,happy,angry,surprised
F24A52.wav, sad,sad,neutral,happy,angry,fearful,surprised
F30S02.wav, neutral,neutral,sad,happy,angry,fearful,surprised
M33A01.wav, sad,sad,neutral,happy,angry,fearful,surprised
M12N45.wav, sad,sad,neutral,angry,fearful,happy,surprised
M16H05.wav, sad,sad,angry,surprised,fearful,neutral,happy
M44N22.wav, sad,sad,neutral,angry,happy,fearful,surprised
M11H06.wav, sad,sad,neutral,angry,fearful,happy,surprised
F28A04.wav, neutral,neutral,sad,happy,angry,fearful,surprised
M25A07.wav, sad,sad,neutral,angry,fearful,happy,surprised
M02N11.wav, sad,sad,neutral,angry,happy,fearful,surprised
F12A02.wav, sad,sad,neutral,fearful,happy,angry,surprised
M12A11.wav, sad,sad,neutral,happy,angry,fearful,surprised
M20A05.wav, sad,sad,neutral,angry,happy,fearful,surprised
M15N03.wav, sad,sad,neutral,angry,fearful,surprised,happy
M12A08.wav, sad,sad,neutral,fearful,angry,happy,surprised
M48S02.wav, sad,sad,neutral,fearful,surprised,angry,happy
F12A12.wav, sad,sad,neutral,fearful,angry,happy,surprised
M05S04.wav, sad,sad,neutral,fearful,surprised,angry,happy
M27N40.wav, sad,sad,neutral,fearful,angry,happy,surprised
M28N22.wav, sad,sad,neutral,angry,fearful,surprised,happy
M48N06.wav, sad,sad,neutral,angry,fearful,surprised,happy
F10A31.wav, sad,sad,angry,neutral,fearful,happy,surprised
F02S01.wav, sad,sad,neutral,happy,fearful,angry,surprised
F22S12.wav, sad,sad,neutral,fearful,angry,surprised,happy
M50A07.wav, sad,sad,neutral,fearful,angry,surprised,happy
F01S23.wav, sad,sad,neutral,angry,fearful,surprised,happy
F12N02.wav, sad,sad,neutral,angry,happy,fearful,surprised
F22S04.wav, sad,sad,neutral,fearful,angry,surprised,happy
M32S03.wav, sad,sad,neutral,fearful,surprised,angry,happy
F05N07.wav, sad,sad,neutral,fearful,happy,angry,surprised
M19S03.wav, sad,sad,neutral,fearful,angry,surprised,happy
M22N19.wav, sad,sad,neutral,fearful,angry,surprised,happy
F30F02.wav, sad,sad,fearful,angry,neutral,surprised,happy
M25A27.wav, sad,sad,neutral,angry,happy,fearful,surprised
M04N77.wav, sad,sad,neutral,happy,angry,fearful,surprised
F13A01.wav, sad,sad,neutral,fearful,angry,happy,surprised
F05N11.wav, sad,sad,neutral,fearful,happy,angry,surprised
M29A17.wav, sad,sad,neutral,fearful,angry,surprised,happy
M03S12.wav, sad,sad,neutral,angry,happy,fearful,surprised
M03A46.wav, sad,sad,neutral,happy,angry,fearful,surprised
F03A10.wav, sad,sad,angry,neutral,fearful,happy,surprised
M41A06.wav, sad,sad,neutral,angry,happy,fearful,surprised
M26N06.wav, neutral,neutral,sad,angry,happy,fearful,surprised
F21H13.wav, sad,sad,neutral,fearful,angry,surprised,happy
M03A44.wav, sad,sad,neutral,fearful,angry,happy,surprised
F07H13.wav, sad,sad,neutral,fearful,angry,happy,surprised
F22S09.wav, sad,sad,neutral,fearful,angry,happy,surprised
F24H13.wav, sad,sad,neutral,angry,happy,fearful,surprised
F24N01.wav, sad,sad,neutral,fearful,happy,surprised,angry
M28A06.wav, sad,sad,neutral,happy,angry,fearful,surprised
F22S03.wav, sad,sad,neutral,angry,fearful,surprised,happy
F28A26.wav, sad,sad,neutral,fearful,happy,angry,surprised
F03W01.wav, sad,sad,angry,happy,fearful,neutral,surprised
F21S07.wav, sad,sad,neutral,angry,happy,fearful,surprised
M02N02.wav, sad,sad,neutral,angry,fearful,happy,surprised
M18N13.wav, sad,sad,neutral,fearful,happy,angry,surprised
F07N03.wav, sad,sad,neutral,angry,happy,fearful,surprised
F07H10.wav, sad,sad,neutral,angry,happy,fearful,surprised
F22S08.wav, sad,sad,neutral,fearful,surprised,angry,happy
F14N01.wav, sad,sad,surprised,neutral,angry,fearful,happy
M21F01.wav, sad,sad,neutral,angry,fearful,happy,surprised
M45N03.wav, sad,sad,neutral,angry,fearful,happy,surprised
F30N06.wav, sad,sad,neutral,angry,fearful,happy,surprised
M50A10.wav, sad,sad,neutral,angry,fearful,happy,surprised
F12N08.wav, sad,sad,neutral,angry,fearful,happy,surprised
F02S12.wav, sad,sad,neutral,angry,fearful,happy,surprised
M28S22.wav, sad,sad,neutral,angry,fearful,happy,surprised
M04S04.wav, sad,sad,neutral,fearful,happy,surprised,angry
F24S11.wav, sad,sad,neutral,fearful,angry,surprised,happy
M18N09.wav, neutral,neutral,sad,happy,angry,fearful,surprised
M25A46.wav, sad,sad,angry,neutral,fearful,happy,surprised
M28N25.wav, sad,sad,neutral,angry,fearful,surprised,happy
M26W01.wav, sad,sad,neutral,angry,fearful,happy,surprised
F20H02.wav, neutral,neutral,sad,happy,angry,fearful,surprised
M09S01.wav, sad,sad,neutral,angry,fearful,happy,surprised
M53N25.wav, sad,sad,neutral,fearful,surprised,angry,happy
F21A29.wav, sad,sad,neutral,angry,fearful,happy,surprised
M40N21.wav, neutral,neutral,sad,happy,fearful,angry,surprised
F02S05.wav, sad,sad,neutral,angry,fearful,happy,surprised
M43N01.wav, sad,sad,angry,neutral,fearful,happy,surprised
M45N04.wav, sad,sad,neutral,fearful,angry,happy,surprised
M28A05.wav, neutral,neutral,sad,happy,angry,fearful,surprised
F05N40.wav, sad,sad,neutral,fearful,happy,angry,surprised
F07A37.wav, sad,sad,neutral,happy,fearful,angry,surprised
F02H01.wav, sad,sad,neutral,angry,fearful,happy,surprised
M44N10.wav, sad,sad,neutral,happy,angry,fearful,surprised
M51N07.wav, sad,sad,neutral,fearful,surprised,angry,happy
F03W07.wav, sad,sad,angry,neutral,happy,fearful,surprised
F24W16.wav, sad,sad,neutral,angry,happy,fearful,surprised
M12N73.wav, sad,sad,neutral,angry,happy,fearful,surprised
M27N02.wav, sad,sad,neutral,angry,fearful,happy,surprised
F05N13.wav, sad,sad,neutral,happy,fearful,angry,surprised
F11N07.wav, sad,sad,neutral,surprised,fearful,angry,happy
M07N07.wav, sad,sad,neutral,angry,fearful,happy,surprised
F05W02.wav, sad,sad,neutral,angry,happy,fearful,surprised
F28A07.wav, sad,sad,neutral,happy,fearful,angry,surprised
F07A64.wav, sad,sad,neutral,fearful,happy,angry,surprised
M12A17.wav, sad,sad,neutral,angry,fearful,happy,surprised
F21H06.wav, sad,sad,neutral,angry,happy,fearful,surprised
M16A04.wav, sad,sad,neutral,fearful,happy,angry,surprised
F25A06.wav, sad,sad,neutral,angry,fearful,happy,surprised
M04S02.wav, sad,sad,neutral,angry,happy,fearful,surprised
F10A43.wav, neutral,neutral,sad,angry,happy,fearful,surprised
M50N01.wav, sad,sad,angry,neutral,fearful,happy,surprised
M12N78.wav, sad,sad,neutral,angry,fearful,happy,surprised
F06H11.wav, sad,sad,neutral,fearful,surprised,angry,happy
M48W01.wav, sad,sad,angry,neutral,fearful,surprised,happy
M44H08.wav, sad,sad,neutral,angry,fearful,happy,surprised
M22N15.wav, neutral,neutral,sad,angry,fearful,happy,surprised
M27N53.wav, sad,sad,neutral,angry,fearful,happy,surprised
F05N41.wav, sad,sad,neutral,fearful,happy,angry,surprised
M27N41.wav, sad,sad,neutral,angry,happy,fearful,surprised
M28A32.wav, sad,sad,neutral,happy,fearful,angry,surprised
M28S16.wav, sad,sad,neutral,happy,angry,fearful,surprised
M25N14.wav, neutral,neutral,sad,happy,angry,fearful,surprised
M32W01.wav, sad,sad,neutral,fearful,surprised,angry,happy
M03N06.wav, sad,sad,neutral,angry,happy,fearful,surprised
F24S20.wav, sad,sad,neutral,angry,fearful,happy,surprised
F24H03.wav, sad,sad,neutral,angry,happy,fearful,surprised
M27N20.wav, sad,sad,neutral,fearful,angry,happy,surprised
F21H12.wav, sad,sad,neutral,fearful,happy,surprised,angry
M12N13.wav, neutral,neutral,sad,angry,happy,fearful,surprised
M03A34.wav, sad,sad,neutral,angry,fearful,happy,surprised
M29A06.wav, sad,sad,neutral,angry,happy,fearful,surprised
M22N31.wav, sad,sad,neutral,fearful,angry,happy,surprised
F24A57.wav, sad,sad,neutral,happy,fearful,angry,surprised
F22H04.wav, sad,sad,neutral,fearful,angry,happy,surprised
M44N20.wav, sad,sad,neutral,angry,fearful,happy,surprised
F21F02.wav, sad,sad,neutral,angry,fearful,happy,surprised
M21H01.wav, sad,sad,neutral,fearful,angry,happy,surprised
M28N16.wav, sad,sad,surprised,neutral,fearful,angry,happy
M38N08.wav, sad,sad,neutral,angry,fearful,happy,surprised
M05A02.wav, sad,sad,neutral,happy,angry,fearful,surprised
M28S07.wav, sad,sad,neutral,fearful,surprised,angry,happy
F07H05.wav, sad,sad,neutral,fearful,happy,surprised,angry
F21W03.wav, sad,sad,angry,neutral,fearful,happy,surprised
M28S14.wav, sad,sad,neutral,angry,fearful,surprised,happy
M36S04.wav, sad,sad,neutral,angry,fearful,surprised,happy
M04N17.wav, neutral,neutral,sad,happy,angry,surprised,fearful
M43A16.wav, sad,sad,neutral,fearful,angry,surprised,happy
F17S07.wav, neutral,neutral,sad,happy,angry,fearful,surprised
M44N04.wav, sad,sad,neutral,fearful,angry,surprised,happy
M09A15.wav, sad,sad,neutral,happy,fearful,angry,surprised
M04A08.wav, neutral,neutral,sad,happy,angry,fearful,surprised
M28S06.wav, sad,sad,neutral,fearful,angry,surprised,happy
M53A04.wav, sad,sad,neutral,angry,fearful,happy,surprised
M02S01.wav, sad,sad,neutral,fearful,angry,happy,surprised
F24H08.wav, sad,sad,neutral,happy,angry,fearful,surprised
M12A24.wav, sad,sad,neutral,angry,fearful,happy,surprised
M12A32.wav, sad,sad,neutral,angry,happy,fearful,surprised
F02A03.wav, sad,sad,neutral,fearful,surprised,happy,angry
F28A18.wav, sad,sad,neutral,fearful,happy,angry,surprised
M12N76.wav, sad,sad,neutral,fearful,angry,happy,surprised
M12N34.wav, neutral,neutral,sad,angry,happy,fearful,surprised
M51N01.wav, sad,sad,neutral,surprised,fearful,angry,happy
M27N15.wav, sad,sad,neutral,happy,angry,fearful,surprised
M25S08.wav, sad,sad,neutral,fearful,surprised,angry,happy
F05N29.wav, sad,sad,neutral,fearful,happy,surprised,angry
F24A54.wav, sad,sad,angry,neutral,fearful,happy,surprised
M30A04.wav, sad,sad,neutral,angry,happy,fearful,surprised
F09H01.wav, sad,sad,neutral,fearful,angry,happy,surprised
F24A35.wav, sad,sad,neutral,fearful,angry,surprised,happy
F09H04.wav, sad,sad,neutral,angry,fearful,happy,surprised
F19N37.wav, sad,sad,neutral,happy,fearful,angry,surprised
M36N03.wav, neutral,neutral,sad,happy,fearful,angry,surprised
M53N03.wav, sad,sad,neutral,angry,happy,fearful,surprised
M12A48.wav, sad,sad,neutral,happy,angry,fearful,surprised
M12A53.wav, sad,sad,neutral,fearful,angry,happy,surprised
F19N32.wav, neutral,neutral,sad,happy,angry,fearful,surprised
M12A37.wav, neutral,neutral,sad,happy,angry,fearful,surprised
F01W02.wav, sad,sad,neutral,angry,surprised,fearful,happy
M27N38.wav, sad,sad,neutral,fearful,angry,surprised,happy
M22N24.wav, sad,sad,neutral,fearful,angry,surprised,happy
M17S01.wav, sad,sad,neutral,fearful,angry,surprised,happy
M41W02.wav, sad,sad,neutral,fearful,surprised,happy,angry
F24S12.wav, neutral,neutral,sad,angry,happy,fearful,surprised
F22A04.wav, sad,sad,neutral,happy,angry,fearful,surprised
F24W05.wav, sad,sad,angry,neutral,fearful,happy,surprised
M12A27.wav, sad,sad,neutral,angry,fearful,happy,surprised
F04A11.wav, sad,sad,neutral,angry,fearful,surprised,happy
M12S04.wav, sad,sad,neutral,angry,happy,fearful,surprised
M06S07.wav, sad,sad,angry,neutral,fearful,happy,surprised
F21N06.wav, sad,sad,neutral,angry,fearful,happy,surprised
M25A48.wav, sad,sad,angry,neutral,happy,fearful,surprised
F24H18.wav, sad,sad,neutral,fearful,angry,surprised,happy
F23A09.wav, sad,sad,angry,neutral,happy,fearful,surprised
F29H01.wav, sad,sad,neutral,fearful,angry,surprised,happy
F03A08.wav, neutral,neutral,sad,angry,happy,fearful,surprised
M21A01.wav, sad,sad,neutral,angry,happy,fearful,surprised
M38N04.wav, sad,sad,neutral,happy,fearful,angry,surprised
M55N03.wav, sad,sad,neutral,angry,fearful,happy,surprised
F03A07.wav, sad,sad,neutral,angry,fearful,happy,surprised
F21S39.wav, sad,sad,neutral,happy,angry,fearful,surprised
F21H01.wav, sad,sad,neutral,angry,fearful,surprised,happy
F12N05.wav, sad,sad,neutral,angry,fearful,happy,surprised
M28A36.wav, sad,sad,neutral,angry,fearful,happy,surprised
M04A10.wav, sad,sad,neutral,happy,fearful,angry,surprised
M13H03.wav, sad,sad,neutral,fearful,angry,happy,surprised
M09A12.wav, sad,sad,neutral,fearful,angry,happy,surprised
M42A03.wav, sad,sad,angry,neutral,fearful,happy,surprised
M12N35.wav, neutral,neutral,sad,angry,happy,surprised,fearful
F21A49.wav, sad,sad,neutral,happy,angry,fearful,surprised
F03N04.wav, sad,sad,angry,neutral,happy,fearful,surprised
M22N29.wav, sad,sad,neutral,fearful,surprised,angry,happy
M28N14.wav, sad,sad,neutral,angry,fearful,happy,surprised
F24H09.wav, sad,sad,neutral,angry,fearful,happy,surprised
M27W01.wav, sad,sad,neutral,angry,fearful,surprised,happy
F10A16.wav, sad,sad,neutral,happy,angry,fearful,surprised
M18S01.wav, sad,sad,neutral,angry,happy,fearful,surprised
M31N13.wav, sad,sad,neutral,fearful,angry,happy,surprised
M38N11.wav, sad,sad,angry,neutral,happy,fearful,surprised
M05W02.wav, sad,sad,neutral,fearful,angry,surprised,happy
M50A02.wav, sad,sad,neutral,angry,fearful,surprised,happy
M24S02.wav, sad,sad,neutral,angry,fearful,happy,surprised
M04N37.wav, neutral,neutral,sad,angry,happy,fearful,surprised
M04N49.wav, neutral,neutral,sad,happy,angry,fearful,surprised
M25A51.wav, sad,sad,neutral,angry,happy,fearful,surprised
M40N15.wav, sad,sad,neutral,fearful,angry,happy,surprised
F07A19.wav, sad,sad,neutral,happy,angry,fearful,surprised
M53A11.wav, sad,sad,neutral,angry,fearful,surprised,happy
F07A40.wav, sad,sad,neutral,fearful,angry,surprised,happy
M24S01.wav, sad,sad,neutral,angry,fearful,surprised,happy
F05N37.wav, sad,sad,neutral,happy,fearful,angry,surprised
M26A31.wav, sad,sad,neutral,angry,happy,fearful,surprised
M48N02.wav, sad,sad,neutral,surprised,fearful,angry,happy
M12A12.wav, sad,sad,neutral,angry,fearful,happy,surprised
M41W03.wav, sad,sad,angry,neutral,happy,fearful,surprised
F22A09.wav, sad,sad,neutral,happy,fearful,angry,surprised
F24W03.wav, sad,sad,neutral,angry,fearful,happy,surprised
M26A12.wav, sad,sad,neutral,angry,fearful,surprised,happy
M39H01.wav, sad,sad,neutral,happy,fearful,surprised,angry
M04N34.wav, sad,sad,neutral,happy,angry,fearful,surprised
M44F01.wav, sad,sad,neutral,fearful,surprised,happy,angry
M20N01.wav, sad,sad,neutral,angry,fearful,happy,surprised
F10A05.wav, sad,sad,neutral,fearful,happy,angry,surprised
M31A02.wav, sad,sad,neutral,fearful,angry,happy,surprised
M25A19.wav, sad,sad,neutral,angry,happy,fearful,surprised
M12N82.wav, sad,sad,neutral,angry,happy,fearful,surprised
F13W03.wav, sad,sad,neutral,surprised,angry,fearful,happy
M04N08.wav, neutral,neutral,sad,angry,happy,surprised,fearful
F07S35.wav, sad,sad,neutral,angry,fearful,happy,surprised
F30S01.wav, neutral,neutral,sad,angry,happy,fearful,surprised
M37N12.wav, neutral,neutral,sad,angry,happy,fearful,surprised
M27N10.wav, sad,sad,neutral,fearful,angry,surprised,happy
F05N09.wav, sad,sad,neutral,fearful,happy,surprised,angry
M12A69.wav, sad,sad,neutral,fearful,angry,happy,surprised
M03S01.wav, sad,sad,angry,fearful,surprised,neutral,happy
F07S34.wav, sad,sad,neutral,fearful,angry,happy,surprised
F21A56.wav, sad,sad,neutral,fearful,angry,surprised,happy
M40N26.wav, neutral,neutral,sad,angry,happy,fearful,surprised
M34A03.wav, sad,sad,neutral,angry,fearful,happy,surprised
F04A10.wav, sad,sad,neutral,fearful,happy,angry,surprised
M25A34.wav, sad,sad,neutral,angry,happy,fearful,surprised
M04N13.wav, sad,sad,neutral,happy,fearful,angry,surprised
F11N08.wav, sad,sad,neutral,surprised,fearful,angry,happy
F31A11.wav, sad,sad,neutral,fearful,happy,angry,surprised
F22A02.wav, sad,sad,neutral,fearful,angry,surprised,happy
M04N76.wav, sad,sad,neutral,fearful,happy,angry,surprised
M21N04.wav, sad,sad,neutral,angry,fearful,happy,surprised
F01S18.wav, sad,sad,neutral,fearful,angry,surprised,happy
M46A06.wav, sad,sad,neutral,fearful,happy,angry,surprised
M17A01.wav, sad,sad,neutral,angry,happy,fearful,surprised
F09A09.wav, sad,sad,neutral,fearful,surprised,angry,happy
M12N79.wav, sad,sad,neutral,angry,fearful,happy,surprised
M18N08.wav, sad,sad,neutral,angry,happy,fearful,surprised
F21A39.wav, sad,sad,neutral,angry,happy,fearful,surprised
M10A02.wav, sad,sad,neutral,fearful,angry,surprised,happy
M02N14.wav, sad,sad,neutral,angry,happy,fearful,surprised
M40N23.wav, sad,sad,neutral,happy,angry,fearful,surprised
F24A20.wav, sad,sad,neutral,angry,fearful,surprised,happy
F17W01.wav, sad,sad,angry,fearful,surprised,happy,neutral
M28N12.wav, sad,sad,neutral,angry,fearful,happy,surprised
F22A08.wav, sad,sad,neutral,angry,fearful,happy,surprised
M20W02.wav, sad,sad,angry,surprised,neutral,fearful,happy
M16A20.wav, sad,sad,neutral,angry,fearful,happy,surprised
M37N08.wav, sad,sad,neutral,angry,fearful,happy,surprised
F21A36.wav, sad,sad,neutral,fearful,angry,happy,surprised
F31A10.wav, sad,sad,neutral,fearful,happy,angry,surprised
M12S03.wav, sad,sad,neutral,angry,fearful,surprised,happy
M12A01.wav, sad,sad,angry,neutral,fearful,happy,surprised
M12N86.wav, sad,sad,neutral,angry,happy,fearful,surprised
F19N31.wav, sad,sad,neutral,happy,fearful,angry,surprised
F23N03.wav, sad,sad,neutral,angry,fearful,happy,surprised
F10N01.wav, sad,sad,neutral,angry,happy,fearful,surprised
F24S08.wav, sad,sad,neutral,fearful,angry,happy,surprised
F01N05.wav, sad,sad,neutral,fearful,angry,surprised,happy
M25A63.wav, sad,sad,neutral,angry,fearful,happy,surprised
M25H03.wav, sad,sad,neutral,fearful,angry,happy,surprised
F23H05.wav, sad,sad,angry,neutral,fearful,happy,surprised
M49N01.wav, sad,sad,neutral,angry,fearful,happy,surprised
F11W01.wav, sad,sad,angry,neutral,fearful,happy,surprised
F21N21.wav, sad,sad,neutral,angry,fearful,happy,surprised
M47S01.wav, sad,sad,neutral,fearful,happy,angry,surprised
F19N26.wav, neutral,neutral,sad,happy,angry,fearful,surprised
M03A06.wav, sad,sad,angry,neutral,fearful,happy,surprised
F19N38.wav, neutral,neutral,sad,happy,angry,fearful,surprised
F21A42.wav, sad,sad,neutral,angry,fearful,happy,surprised
F12A11.wav, sad,sad,neutral,angry,happy,fearful,surprised
F14N06.wav, sad,sad,neutral,angry,happy,fearful,surprised
M04N66.wav, neutral,neutral,sad,happy,fearful,angry,surprised
F07A34.wav, sad,sad,neutral,happy,fearful,angry,surprised
M52N01.wav, sad,sad,neutral,fearful,happy,angry,surprised
M53A06.wav, sad,sad,neutral,angry,fearful,happy,surprised
M17N08.wav, sad,sad,neutral,fearful,happy,angry,surprised
F01A01.wav, sad,sad,neutral,angry,fearful,happy,surprised
F07S26.wav, sad,sad,neutral,fearful,surprised,angry,happy
M22N23.wav, sad,sad,neutral,fearful,angry,surprised,happy
M47N08.wav, sad,sad,neutral,angry,fearful,happy,surprised
M52N02.wav, neutral,neutral,sad,happy,fearful,angry,surprised
M02A16.wav, sad,sad,angry,neutral,fearful,happy,surprised
M16A18.wav, sad,sad,neutral,fearful,happy,angry,surprised
F24H24.wav, sad,sad,neutral,angry,happy,fearful,surprised
M27N14.wav, neutral,neutral,sad,happy,angry,fearful,surprised
M03H01.wav, sad,sad,neutral,angry,fearful,happy,surprised
M15A07.wav, sad,sad,neutral,angry,happy,fearful,surprised
F21A15.wav, sad,sad,neutral,angry,fearful,happy,surprised
M26N01.wav, sad,sad,neutral,angry,fearful,happy,surprised
M40N41.wav, sad,sad,neutral,fearful,happy,angry,surprised
M40N42.wav, neutral,neutral,sad,happy,angry,fearful,surprised
M27N09.wav, sad,sad,neutral,fearful,angry,surprised,happy
F24S19.wav, sad,sad,angry,neutral,fearful,happy,surprised
M28A24.wav, sad,sad,neutral,angry,fearful,surprised,happy
M40N37.wav, sad,sad,neutral,fearful,surprised,angry,happy
M03W08.wav, sad,sad,neutral,fearful,angry,happy,surprised
M31N02.wav, sad,sad,neutral,surprised,fearful,angry,happy
F11S02.wav, sad,sad,neutral,fearful,surprised,happy,angry
M29A07.wav, sad,sad,neutral,angry,fearful,surprised,happy
M03A14.wav, sad,sad,angry,neutral,happy,fearful,surprised
F07A63.wav, sad,sad,angry,neutral,happy,fearful,surprised
M03A12.wav, sad,sad,neutral,fearful,angry,happy,surprised
F21W16.wav, sad,sad,angry,neutral,fearful,surprised,happy
F12N11.wav, sad,sad,neutral,surprised,angry,fearful,happy
F21A46.wav, sad,sad,neutral,angry,fearful,happy,surprised
F21S06.wav, sad,sad,angry,neutral,fearful,surprised,happy
F03S06.wav, sad,sad,neutral,angry,fearful,happy,surprised
M47N23.wav, sad,sad,neutral,fearful,angry,surprised,happy
F22H03.wav, sad,sad,neutral,fearful,surprised,angry,happy
M36S02.wav, sad,sad,neutral,fearful,angry,happy,surprised
F17S04.wav, sad,sad,neutral,fearful,angry,happy,surprised
M16A02.wav, sad,sad,neutral,angry,happy,fearful,surprised
F21S25.wav, sad,sad,neutral,happy,fearful,surprised,angry
F09S19.wav, sad,sad,neutral,angry,fearful,happy,surprised
M50A09.wav, sad,sad,neutral,angry,fearful,happy,surprised
M26A32.wav, sad,sad,neutral,angry,fearful,happy,surprised
M53A03.wav, sad,sad,neutral,fearful,angry,happy,surprised
M56N05.wav, sad,sad,neutral,fearful,happy,angry,surprised
M28A31.wav, neutral,neutral,sad,angry,happy,fearful,surprised
F30H01.wav, sad,sad,neutral,fearful,happy,angry,surprised
M53N12.wav, sad,sad,neutral,angry,fearful,happy,surprised
M12N43.wav, sad,sad,neutral,fearful,happy,angry,surprised
F19N02.wav, neutral,neutral,sad,angry,happy,surprised,fearful
M22A06.wav, sad,sad,neutral,happy,fearful,angry,surprised
F07S11.wav, sad,sad,neutral,angry,happy,fearful,surprised
M03A32.wav, sad,sad,neutral,happy,angry,fearful,surprised
F02A02.wav, sad,sad,neutral,angry,happy,fearful,surprised
F04A05.wav, sad,sad,neutral,angry,fearful,surprised,happy
F29W01.wav, sad,sad,neutral,fearful,angry,surprised,happy
M40N08.wav, neutral,neutral,sad,angry,happy,surprised,fearful
F24W09.wav, sad,sad,angry,neutral,fearful,surprised,happy
M26A26.wav, sad,sad,neutral,angry,fearful,surprised,happy
M40N40.wav, sad,sad,neutral,happy,fearful,angry,surprised
M04H01.wav, sad,sad,neutral,angry,happy,fearful,surprised
M28H03.wav, sad,sad,neutral,surprised,fearful,angry,happy
M28N04.wav, sad,sad,angry,neutral,fearful,happy,surprised
F09N01.wav, sad,sad,neutral,angry,surprised,fearful,happy
F30N02.wav, sad,sad,neutral,angry,fearful,happy,surprised
M03W07.wav, sad,sad,neutral,fearful,angry,happy,surprised
M04N09.wav, neutral,neutral,sad,happy,angry,fearful,surprised
M04S08.wav, neutral,neutral,sad,happy,fearful,angry,surprised
F07S36.wav, neutral,neutral,sad,happy,angry,fearful,surprised
M44N11.wav, sad,sad,neutral,angry,happy,fearful,surprised
M02A25.wav, sad,sad,neutral,angry,happy,fearful,surprised
M12A34.wav, sad,sad,neutral,angry,fearful,happy,surprised
M20N08.wav, sad,sad,neutral,angry,fearful,happy,surprised
M04N15.wav, neutral,neutral,sad,happy,angry,fearful,surprised
F19N12.wav, sad,sad,neutral,happy,angry,fearful,surprised
M25A10.wav, sad,sad,neutral,angry,happy,fearful,surprised
F03H02.wav, sad,sad,neutral,happy,angry,fearful,surprised
M01N01.wav, sad,sad,neutral,angry,happy,fearful,surprised
M07H01.wav, sad,sad,neutral,angry,happy,fearful,surprised
F10A60.wav, sad,sad,neutral,fearful,happy,angry,surprised
M22S02.wav, sad,sad,neutral,angry,happy,fearful,surprised
M37N10.wav, sad,sad,neutral,fearful,angry,surprised,happy
F06S09.wav, sad,sad,neutral,angry,fearful,happy,surprised
F07H03.wav, sad,sad,neutral,fearful,angry,surprised,happy
M25S03.wav, sad,sad,neutral,fearful,surprised,angry,happy
M47N16.wav, sad,sad,neutral,fearful,angry,surprised,happy
M37N15.wav, sad,sad,neutral,angry,fearful,happy,surprised
M25S10.wav, sad,sad,neutral,angry,fearful,surprised,happy
M29A12.wav, sad,sad,neutral,fearful,angry,happy,surprised
F02S07.wav, sad,sad,neutral,fearful,angry,happy,surprised
F01S01.wav, sad,sad,neutral,angry,happy,fearful,surprised
F01S07.wav, sad,sad,neutral,angry,fearful,happy,surprised
M53A12.wav, neutral,neutral,sad,angry,happy,fearful,surprised
M05S14.wav, sad,sad,neutral,fearful,angry,happy,surprised
F21A18.wav, sad,sad,neutral,happy,angry,fearful,surprised
M44N07.wav, sad,sad,neutral,fearful,happy,angry,surprised
M12S09.wav, sad,sad,neutral,angry,happy,fearful,surprised
M35W01.wav, sad,sad,neutral,surprised,fearful,angry,happy
M29A14.wav, sad,sad,neutral,fearful,angry,happy,surprised
M12N09.wav, sad,sad,neutral,angry,happy,fearful,surprised
F01S03.wav, sad,sad,neutral,angry,happy,fearful,surprised
F03A03.wav, sad,sad,angry,neutral,fearful,happy,surprised
M26N07.wav, neutral,neutral,sad,happy,angry,fearful,surprised
F22A06.wav, sad,sad,neutral,fearful,happy,angry,surprised
F21N20.wav, sad,sad,neutral,angry,fearful,happy,surprised
F05N18.wav, sad,sad,neutral,fearful,happy,surprised,angry
F21N24.wav, sad,sad,neutral,happy,fearful,angry,surprised
F20W06.wav, sad,sad,angry,fearful,surprised,neutral,happy
M43W04.wav, sad,sad,angry,fearful,neutral,happy,surprised
M26A20.wav, sad,sad,neutral,angry,fearful,surprised,happy
F23A03.wav, sad,sad,neutral,angry,fearful,happy,surprised
F24A31.wav, sad,sad,neutral,angry,fearful,surprised,happy
M21A02.wav, sad,sad,neutral,angry,happy,fearful,surprised
M28A37.wav, sad,sad,angry,fearful,neutral,happy,surprised
F22N01.wav, sad,sad,neutral,angry,happy,fearful,surprised
F07S07.wav, sad,sad,neutral,angry,fearful,happy,surprised
M16A23.wav, sad,sad,angry,happy,neutral,fearful,surprised
M06N04.wav, sad,sad,angry,neutral,fearful,surprised,happy
F20W02.wav, sad,sad,angry,neutral,happy,fearful,surprised
M05S03.wav, sad,sad,neutral,angry,fearful,surprised,happy
M28A46.wav, sad,sad,neutral,angry,happy,fearful,surprised
M04N07.wav, sad,sad,neutral,happy,fearful,angry,surprised
M04N42.wav, sad,sad,neutral,angry,happy,fearful,surprised
M51N17.wav, sad,sad,neutral,angry,fearful,surprised,happy
M22N04.wav, sad,sad,neutral,angry,fearful,surprised,happy
F21W25.wav, sad,sad,neutral,angry,fearful,surprised,happy
F24S13.wav, sad,sad,neutral,fearful,angry,happy,surprised
F23S04.wav, neutral,neutral,sad,angry,happy,fearful,surprised
F23H03.wav, neutral,neutral,sad,angry,happy,fearful,surprised
F22W03.wav, sad,sad,fearful,angry,surprised,neutral,happy
F07S08.wav, neutral,neutral,sad,happy,angry,fearful,surprised
M22N26.wav, sad,sad,neutral,fearful,angry,surprised,happy
M04N30.wav, neutral,neutral,sad,angry,happy,fearful,surprised
F28A15.wav, sad,sad,neutral,fearful,angry,happy,surprised
F02H02.wav, sad,sad,neutral,angry,fearful,happy,surprised
M26A24.wav, sad,sad,neutral,angry,happy,fearful,surprised
M06N02.wav, sad,sad,neutral,angry,happy,fearful,surprised
F14W01.wav, sad,sad,neutral,angry,happy,fearful,surprised
M40N28.wav, neutral,neutral,sad,angry,fearful,happy,surprised
M34H05.wav, sad,sad,neutral,angry,fearful,happy,surprised
F03W03.wav, sad,sad,angry,fearful,neutral,happy,surprised
M12A33.wav, sad,sad,neutral,angry,happy,fearful,surprised
M28N17.wav, sad,sad,surprised,fearful,angry,neutral,happy
F02S02.wav, neutral,neutral,sad,angry,happy,fearful,surprised
M16A07.wav, sad,sad,neutral,angry,fearful,happy,surprised
M12A23.wav, sad,sad,neutral,angry,happy,fearful,surprised
F24S10.wav, sad,sad,neutral,happy,angry,fearful,surprised
F09S14.wav, sad,sad,neutral,angry,fearful,happy,surprised
M19A05.wav, sad,sad,neutral,happy,fearful,angry,surprised
M05N03.wav, sad,sad,neutral,angry,fearful,happy,surprised
M53N01.wav, neutral,neutral,sad,happy,angry,fearful,surprised
F21W21.wav, sad,sad,neutral,happy,angry,fearful,surprised
F21N14.wav, sad,sad,neutral,fearful,surprised,happy,angry
M11H05.wav, neutral,neutral,sad,angry,happy,fearful,surprised
F23A16.wav, sad,sad,neutral,angry,fearful,happy,surprised
M31A01.wav, sad,sad,neutral,fearful,angry,surprised,happy
F10A18.wav, sad,sad,neutral,happy,angry,fearful,surprised
F20N04.wav, sad,sad,neutral,angry,fearful,happy,surprised
M03A38.wav, sad,sad,neutral,fearful,angry,happy,surprised
M15A11.wav, sad,sad,neutral,fearful,angry,happy,surprised
M11N03.wav, neutral,neutral,sad,happy,angry,fearful,surprised
M03W06.wav, sad,sad,surprised,neutral,fearful,angry,happy
M53A18.wav, sad,sad,neutral,fearful,surprised,angry,happy
F07S03.wav, sad,sad,angry,neutral,fearful,happy,surprised
M27N60.wav, sad,sad,neutral,fearful,angry,happy,surprised
M50N02.wav, sad,sad,neutral,angry,happy,fearful,surprised
F24A02.wav, sad,sad,neutral,fearful,angry,surprised,happy
F21S05.wav, sad,sad,neutral,angry,fearful,surprised,happy
M03A33.wav, sad,sad,neutral,angry,happy,fearful,surprised
M28A44.wav, sad,sad,neutral,fearful,angry,surprised,happy
F05N08.wav, sad,sad,neutral,happy,fearful,angry,surprised
F24S16.wav, sad,sad,neutral,angry,happy,fearful,surprised
F19N15.wav, sad,sad,neutral,angry,happy,fearful,surprised
M15A05.wav, sad,sad,neutral,fearful,happy,angry,surprised
F07S31.wav, sad,sad,neutral,fearful,happy,angry,surprised
M12A49.wav, sad,sad,neutral,angry,fearful,happy,surprised
M51S02.wav, sad,sad,neutral,surprised,fearful,angry,happy
F12N13.wav, sad,sad,neutral,angry,happy,fearful,surprised
M40N12.wav, sad,sad,neutral,angry,fearful,surprised,happy
M05H01.wav, sad,sad,angry,neutral,fearful,surprised,happy
F21A12.wav, sad,sad,neutral,angry,fearful,happy,surprised
M49N02.wav, sad,sad,neutral,fearful,angry,surprised,happy
M56N01.wav, sad,sad,neutral,happy,fearful,angry,surprised
F01S19.wav, sad,sad,neutral,fearful,surprised,happy,angry
M07N04.wav, sad,sad,neutral,angry,happy,fearful,surprised
F12N06.wav, sad,sad,neutral,fearful,angry,happy,surprised
M04N06.wav, neutral,neutral,sad,happy,angry,fearful,surprised
F21N07.wav, sad,sad,neutral,angry,happy,fearful,surprised
M29N03.wav, sad,sad,neutral,angry,fearful,happy,surprised
M14N02.wav, sad,sad,neutral,angry,fearful,happy,surprised
F22S10.wav, sad,sad,neutral,fearful,surprised,angry,happy
M28A26.wav, sad,sad,neutral,angry,fearful,happy,surprised
M12N05.wav, neutral,neutral,sad,angry,happy,fearful,surprised
M28A14.wav, sad,sad,neutral,happy,angry,fearful,surprised
M47A20.wav, sad,sad,neutral,angry,fearful,happy,surprised
M05W01.wav, sad,sad,angry,fearful,neutral,surprised,happy
F07A31.wav, sad,sad,neutral,happy,angry,fearful,surprised
M03A27.wav, sad,sad,neutral,happy,angry,fearful,surprised
M21W03.wav, sad,sad,neutral,angry,fearful,happy,surprised
M28H02.wav, sad,sad,neutral,fearful,surprised,angry,happy
M16H06.wav, sad,sad,neutral,fearful,surprised,angry,happy
M32S04.wav, sad,sad,neutral,fearful,surprised,angry,happy
M29N04.wav, sad,sad,neutral,fearful,surprised,angry,happy
M50A06.wav, sad,sad,neutral,angry,fearful,happy,surprised
M26A27.wav, sad,sad,neutral,angry,happy,fearful,surprised
F07S14.wav, sad,sad,neutral,angry,fearful,happy,surprised
M13H02.wav, sad,sad,neutral,angry,fearful,happy,surprised
F27A01.wav, sad,sad,neutral,angry,fearful,happy,surprised
F16F01.wav, sad,sad,neutral,angry,happy,fearful,surprised
M12N75.wav, sad,sad,neutral,angry,happy,fearful,surprised
M25A32.wav, sad,sad,neutral,angry,fearful,surprised,happy
M44W03.wav, sad,sad,neutral,angry,fearful,happy,surprised
M04N73.wav, sad,sad,neutral,fearful,angry,happy,surprised
M55A02.wav, sad,sad,neutral,happy,fearful,angry,surprised
M25A21.wav, sad,sad,neutral,angry,happy,fearful,surprised
M05N13.wav, sad,sad,neutral,happy,fearful,angry,surprised
M09A09.wav, sad,sad,neutral,angry,happy,fearful,surprised
M05N05.wav, sad,sad,neutral,fearful,surprised,angry,happy
F06S04.wav, sad,sad,neutral,fearful,happy,surprised,angry
M42A02.wav, sad,sad,neutral,angry,happy,fearful,surprised
F24A58.wav, sad,sad,neutral,angry,fearful,surprised,happy
M38N01.wav, neutral,neutral,sad,angry,happy,fearful,surprised
F01S21.wav, sad,sad,neutral,fearful,surprised,angry,happy
F06H08.wav, sad,sad,neutral,fearful,surprised,angry,happy
F07H09.wav, sad,sad,neutral,fearful,surprised,angry,happy
F20H04.wav, neutral,neutral,sad,angry,happy,fearful,surprised
F21A28.wav, sad,sad,neutral,happy,fearful,angry,surprised
F07A23.wav, sad,sad,neutral,happy,angry,fearful,surprised
F16S04.wav, sad,sad,neutral,angry,fearful,happy,surprised
M19S02.wav, sad,sad,neutral,angry,fearful,happy,surprised
M46N08.wav, sad,sad,neutral,fearful,surprised,angry,happy
M42A11.wav, sad,sad,neutral,angry,happy,fearful,surprised
M05A10.wav, sad,sad,neutral,angry,happy,fearful,surprised
F24H21.wav, sad,sad,angry,neutral,fearful,surprised,happy
M09A01.wav, sad,sad,neutral,angry,happy,fearful,surprised
F01S14.wav, sad,sad,neutral,angry,fearful,happy,surprised
M27N26.wav, sad,sad,neutral,angry,happy,fearful,surprised
F21S37.wav, sad,sad,neutral,fearful,happy,angry,surprised
M43H03.wav, sad,sad,neutral,happy,angry,fearful,surprised
M12N30.wav, sad,sad,neutral,angry,fearful,happy,surprised
M25A01.wav, sad,sad,neutral,angry,happy,fearful,surprised
F19S02.wav, sad,sad,neutral,angry,fearful,surprised,happy
M25A47.wav, sad,sad,neutral,angry,happy,fearful,surprised
M03S06.wav, sad,sad,neutral,fearful,surprised,angry,happy
M04N70.wav, sad,sad,neutral,fearful,angry,happy,surprised
M03A35.wav, sad,sad,neutral,happy,fearful,angry,surprised
M40N51.wav, sad,sad,neutral,fearful,happy,surprised,angry
M30N01.wav, sad,sad,angry,neutral,fearful,happy,surprised
M03W05.wav, sad,sad,angry,neutral,fearful,happy,surprised
M42A07.wav, neutral,neutral,sad,angry,happy,fearful,surprised
M54N02.wav, sad,sad,neutral,angry,fearful,happy,surprised
F10A27.wav, sad,sad,neutral,angry,happy,fearful,surprised
F23S02.wav, sad,sad,neutral,fearful,angry,happy,surprised
M53N08.wav, sad,sad,neutral,angry,fearful,happy,surprised
M02N16.wav, sad,sad,neutral,happy,fearful,angry,surprised
F31A04.wav, sad,sad,neutral,angry,happy,fearful,surprised
F03S02.wav, sad,sad,neutral,angry,fearful,surprised,happy
M25S12.wav, neutral,neutral,sad,happy,angry,fearful,surprised
M40N34.wav, sad,sad,neutral,angry,fearful,happy,surprised
M12N68.wav, sad,sad,neutral,angry,happy,fearful,surprised
F21N25.wav, neutral,neutral,sad,angry,happy,fearful,surprised
M26A19.wav, sad,sad,neutral,angry,happy,fearful,surprised
M04N74.wav, sad,sad,neutral,angry,fearful,happy,surprised
M40S03.wav, neutral,neutral,sad,happy,angry,fearful,surprised
M02A18.wav, sad,sad,neutral,happy,angry,fearful,surprised
F21W08.wav, sad,sad,neutral,angry,happy,fearful,surprised
M48A03.wav, sad,sad,neutral,angry,fearful,happy,surprised
F24A27.wav, sad,sad,neutral,happy,angry,fearful,surprised
M31N06.wav, sad,sad,neutral,fearful,surprised,happy,angry
M29N01.wav, sad,sad,neutral,angry,happy,fearful,surprised
F29N08.wav, sad,sad,neutral,fearful,surprised,angry,happy
F01N07.wav, sad,sad,neutral,fearful,angry,surprised,happy
F09W03.wav, sad,sad,surprised,fearful,neutral,angry,happy
F27A03.wav, sad,sad,neutral,fearful,happy,angry,surprised
M47A03.wav, sad,sad,neutral,happy,angry,fearful,surprised
F30S07.wav, sad,sad,neutral,fearful,happy,angry,surprised
M32N02.wav, sad,sad,surprised,neutral,fearful,angry,happy
F07S25.wav, sad,sad,neutral,surprised,fearful,angry,happy
F07N07.wav, sad,sad,neutral,angry,fearful,happy,surprised
M27N23.wav, sad,sad,neutral,fearful,happy,angry,surprised
M48N07.wav, sad,sad,neutral,fearful,angry,happy,surprised
M03A30.wav, sad,sad,neutral,happy,fearful,angry,surprised
M27N12.wav, sad,sad,neutral,fearful,angry,surprised,happy
M29A16.wav, sad,sad,neutral,fearful,angry,happy,surprised
M40N27.wav, neutral,neutral,sad,happy,angry,fearful,surprised
F10A52.wav, sad,sad,neutral,angry,fearful,happy,surprised
M27N52.wav, sad,sad,neutral,fearful,happy,angry,surprised
F21S33.wav, sad,sad,neutral,fearful,surprised,angry,happy
M02H02.wav, sad,sad,neutral,angry,happy,fearful,surprised
M25S05.wav, sad,sad,neutral,fearful,surprised,angry,happy
F07N11.wav, sad,sad,neutral,fearful,surprised,angry,happy
F10A17.wav, sad,sad,neutral,fearful,angry,happy,surprised
F01F01.wav, sad,sad,neutral,happy,angry,fearful,surprised
M18N10.wav, sad,sad,neutral,happy,angry,fearful,surprised
F13A05.wav, sad,sad,neutral,fearful,angry,happy,surprised
M44N01.wav, neutral,neutral,sad,happy,angry,fearful,surprised
F21N10.wav, sad,sad,neutral,fearful,surprised,angry,happy
F07A25.wav, sad,sad,neutral,happy,angry,fearful,surprised
M17N05.wav, neutral,neutral,sad,happy,angry,fearful,surprised
M25N15.wav, sad,sad,neutral,surprised,happy,angry,fearful
M53S01.wav, sad,sad,neutral,angry,happy,fearful,surprised
M43A01.wav, neutral,neutral,sad,angry,happy,fearful,surprised
F03W06.wav, sad,sad,neutral,angry,fearful,happy,surprised
M08N02.wav, sad,sad,neutral,surprised,fearful,angry,happy
M12N36.wav, neutral,neutral,sad,angry,happy,fearful,surprised
M06N05.wav, neutral,neutral,sad,angry,happy,fearful,surprised
M47A19.wav, neutral,neutral,sad,angry,happy,fearful,surprised
M44N23.wav, neutral,neutral,sad,angry,happy,fearful,surprised
M41W05.wav, sad,sad,neutral,angry,happy,fearful,surprised
M03S02.wav, sad,sad,neutral,angry,fearful,surprised,happy
F26N01.wav, sad,sad,neutral,fearful,happy,angry,surprised
M22N25.wav, sad,sad,angry,fearful,neutral,surprised,happy
M04A05.wav, sad,sad,neutral,fearful,happy,angry,surprised
F21A07.wav, sad,sad,neutral,fearful,happy,angry,surprised
F24W14.wav, sad,sad,angry,neutral,fearful,surprised,happy
F03W05.wav, sad,sad,angry,neutral,happy,fearful,surprised
F24H25.wav, sad,sad,angry,neutral,fearful,surprised,happy
F09F02.wav, sad,sad,neutral,fearful,angry,surprised,happy
F10A33.wav, sad,sad,neutral,fearful,happy,angry,surprised
M48N03.wav, sad,sad,neutral,fearful,angry,happy,surprised
M03A15.wav, sad,sad,neutral,angry,happy,fearful,surprised
F24A19.wav, sad,sad,neutral,angry,fearful,surprised,happy
M53A15.wav, sad,sad,angry,fearful,neutral,surprised,happy
M22N28.wav, sad,sad,neutral,angry,fearful,happy,surprised
F17S05.wav, sad,sad,neutral,fearful,angry,happy,surprised
F21A01.wav, sad,sad,neutral,happy,angry,fearful,surprised
F10A55.wav, sad,sad,neutral,angry,fearful,happy,surprised
F07S02.wav, sad,sad,angry,neutral,fearful,happy,surprised
M27N33.wav, sad,sad,neutral,fearful,angry,happy,surprised
F21S21.wav, sad,sad,neutral,fearful,surprised,angry,happy
M03A42.wav, sad,sad,neutral,happy,fearful,angry,surprised
M28A20.wav, sad,sad,neutral,angry,happy,fearful,surprised
M32A01.wav, sad,sad,neutral,fearful,surprised,angry,happy
F22S05.wav, sad,sad,neutral,fearful,angry,surprised,happy
M03S05.wav, sad,sad,neutral,fearful,happy,angry,surprised
M12W08.wav, sad,sad,neutral,surprised,fearful,happy,angry
M51N21.wav, sad,sad,neutral,fearful,angry,surprised,happy
M54S01.wav, sad,sad,neutral,angry,fearful,surprised,happy
M28A22.wav, sad,sad,neutral,happy,angry,fearful,surprised
M09A19.wav, sad,sad,neutral,angry,happy,fearful,surprised
M03A20.wav, sad,sad,neutral,angry,fearful,happy,surprised
M04A12.wav, sad,sad,neutral,fearful,surprised,happy,angry
M26A34.wav, sad,sad,neutral,angry,fearful,happy,surprised
M04N43.wav, sad,sad,neutral,happy,angry,fearful,surprised
M05S02.wav, neutral,neutral,sad,angry,happy,fearful,surprised
F11N06.wav, sad,sad,neutral,surprised,fearful,angry,happy
M25N09.wav, neutral,neutral,sad,happy,fearful,surprised,angry
F22H02.wav, sad,sad,neutral,angry,happy,fearful,surprised
F21S20.wav, sad,sad,neutral,fearful,angry,surprised,happy
M04N11.wav, sad,sad,neutral,happy,angry,fearful,surprised
M12W02.wav, sad,sad,neutral,surprised,fearful,angry,happy
F01S20.wav, sad,sad,neutral,fearful,surprised,angry,happy
M48N01.wav, sad,sad,surprised,fearful,neutral,angry,happy
F10W02.wav, sad,sad,neutral,angry,fearful,happy,surprised
F26F01.wav, sad,sad,neutral,angry,happy,fearful,surprised
F05N22.wav, sad,sad,neutral,fearful,happy,angry,surprised
F13A03.wav, sad,sad,neutral,fearful,angry,happy,surprised
M26A33.wav, sad,sad,angry,neutral,happy,fearful,surprised
M12A19.wav, sad,sad,neutral,angry,happy,fearful,surprised
F19N11.wav, neutral,neutral,sad,angry,happy,fearful,surprised
F04N01.wav, sad,sad,neutral,angry,fearful,happy,surprised
M36S03.wav, neutral,neutral,sad,angry,happy,fearful,surprised
M04N59.wav, neutral,neutral,sad,happy,angry,fearful,surprised
F19S04.wav, sad,sad,neutral,happy,fearful,angry,surprised
F07S09.wav, sad,sad,neutral,angry,fearful,happy,surprised
M09A21.wav, neutral,neutral,sad,angry,happy,fearful,surprised
M43A14.wav, sad,sad,neutral,angry,happy,fearful,surprised
F07A52.wav, sad,sad,neutral,angry,fearful,happy,surprised
F05S01.wav, sad,sad,neutral,fearful,angry,happy,surprised
M43A04.wav, sad,sad,neutral,angry,happy,fearful,surprised
M25A28.wav, neutral,neutral,sad,happy,angry,surprised,fearful
F25A07.wav, sad,sad,neutral,angry,happy,fearful,surprised
F25N03.wav, sad,sad,neutral,fearful,angry,happy,surprised
M12N26.wav, sad,sad,neutral,happy,fearful,surprised,angry
M25N20.wav, sad,sad,neutral,fearful,angry,happy,surprised
F07S43.wav, sad,sad,neutral,fearful,angry,surprised,happy
M27N35.wav, sad,sad,neutral,fearful,happy,angry,surprised
F05S02.wav, neutral,neutral,sad,happy,angry,fearful,surprised
M43A18.wav, sad,sad,neutral,angry,happy,fearful,surprised
M16A14.wav, sad,sad,neutral,angry,happy,fearful,surprised
F07A02.wav, sad,sad,neutral,angry,fearful,happy,surprised
F24A48.wav, sad,sad,neutral,fearful,angry,happy,surprised
M44W01.wav, sad,sad,neutral,angry,happy,fearful,surprised
M53N07.wav, sad,sad,neutral,surprised,fearful,angry,happy
F24A22.wav, sad,sad,neutral,angry,happy,fearful,surprised
M03A09.wav, sad,sad,neutral,fearful,angry,surprised,happy
M04N72.wav, sad,sad,neutral,happy,angry,fearful,surprised
M21N07.wav, sad,sad,neutral,fearful,angry,surprised,happy
M12N04.wav, sad,sad,neutral,angry,fearful,happy,surprised
F01N02.wav, sad,sad,neutral,angry,fearful,happy,surprised
F13W01.wav, sad,sad,neutral,surprised,fearful,angry,happy
M27N06.wav, sad,sad,neutral,angry,fearful,surprised,happy
M32H01.wav, sad,sad,neutral,fearful,surprised,angry,happy
M53A25.wav, sad,sad,neutral,angry,fearful,happy,surprised
F07A06.wav, sad,sad,neutral,angry,happy,fearful,surprised
M08N01.wav, sad,sad,neutral,fearful,happy,angry,surprised
M38A02.wav, neutral,neutral,sad,angry,happy,fearful,surprised
M47A08.wav, sad,sad,neutral,angry,fearful,happy,surprised
M30N05.wav, sad,sad,angry,fearful,neutral,surprised,happy
M04N31.wav, sad,sad,neutral,fearful,happy,surprised,angry
F10A45.wav, sad,sad,neutral,angry,fearful,happy,surprised
F22A05.wav, sad,sad,neutral,fearful,happy,angry,surprised
M04S09.wav, sad,sad,neutral,fearful,angry,surprised,happy
M26S04.wav, sad,sad,neutral,angry,fearful,surprised,happy
M46N04.wav, sad,sad,neutral,angry,fearful,happy,surprised
F10A49.wav, sad,sad,angry,neutral,happy,fearful,surprised
F07A38.wav, sad,sad,neutral,happy,fearful,angry,surprised
F09S16.wav, sad,sad,neutral,angry,fearful,happy,surprised
M12N49.wav, sad,sad,neutral,angry,happy,fearful,surprised
M44H02.wav, neutral,neutral,sad,angry,happy,fearful,surprised
M27N08.wav, sad,sad,neutral,happy,angry,fearful,surprised
F21H04.wav, sad,sad,neutral,angry,fearful,surprised,happy
F31A02.wav, sad,sad,neutral,fearful,happy,angry,surprised
M26N10.wav, sad,sad,angry,neutral,happy,fearful,surprised
F24H22.wav, sad,sad,neutral,fearful,angry,happy,surprised
F07H07.wav, sad,sad,neutral,fearful,happy,angry,surprised
F01N11.wav, sad,sad,neutral,happy,fearful,angry,surprised
F15A01.wav, sad,sad,neutral,angry,happy,fearful,surprised
M12W01.wav, sad,sad,neutral,fearful,angry,surprised,happy
F19N05.wav, neutral,neutral,sad,happy,angry,fearful,surprised
F05N52.wav, sad,sad,neutral,happy,fearful,angry,surprised
F07A28.wav, sad,sad,neutral,angry,happy,fearful,surprised
F24A62.wav, sad,sad,neutral,angry,fearful,happy,surprised
F29N06.wav, sad,sad,neutral,happy,angry,fearful,surprised
M28N19.wav, neutral,neutral,sad,happy,angry,fearful,surprised
M40N04.wav, neutral,neutral,sad,angry,happy,fearful,surprised
F29N10.wav, sad,sad,neutral,fearful,surprised,angry,happy
F22A01.wav, sad,sad,neutral,fearful,surprised,angry,happy
F05N34.wav, sad,sad,neutral,fearful,angry,surprised,happy
F03F02.wav, sad,sad,neutral,angry,fearful,happy,surprised
M12N55.wav, sad,sad,neutral,happy,fearful,angry,surprised
M18S02.wav, sad,sad,neutral,happy,fearful,angry,surprised
F09N09.wav, sad,sad,neutral,fearful,angry,happy,surprised
F07A22.wav, sad,sad,neutral,happy,angry,fearful,surprised
M07N08.wav, sad,sad,neutral,fearful,happy,angry,surprised
M28S04.wav, sad,sad,neutral,fearful,surprised,angry,happy
F07A09.wav, sad,sad,neutral,angry,happy,fearful,surprised
M02N12.wav, sad,sad,neutral,happy,angry,fearful,surprised
F01N10.wav, sad,sad,neutral,angry,fearful,happy,surprised
F24A30.wav, neutral,neutral,sad,happy,fearful,angry,surprised
M25A22.wav, sad,sad,neutral,angry,fearful,surprised,happy
M47A05.wav, sad,sad,neutral,fearful,happy,angry,surprised
M30N06.wav, sad,sad,neutral,happy,fearful,angry,surprised
M12N11.wav, sad,sad,neutral,fearful,surprised,angry,happy
M25S14.wav, sad,sad,neutral,angry,fearful,happy,surprised
F21W13.wav, sad,sad,neutral,angry,fearful,happy,surprised
F24A03.wav, sad,sad,neutral,fearful,surprised,angry,happy
M27N19.wav, sad,sad,neutral,angry,surprised,fearful,happy
M08N04.wav, sad,sad,neutral,happy,fearful,angry,surprised
F10A14.wav, sad,sad,neutral,fearful,angry,happy,surprised
F05N17.wav, sad,sad,neutral,fearful,happy,surprised,angry
F14S01.wav, sad,sad,neutral,fearful,happy,angry,surprised
M31N10.wav, neutral,neutral,sad,happy,angry,fearful,surprised
F19N19.wav, neutral,neutral,sad,fearful,happy,surprised,angry
F23W01.wav, sad,sad,neutral,angry,fearful,happy,surprised
M09A23.wav, sad,sad,neutral,angry,happy,fearful,surprised
F07S06.wav, sad,sad,neutral,angry,fearful,happy,surprised
F10A54.wav, sad,sad,neutral,angry,happy,fearful,surprised
F01H07.wav, sad,sad,neutral,fearful,angry,surprised,happy
F20H05.wav, sad,sad,neutral,angry,fearful,surprised,happy
F04A02.wav, sad,sad,neutral,angry,fearful,happy,surprised
M25A52.wav, sad,sad,neutral,fearful,angry,happy,surprised
F07S22.wav, sad,sad,neutral,fearful,angry,surprised,happy
F05N03.wav, sad,sad,neutral,happy,fearful,surprised,angry
F17S02.wav, sad,sad,neutral,fearful,angry,surprised,happy
F10A41.wav, sad,sad,neutral,angry,fearful,happy,surprised
M15W01.wav, sad,sad,neutral,angry,fearful,happy,surprised
F22S13.wav, sad,sad,neutral,fearful,angry,surprised,happy
F28A08.wav, neutral,neutral,sad,happy,fearful,angry,surprised
M25N06.wav, neutral,neutral,sad,fearful,angry,surprised,happy
M03N04.wav, sad,sad,neutral,happy,angry,fearful,surprised
F03W08.wav, sad,sad,angry,fearful,surprised,neutral,happy
M19A04.wav, sad,sad,neutral,happy,fearful,angry,surprised
F25A01.wav, sad,sad,neutral,angry,fearful,happy,surprised
M03A25.wav, sad,sad,neutral,angry,happy,fearful,surprised
M34A08.wav, sad,sad,neutral,angry,fearful,happy,surprised
M29A09.wav, sad,sad,angry,neutral,surprised,fearful,happy
M12A16.wav, sad,sad,neutral,fearful,angry,happy,surprised
F23N11.wav, sad,sad,neutral,happy,angry,fearful,surprised
M02N13.wav, sad,sad,neutral,angry,happy,fearful,surprised
F14N04.wav, sad,sad,neutral,fearful,surprised,happy,angry
M16A22.wav, sad,sad,neutral,angry,happy,fearful,surprised
F09S17.wav, sad,sad,neutral,angry,happy,fearful,surprised
M53N18.wav, sad,sad,neutral,angry,fearful,surprised,happy
M20W01.wav, sad,sad,angry,surprised,fearful,happy,neutral
M37S02.wav, neutral,neutral,sad,angry,happy,fearful,surprised
F15A05.wav, sad,sad,neutral,fearful,angry,happy,surprised
M25A68.wav, sad,sad,angry,neutral,fearful,happy,surprised
M25A08.wav, sad,sad,neutral,angry,fearful,happy,surprised
F05N05.wav, neutral,neutral,sad,happy,angry,fearful,surprised
M30N02.wav, sad,sad,neutral,angry,happy,fearful,surprised
F20N14.wav, sad,sad,neutral,fearful,angry,happy,surprised
M07N06.wav, sad,sad,neutral,angry,fearful,happy,surprised
M03A18.wav, sad,sad,neutral,fearful,angry,surprised,happy
M44H06.wav, neutral,neutral,sad,happy,angry,fearful,surprised
M51N15.wav, neutral,neutral,sad,happy,surprised,fearful,angry
M40N11.wav, sad,sad,neutral,happy,angry,fearful,surprised
M26N03.wav, sad,sad,neutral,angry,happy,fearful,surprised
M53S03.wav, sad,sad,neutral,fearful,angry,happy,surprised
F28S07.wav, sad,sad,neutral,fearful,happy,surprised,angry
M28A03.wav, sad,sad,neutral,fearful,angry,happy,surprised
F07A36.wav, sad,sad,neutral,fearful,happy,angry,surprised
M15A06.wav, sad,sad,neutral,angry,happy,fearful,surprised
M04N46.wav, sad,sad,neutral,angry,happy,fearful,surprised
M05S06.wav, sad,sad,neutral,angry,fearful,happy,surprised
M02A06.wav, sad,sad,angry,fearful,neutral,happy,surprised
F07H04.wav, sad,sad,neutral,fearful,happy,angry,surprised
F30S12.wav, sad,sad,neutral,angry,happy,fearful,surprised
F23S01.wav, sad,sad,neutral,angry,fearful,happy,surprised
M16A33.wav, sad,sad,neutral,angry,happy,fearful,surprised
F12N12.wav, sad,sad,neutral,angry,fearful,happy,surprised
M50A12.wav, sad,sad,neutral,angry,happy,fearful,surprised
M12N77.wav, sad,sad,neutral,angry,happy,fearful,surprised
M02N01.wav, sad,sad,neutral,angry,fearful,happy,surprised
M53A22.wav, sad,sad,neutral,angry,fearful,surprised,happy
M04N75.wav, sad,sad,neutral,angry,fearful,happy,surprised
M03A19.wav, sad,sad,neutral,angry,happy,fearful,surprised
M04A06.wav, sad,sad,neutral,angry,happy,fearful,surprised
M12N27.wav, sad,sad,angry,neutral,happy,fearful,surprised
M37N03.wav, sad,sad,neutral,fearful,angry,surprised,happy
F21W17.wav, sad,sad,neutral,angry,happy,fearful,surprised
M03S20.wav, sad,sad,neutral,angry,fearful,happy,surprised
M22N10.wav, sad,sad,neutral,angry,fearful,surprised,happy
M37A01.wav, neutral,neutral,sad,angry,happy,fearful,surprised
M30A01.wav, sad,sad,neutral,angry,fearful,happy,surprised
M40N53.wav, neutral,neutral,sad,happy,angry,fearful,surprised
M27N44.wav, sad,sad,neutral,fearful,happy,angry,surprised
M26S03.wav, sad,sad,neutral,fearful,angry,surprised,happy
M34N04.wav, sad,sad,neutral,fearful,angry,happy,surprised
F07A21.wav, sad,sad,neutral,angry,happy,fearful,surprised
F24N15.wav, sad,sad,neutral,angry,fearful,happy,surprised
F19N18.wav, neutral,neutral,sad,happy,fearful,angry,surprised
F07H12.wav, sad,sad,neutral,fearful,angry,happy,surprised
M05N04.wav, sad,sad,neutral,happy,fearful,angry,surprised
F24S02.wav, sad,sad,neutral,fearful,angry,surprised,happy
F21A06.wav, sad,sad,neutral,happy,angry,fearful,surprised
M01N02.wav, sad,sad,neutral,angry,happy,fearful,surprised
F24W20.wav, sad,sad,neutral,angry,surprised,happy,fearful
F14N02.wav, sad,sad,neutral,angry,happy,fearful,surprised
M34N01.wav, sad,sad,neutral,angry,fearful,happy,surprised
M25N08.wav, neutral,neutral,sad,happy,fearful,angry,surprised
M16A09.wav, sad,sad,neutral,angry,happy,fearful,surprised
F03H01.wav, sad,sad,neutral,angry,happy,fearful,surprised
F05N57.wav, sad,sad,neutral,happy,fearful,surprised,angry
M12A54.wav, sad,sad,neutral,angry,happy,fearful,surprised
M22A05.wav, sad,sad,neutral,angry,fearful,happy,surprised
M28A29.wav, sad,sad,neutral,angry,fearful,surprised,happy
F07N08.wav, sad,sad,neutral,angry,happy,fearful,surprised
F10A21.wav, sad,sad,neutral,angry,happy,fearful,surprised
M27N37.wav, sad,sad,neutral,fearful,angry,surprised,happy
F05N50.wav, sad,sad,neutral,fearful,happy,angry,surprised
F22W02.wav, sad,sad,neutral,fearful,angry,surprised,happy
M47A07.wav, sad,sad,neutral,angry,fearful,happy,surprised
M02A21.wav, neutral,neutral,sad,angry,happy,fearful,surprised
M16A27.wav, sad,sad,neutral,fearful,angry,happy,surprised
M41N01.wav, sad,sad,neutral,angry,happy,fearful,surprised
M04N50.wav, neutral,neutral,sad,happy,angry,fearful,surprised
F01A20.wav, sad,sad,neutral,angry,fearful,happy,surprised
F06W02.wav, sad,sad,neutral,fearful,surprised,angry,happy
F07N01.wav, sad,sad,neutral,fearful,angry,happy,surprised
F20N12.wav, sad,sad,neutral,happy,angry,fearful,surprised
M12S02.wav, sad,sad,neutral,angry,fearful,happy,surprised
F22N06.wav, sad,sad,neutral,angry,happy,fearful,surprised
F29N04.wav, sad,sad,neutral,fearful,angry,happy,surprised
M28S12.wav, sad,sad,neutral,fearful,angry,surprised,happy
F10A09.wav, sad,sad,neutral,fearful,happy,angry,surprised
M24A03.wav, sad,sad,neutral,fearful,angry,surprised,happy
M20A01.wav, sad,sad,neutral,angry,fearful,surprised,happy
F04A06.wav, sad,sad,neutral,fearful,angry,happy,surprised
M46A01.wav, sad,sad,neutral,angry,fearful,happy,surprised
F10W01.wav, sad,sad,angry,neutral,fearful,happy,surprised
F21W19.wav, sad,sad,neutral,fearful,surprised,happy,angry
M47N20.wav, sad,sad,neutral,angry,fearful,happy,surprised
M26A22.wav, sad,sad,neutral,angry,happy,fearful,surprised
F05N36.wav, neutral,neutral,sad,happy,fearful,angry,surprised
F21H03.wav, sad,sad,surprised,fearful,angry,neutral,happy
F04N02.wav, sad,sad,neutral,surprised,fearful,angry,happy
F01S09.wav, sad,sad,neutral,angry,happy,fearful,surprised
F07S32.wav, sad,sad,neutral,fearful,angry,surprised,happy
M04N62.wav, neutral,neutral,sad,angry,happy,fearful,surprised
M22W04.wav, sad,sad,neutral,angry,fearful,surprised,happy
M55N05.wav, sad,sad,neutral,fearful,surprised,angry,happy
M22N05.wav, neutral,neutral,sad,fearful,angry,happy,surprised
M12A63.wav, sad,sad,neutral,happy,angry,fearful,surprised
M12A65.wav, sad,sad,neutral,angry,fearful,happy,surprised
F19N13.wav, neutral,neutral,sad,happy,angry,fearful,surprised
M47A02.wav, sad,sad,neutral,happy,angry,fearful,surprised
F26S02.wav, sad,sad,neutral,fearful,angry,happy,surprised
F23S03.wav, sad,sad,angry,neutral,fearful,surprised,happy
M40S01.wav, sad,sad,neutral,happy,fearful,surprised,angry
M28A47.wav, sad,sad,neutral,angry,happy,fearful,surprised
M04S06.wav, sad,sad,neutral,angry,fearful,happy,surprised
M53A13.wav, sad,sad,neutral,fearful,surprised,angry,happy
F24W12.wav, sad,sad,angry,neutral,fearful,surprised,happy
M25A39.wav, sad,sad,neutral,happy,angry,fearful,surprised
M24A04.wav, sad,sad,neutral,angry,happy,fearful,surprised
M04S01.wav, sad,sad,neutral,fearful,angry,surprised,happy
F07S20.wav, sad,sad,neutral,fearful,angry,happy,surprised
M48S01.wav, sad,sad,neutral,fearful,angry,surprised,happy
F23A08.wav, sad,sad,neutral,angry,happy,fearful,surprised
M11H01.wav, sad,sad,neutral,angry,fearful,happy,surprised
M11N04.wav, sad,sad,neutral,angry,happy,fearful,surprised
F07A10.wav, sad,sad,neutral,angry,happy,fearful,surprised
F05N21.wav, sad,sad,neutral,happy,fearful,angry,surprised
M04N28.wav, neutral,neutral,sad,angry,happy,fearful,surprised
F21N23.wav, neutral,neutral,sad,angry,happy,fearful,surprised
M38N10.wav, sad,sad,neutral,angry,happy,fearful,surprised
M12N03.wav, sad,sad,neutral,angry,happy,fearful,surprised
M21A04.wav, sad,sad,angry,neutral,fearful,happy,surprised
M28S21.wav, sad,sad,neutral,surprised,fearful,angry,happy
F05N04.wav, sad,sad,neutral,fearful,happy,surprised,angry
F22N03.wav, sad,sad,neutral,angry,fearful,happy,surprised
M31N11.wav, sad,sad,neutral,happy,angry,fearful,surprised
M20N02.wav, sad,sad,neutral,fearful,angry,happy,surprised
M25W05.wav, sad,sad,angry,neutral,happy,fearful,surprised
F21S34.wav, sad,sad,neutral,fearful,angry,surprised,happy
F28A12.wav, sad,sad,neutral,fearful,surprised,happy,angry
F20N01.wav, sad,sad,neutral,angry,fearful,happy,surprised
F19N20.wav, neutral,neutral,sad,angry,happy,fearful,surprised
M12A64.wav, sad,sad,neutral,angry,happy,fearful,surprised
M37S03.wav, sad,sad,neutral,angry,fearful,happy,surprised
F23N09.wav, sad,sad,neutral,angry,happy,fearful,surprised
F01F03.wav, sad,sad,neutral,angry,fearful,surprised,happy
M16A32.wav, sad,sad,neutral,angry,fearful,happy,surprised
M02A24.wav, sad,sad,neutral,angry,happy,fearful,surprised
M12N42.wav, neutral,neutral,sad,angry,happy,fearful,surprised
F30S11.wav, sad,sad,neutral,fearful,angry,surprised,happy
M19S01.wav, sad,sad,angry,neutral,fearful,happy,surprised
M04N71.wav, sad,sad,neutral,angry,fearful,happy,surprised
F24W07.wav, sad,sad,neutral,angry,happy,fearful,surprised
M12N31.wav, sad,sad,neutral,happy,fearful,angry,surprised
F24A59.wav, sad,sad,neutral,angry,happy,fearful,surprised
M34H03.wav, sad,sad,neutral,angry,fearful,happy,surprised
M25A05.wav, sad,sad,neutral,angry,happy,fearful,surprised
M12A20.wav, sad,sad,neutral,angry,fearful,happy,surprised
M21A03.wav, sad,sad,neutral,fearful,happy,angry,surprised
F17S08.wav, sad,sad,neutral,fearful,surprised,happy,angry
M51N22.wav, sad,sad,neutral,fearful,surprised,angry,happy
M07F02.wav, sad,sad,neutral,angry,fearful,surprised,happy
M06S06.wav, sad,sad,neutral,angry,fearful,surprised,happy
M20H01.wav, sad,sad,neutral,angry,fearful,surprised,happy
F01F02.wav, sad,sad,neutral,angry,fearful,happy,surprised
M06N06.wav, neutral,neutral,sad,happy,angry,fearful,surprised
M52N03.wav, sad,sad,neutral,fearful,angry,surprised,happy
F23N12.wav, sad,sad,neutral,angry,happy,fearful,surprised
F23N06.wav, sad,sad,neutral,angry,happy,fearful,surprised
F23A06.wav, sad,sad,neutral,angry,happy,fearful,surprised
F09N05.wav, sad,sad,neutral,angry,fearful,happy,surprised
F29N03.wav, sad,sad,neutral,surprised,fearful,happy,angry
F07S05.wav, sad,sad,neutral,fearful,angry,surprised,happy
M19F01.wav, sad,sad,neutral,angry,fearful,happy,surprised
M52S04.wav, sad,sad,neutral,fearful,angry,happy,surprised
F12A06.wav, sad,sad,neutral,fearful,angry,happy,surprised
M40N32.wav, neutral,neutral,sad,angry,happy,fearful,surprised
M05A13.wav, sad,sad,neutral,fearful,surprised,angry,happy
F01A04.wav, sad,sad,neutral,angry,fearful,happy,surprised
F13A04.wav, sad,sad,angry,neutral,fearful,happy,surprised
M02A02.wav, sad,sad,neutral,fearful,happy,angry,surprised
F10A58.wav, sad,sad,neutral,angry,happy,fearful,surprised
F21S42.wav, sad,sad,neutral,angry,happy,fearful,surprised
M04A03.wav, sad,sad,neutral,happy,fearful,surprised,angry
F07A46.wav, sad,sad,neutral,happy,angry,fearful,surprised
F10A12.wav, sad,sad,angry,neutral,happy,fearful,surprised
M46N02.wav, sad,sad,neutral,fearful,angry,surprised,happy
F24H10.wav, sad,sad,neutral,angry,happy,fearful,surprised
M16N03.wav, sad,sad,angry,fearful,surprised,neutral,happy
F01S12.wav, sad,sad,neutral,fearful,angry,happy,surprised
M25W02.wav, sad,sad,neutral,angry,fearful,happy,surprised
M12S11.wav, sad,sad,neutral,fearful,surprised,angry,happy
F30N05.wav, sad,sad,neutral,angry,fearful,happy,surprised
F07W03.wav, sad,sad,neutral,angry,happy,fearful,surprised
M51N05.wav, sad,sad,neutral,fearful,surprised,angry,happy
F07A59.wav, sad,sad,angry,neutral,happy,fearful,surprised
M34N02.wav, sad,sad,surprised,fearful,angry,neutral,happy
M12N47.wav, sad,sad,neutral,fearful,surprised,happy,angry
F09N06.wav, sad,sad,neutral,fearful,happy,angry,surprised
M12N06.wav, sad,sad,neutral,angry,happy,fearful,surprised
M04N21.wav, sad,sad,neutral,fearful,happy,angry,surprised
F07W01.wav, sad,sad,angry,neutral,fearful,happy,surprised
F19N21.wav, sad,sad,neutral,fearful,surprised,angry,happy
F25A08.wav, sad,sad,neutral,angry,happy,fearful,surprised
F24A23.wav, neutral,neutral,sad,happy,angry,fearful,surprised
F19N29.wav, neutral,neutral,sad,happy,fearful,angry,surprised
M25A35.wav, neutral,neutral,sad,angry,happy,fearful,surprised
F21H08.wav, sad,sad,neutral,fearful,surprised,angry,happy
F24W01.wav, sad,sad,surprised,neutral,fearful,angry,happy
M28A21.wav, sad,sad,neutral,angry,fearful,happy,surprised
M04N36.wav, sad,sad,neutral,happy,fearful,surprised,angry
F24A41.wav, sad,sad,neutral,fearful,angry,happy,surprised
F10A56.wav, sad,sad,neutral,fearful,angry,happy,surprised
M40N18.wav, neutral,neutral,sad,happy,angry,fearful,surprised
F24N06.wav, sad,sad,neutral,angry,fearful,surprised,happy
M05A03.wav, sad,sad,neutral,angry,happy,fearful,surprised
F07A17.wav, sad,sad,neutral,angry,fearful,happy,surprised
M08S01.wav, sad,sad,neutral,angry,fearful,happy,surprised
F20S02.wav, sad,sad,neutral,angry,fearful,happy,surprised
F29N07.wav, neutral,neutral,sad,happy,angry,fearful,surprised
F24A69.wav, sad,sad,angry,neutral,fearful,happy,surprised
F01A03.wav, sad,sad,neutral,fearful,happy,angry,surprised
F14N03.wav, sad,sad,neutral,fearful,surprised,angry,happy
F24A05.wav, sad,sad,neutral,fearful,angry,happy,surprised
F28S02.wav, sad,sad,neutral,fearful,surprised,angry,happy
M44S05.wav, sad,sad,neutral,fearful,angry,happy,surprised
F07A14.wav, neutral,neutral,sad,angry,happy,fearful,surprised
M22N11.wav, sad,sad,neutral,angry,fearful,happy,surprised
F28N02.wav, neutral,neutral,sad,happy,angry,surprised,fearful
M45N02.wav, sad,sad,angry,neutral,fearful,happy,surprised
M16A26.wav, sad,sad,neutral,angry,happy,fearful,surprised
M28S01.wav, sad,sad,neutral,angry,fearful,surprised,happy
M02N15.wav, neutral,neutral,sad,angry,happy,fearful,surprised
F21A31.wav, sad,sad,neutral,fearful,surprised,angry,happy
M25A58.wav, sad,sad,angry,fearful,neutral,happy,surprised
M41W04.wav, sad,sad,neutral,angry,fearful,surprised,happy
F05N54.wav, sad,sad,neutral,happy,fearful,surprised,angry
M47N05.wav, sad,sad,neutral,angry,happy,fearful,surprised
F12A05.wav, sad,sad,neutral,angry,happy,fearful,surprised
M12N57.wav, sad,sad,neutral,happy,fearful,angry,surprised
M26A39.wav, sad,sad,neutral,angry,fearful,happy,surprised
M47A09.wav, sad,sad,neutral,angry,fearful,happy,surprised
M22N30.wav, neutral,neutral,sad,angry,fearful,happy,surprised
F20N15.wav, neutral,neutral,sad,happy,angry,fearful,surprised
F01S15.wav, sad,sad,neutral,fearful,angry,happy,surprised
F22S15.wav, sad,sad,neutral,angry,fearful,surprised,happy
M29N02.wav, sad,sad,neutral,fearful,angry,happy,surprised
F07A24.wav, sad,sad,neutral,happy,angry,fearful,surprised
M09A20.wav, sad,sad,neutral,fearful,happy,angry,surprised
F24A33.wav, neutral,neutral,sad,angry,happy,fearful,surprised
M21N06.wav, sad,sad,neutral,angry,happy,fearful,surprised
M04N63.wav, neutral,neutral,sad,happy,angry,fearful,surprised
F10A23.wav, sad,sad,neutral,fearful,surprised,angry,happy
F03A09.wav, neutral,neutral,sad,angry,happy,fearful,surprised
F30A06.wav, sad,sad,neutral,angry,fearful,happy,surprised
M28S23.wav, sad,sad,angry,neutral,fearful,happy,surprised
M12A14.wav, sad,sad,neutral,fearful,angry,happy,surprised
M18N06.wav, sad,sad,neutral,angry,fearful,happy,surprised
M38N03.wav, neutral,neutral,sad,angry,happy,fearful,surprised
M34H04.wav, sad,sad,neutral,angry,fearful,surprised,happy
M44A01.wav, sad,sad,angry,neutral,fearful,happy,surprised
F30H03.wav, sad,sad,neutral,angry,fearful,surprised,happy
M03S11.wav, sad,sad,neutral,angry,fearful,surprised,happy
F13A18.wav, sad,sad,neutral,fearful,angry,happy,surprised
M25N18.wav, sad,sad,neutral,fearful,angry,happy,surprised
M48N10.wav, sad,sad,neutral,fearful,angry,surprised,happy
M27N59.wav, neutral,neutral,sad,happy,angry,fearful,surprised
M25W08.wav, sad,sad,angry,neutral,fearful,happy,surprised
F20W04.wav, sad,sad,neutral,angry,fearful,happy,surprised
M26A29.wav, sad,sad,neutral,angry,fearful,happy,surprised
M46N03.wav, sad,sad,neutral,surprised,fearful,angry,happy
M28S11.wav, sad,sad,neutral,fearful,surprised,angry,happy
M40A05.wav, sad,sad,angry,neutral,happy,fearful,surprised
M09A04.wav, sad,sad,neutral,angry,happy,fearful,surprised
F05S04.wav, sad,sad,neutral,happy,fearful,angry,surprised
F09S06.wav, neutral,neutral,sad,angry,happy,fearful,surprised
M12A42.wav, sad,sad,neutral,angry,happy,fearful,surprised
M43A10.wav, sad,sad,neutral,angry,fearful,happy,surprised
F19N16.wav, sad,sad,neutral,fearful,surprised,happy,angry
F28A01.wav, sad,sad,neutral,angry,fearful,surprised,happy
F24A18.wav, sad,sad,neutral,angry,fearful,happy,surprised
F24H05.wav, sad,sad,neutral,angry,happy,fearful,surprised
M04N53.wav, sad,sad,neutral,happy,fearful,angry,surprised
M29A13.wav, sad,sad,neutral,angry,fearful,surprised,happy
M12A09.wav, sad,sad,neutral,angry,fearful,surprised,happy
F20N11.wav, sad,sad,neutral,happy,angry,fearful,surprised
F05W03.wav, sad,sad,neutral,happy,fearful,angry,surprised
F09S09.wav, sad,sad,neutral,angry,happy,fearful,surprised
M12N59.wav, sad,sad,neutral,happy,fearful,angry,surprised
M43W07.wav, sad,sad,neutral,angry,happy,fearful,surprised
M56N03.wav, sad,sad,neutral,angry,happy,fearful,surprised
F07N09.wav, sad,sad,neutral,angry,happy,fearful,surprised
M41A04.wav, sad,sad,neutral,angry,happy,fearful,surprised
F03N07.wav, sad,sad,neutral,fearful,angry,surprised,happy
F07S15.wav, sad,sad,neutral,fearful,angry,happy,surprised
M53A21.wav, sad,sad,neutral,angry,happy,fearful,surprised
F24A13.wav, sad,sad,neutral,fearful,angry,surprised,happy
F24A55.wav, sad,sad,angry,fearful,neutral,happy,surprised
F06H02.wav, sad,sad,neutral,fearful,angry,surprised,happy
M44N24.wav, sad,sad,angry,neutral,fearful,happy,surprised
F12N10.wav, sad,sad,neutral,angry,fearful,happy,surprised
F24A66.wav, sad,sad,angry,neutral,happy,fearful,surprised
M07F01.wav, sad,sad,neutral,fearful,angry,surprised,happy
F28S01.wav, sad,sad,neutral,fearful,angry,happy,surprised
M04A07.wav, neutral,neutral,sad,happy,angry,fearful,surprised
M12N10.wav, neutral,neutral,sad,angry,happy,fearful,surprised
F24A63.wav, sad,sad,surprised,neutral,fearful,angry,happy
F23N04.wav, sad,sad,neutral,happy,fearful,angry,surprised
F23A12.wav, sad,sad,angry,neutral,fearful,happy,surprised
M27N11.wav, sad,sad,angry,neutral,fearful,surprised,happy
M26A30.wav, sad,sad,neutral,angry,fearful,happy,surprised
F07S23.wav, sad,sad,neutral,fearful,angry,happy,surprised
M32S05.wav, sad,sad,neutral,surprised,fearful,angry,happy
F24A51.wav, sad,sad,neutral,happy,fearful,angry,surprised
F21S44.wav, sad,sad,neutral,angry,fearful,happy,surprised
F08W01.wav, sad,sad,neutral,fearful,angry,surprised,happy
M21N08.wav, sad,sad,angry,neutral,fearful,surprised,happy
M16H09.wav, sad,sad,neutral,angry,fearful,happy,surprised
F24N11.wav, sad,sad,neutral,happy,fearful,angry,surprised
M28A42.wav, sad,sad,neutral,angry,fearful,surprised,happy
M36H01.wav, sad,sad,neutral,fearful,angry,happy,surprised
M47A04.wav, sad,sad,neutral,fearful,happy,angry,surprised
F24A17.wav, sad,sad,angry,neutral,fearful,happy,surprised
F07S42.wav, sad,sad,neutral,angry,fearful,surprised,happy
M40N25.wav, sad,sad,neutral,happy,fearful,angry,surprised
F05N43.wav, sad,sad,neutral,fearful,happy,surprised,angry
M12N48.wav, neutral,neutral,sad,angry,happy,fearful,surprised
M40N39.wav, sad,sad,neutral,fearful,happy,angry,surprised
F21S14.wav, sad,sad,neutral,angry,happy,fearful,surprised
M43N05.wav, sad,sad,neutral,angry,happy,fearful,surprised
F18A01.wav, sad,sad,neutral,fearful,happy,angry,surprised
F21A05.wav, sad,sad,neutral,happy,fearful,angry,surprised
F07A53.wav, sad,sad,angry,neutral,fearful,happy,surprised
F01A18.wav, sad,sad,neutral,fearful,surprised,happy,angry
M25N04.wav, sad,sad,neutral,angry,fearful,happy,surprised
M21W06.wav, sad,sad,neutral,angry,happy,fearful,surprised
F05N15.wav, sad,sad,neutral,happy,fearful,angry,surprised
M27A02.wav, sad,sad,neutral,fearful,surprised,angry,happy
M47N11.wav, neutral,neutral,sad,angry,fearful,happy,surprised
M47A17.wav, sad,sad,neutral,angry,fearful,happy,surprised
M47A06.wav, sad,sad,neutral,angry,fearful,happy,surprised
F05N25.wav, sad,sad,neutral,fearful,happy,surprised,angry
F19N27.wav, sad,sad,neutral,happy,fearful,angry,surprised
M09A22.wav, sad,sad,neutral,angry,happy,fearful,surprised
M09A13.wav, sad,sad,neutral,fearful,angry,happy,surprised
M03H02.wav, sad,sad,neutral,happy,angry,fearful,surprised
F23A10.wav, sad,sad,neutral,angry,fearful,happy,surprised
M28N08.wav, sad,sad,neutral,angry,fearful,happy,surprised
M47N25.wav, sad,sad,angry,neutral,fearful,happy,surprised
F01W06.wav, sad,sad,neutral,angry,fearful,happy,surprised
F26N05.wav, sad,sad,neutral,angry,happy,fearful,surprised
M28A34.wav, sad,sad,angry,neutral,fearful,happy,surprised
F07A16.wav, sad,sad,neutral,angry,happy,fearful,surprised
F24N16.wav, sad,sad,neutral,fearful,happy,angry,surprised
M04N41.wav, sad,sad,neutral,angry,fearful,happy,surprised
M16A30.wav, sad,sad,neutral,angry,happy,fearful,surprised
M38N09.wav, neutral,neutral,sad,happy,angry,fearful,surprised
F04A15.wav, sad,sad,neutral,fearful,surprised,angry,happy
F03W02.wav, sad,sad,neutral,angry,fearful,surprised,happy
M03A39.wav, sad,sad,neutral,angry,happy,fearful,surprised
M02N17.wav, neutral,neutral,sad,angry,happy,fearful,surprised
M34S04.wav, sad,sad,neutral,angry,fearful,surprised,happy
F06W03.wav, sad,sad,angry,neutral,fearful,happy,surprised
F03S11.wav, sad,sad,neutral,angry,fearful,happy,surprised
F23A19.wav, sad,sad,neutral,angry,fearful,happy,surprised
M28S19.wav, sad,sad,neutral,fearful,angry,happy,surprised
M09A18.wav, sad,sad,neutral,happy,angry,fearful,surprised
F31A08.wav, sad,sad,neutral,angry,happy,fearful,surprised
M04N48.wav, sad,sad,neutral,happy,angry,fearful,surprised
M05N06.wav, sad,sad,surprised,fearful,neutral,angry,happy
F01S16.wav, sad,sad,neutral,angry,fearful,happy,surprised
F24A25.wav, sad,sad,neutral,angry,fearful,happy,surprised
M42A09.wav, neutral,neutral,sad,happy,angry,fearful,surprised
M28N09.wav, sad,sad,angry,neutral,happy,fearful,surprised
M53A24.wav, sad,sad,neutral,fearful,surprised,happy,angry
F21A54.wav, sad,sad,neutral,fearful,surprised,happy,angry
F21S17.wav, sad,sad,neutral,angry,happy,fearful,surprised
F05N48.wav, sad,sad,neutral,happy,fearful,surprised,angry
F01S22.wav, sad,sad,neutral,fearful,angry,surprised,happy
F24W04.wav, sad,sad,neutral,fearful,angry,happy,surprised
M22W02.wav, sad,sad,surprised,fearful,angry,neutral,happy
M12A62.wav, sad,sad,neutral,happy,angry,fearful,surprised
M28A08.wav, sad,sad,neutral,angry,happy,fearful,surprised
M43A03.wav, sad,sad,neutral,angry,happy,fearful,surprised
M26N04.wav, sad,sad,neutral,happy,angry,fearful,surprised
F28N03.wav, sad,sad,neutral,fearful,happy,surprised,angry
F24A34.wav, sad,sad,angry,fearful,neutral,happy,surprised
M27N29.wav, sad,sad,neutral,fearful,happy,angry,surprised
M25A41.wav, sad,sad,neutral,angry,happy,fearful,surprised
M12A26.wav, sad,sad,neutral,angry,happy,fearful,surprised
F14H01.wav, sad,sad,neutral,fearful,angry,surprised,happy
M04A01.wav, sad,sad,angry,neutral,happy,fearful,surprised
F05N35.wav, sad,sad,neutral,fearful,angry,surprised,happy
M04N68.wav, sad,sad,neutral,fearful,happy,angry,surprised
M32F01.wav, sad,sad,neutral,surprised,fearful,angry,happy
M39A01.wav, sad,sad,neutral,fearful,happy,angry,surprised
F10A24.wav, sad,sad,neutral,angry,happy,fearful,surprised
M12A38.wav, sad,sad,neutral,angry,happy,fearful,surprised
M07N02.wav, sad,sad,neutral,angry,happy,fearful,surprised
F03N05.wav, neutral,neutral,sad,happy,angry,fearful,surprised
M25A66.wav, sad,sad,neutral,angry,happy,fearful,surprised
F01A10.wav, sad,sad,neutral,angry,happy,fearful,surprised
F07W06.wav, sad,sad,angry,fearful,neutral,happy,surprised
M15A10.wav, sad,sad,neutral,angry,happy,fearful,surprised
M06W01.wav, sad,sad,neutral,angry,fearful,surprised,happy
F21A30.wav, sad,sad,neutral,happy,angry,fearful,surprised
M20H02.wav, sad,sad,neutral,angry,fearful,happy,surprised
M28A12.wav, sad,sad,neutral,angry,fearful,surprised,happy
M04N14.wav, sad,sad,neutral,happy,fearful,surprised,angry
F05N16.wav, sad,sad,neutral,fearful,angry,surprised,happy
M31W01.wav, sad,sad,neutral,angry,happy,fearful,surprised
M04N20.wav, sad,sad,angry,neutral,fearful,happy,surprised
M31N08.wav, sad,sad,neutral,fearful,angry,surprised,happy
M23A02.wav, sad,sad,neutral,angry,happy,fearful,surprised
M02N19.wav, sad,sad,neutral,angry,fearful,happy,surprised
F24S09.wav, neutral,neutral,sad,angry,happy,fearful,surprised
F21W30.wav, sad,sad,neutral,angry,happy,fearful,surprised
F21A24.wav, sad,sad,neutral,angry,happy,fearful,surprised
F19N08.wav, neutral,neutral,sad,happy,angry,fearful,surprised
M22N20.wav, sad,sad,neutral,fearful,happy,angry,surprised
M03A03.wav, sad,sad,angry,happy,fearful,neutral,surprised
F07A55.wav, sad,sad,neutral,angry,fearful,surprised,happy
M09A17.wav, neutral,neutral,sad,angry,happy,fearful,surprised
M25A37.wav, sad,sad,neutral,angry,fearful,happy,surprised
F10A30.wav, sad,sad,neutral,angry,happy,fearful,surprised
M02N05.wav, sad,sad,neutral,fearful,surprised,angry,happy
F24H01.wav, sad,sad,neutral,angry,fearful,happy,surprised
F12N09.wav, sad,sad,neutral,angry,fearful,surprised,happy
M29A11.wav, sad,sad,neutral,fearful,angry,happy,surprised
M12A25.wav, sad,sad,neutral,angry,happy,fearful,surprised
F28S03.wav, sad,sad,neutral,fearful,angry,happy,surprised
F21S31.wav, sad,sad,angry,neutral,fearful,happy,surprised
M16H08.wav, sad,sad,neutral,angry,fearful,happy,surprised
F28A16.wav, sad,sad,neutral,fearful,happy,angry,surprised
F05N32.wav, sad,sad,neutral,happy,fearful,surprised,angry
M51N11.wav, sad,sad,neutral,fearful,angry,surprised,happy
F21W10.wav, sad,sad,neutral,fearful,happy,angry,surprised
F21S43.wav, sad,sad,neutral,angry,happy,fearful,surprised
M43H02.wav, sad,sad,neutral,angry,fearful,happy,surprised
F24S06.wav, sad,sad,neutral,angry,fearful,surprised,happy
M23W01.wav, sad,sad,neutral,angry,fearful,surprised,happy
F07S39.wav, sad,sad,neutral,fearful,angry,surprised,happy
M40N30.wav, sad,sad,neutral,fearful,angry,happy,surprised
F21A37.wav, sad,sad,neutral,fearful,happy,angry,surprised
M16W02.wav, sad,sad,angry,neutral,fearful,happy,surprised
M28W02.wav, sad,sad,angry,fearful,surprised,happy,neutral
F03S09.wav, sad,sad,neutral,angry,fearful,surprised,happy
M18N11.wav, sad,sad,neutral,angry,fearful,happy,surprised
M05A09.wav, sad,sad,neutral,angry,happy,fearful,surprised
M47N21.wav, sad,sad,angry,neutral,fearful,surprised,happy
F21W18.wav, sad,sad,neutral,angry,fearful,happy,surprised
F25A04.wav, sad,sad,neutral,angry,happy,fearful,surprised
F30S04.wav, sad,sad,neutral,happy,fearful,angry,surprised
F24N12.wav, sad,sad,neutral,angry,happy,fearful,surprised
M03A28.wav, sad,sad,neutral,happy,fearful,angry,surprised
F07A44.wav, sad,sad,neutral,fearful,angry,happy,surprised
F25N02.wav, sad,sad,neutral,angry,fearful,happy,surprised
M03A02.wav, sad,sad,neutral,angry,happy,fearful,surprised
M05S15.wav, sad,sad,neutral,surprised,fearful,angry,happy
M43W01.wav, neutral,neutral,sad,angry,happy,fearful,surprised
M01H01.wav, sad,sad,neutral,angry,happy,fearful,surprised
F28A19.wav, sad,sad,neutral,fearful,happy,angry,surprised
M53N05.wav, sad,sad,neutral,happy,angry,fearful,surprised
M51N23.wav, sad,sad,neutral,angry,fearful,happy,surprised
M12N53.wav, sad,sad,neutral,happy,fearful,surprised,angry
F30A03.wav, sad,sad,neutral,angry,happy,fearful,surprised
M21N09.wav, sad,sad,neutral,angry,fearful,surprised,happy
M42A10.wav, sad,sad,angry,neutral,happy,fearful,surprised
F21W12.wav, sad,sad,neutral,fearful,angry,surprised,happy
F21N19.wav, sad,sad,angry,happy,neutral,fearful,surprised
F07A48.wav, sad,sad,neutral,happy,angry,fearful,surprised
M03A47.wav, sad,sad,neutral,happy,angry,fearful,surprised
F01H06.wav, sad,sad,neutral,angry,happy,fearful,surprised
M53A19.wav, sad,sad,neutral,angry,happy,fearful,surprised
F21H07.wav, sad,sad,neutral,fearful,angry,surprised,happy
M43N02.wav, sad,sad,neutral,fearful,happy,angry,surprised
M47A13.wav, sad,sad,neutral,angry,fearful,happy,surprised
M19N01.wav, sad,sad,neutral,fearful,happy,angry,surprised
M12N08.wav, sad,sad,neutral,angry,fearful,happy,surprised
M40N19.wav, neutral,neutral,sad,happy,fearful,angry,surprised
M04N25.wav, neutral,neutral,sad,angry,happy,fearful,surprised
M28N21.wav, sad,sad,neutral,fearful,angry,happy,surprised
M47N17.wav, sad,sad,surprised,fearful,neutral,angry,happy
F07S37.wav, sad,sad,neutral,fearful,surprised,angry,happy
M12N15.wav, sad,sad,neutral,angry,fearful,happy,surprised
F06N01.wav, sad,sad,neutral,fearful,surprised,angry,happy
F24S07.wav, sad,sad,neutral,angry,happy,fearful,surprised
M29A05.wav, sad,sad,neutral,angry,fearful,happy,surprised
F24H19.wav, sad,sad,neutral,fearful,angry,surprised,happy
F07W02.wav, sad,sad,neutral,angry,happy,fearful,surprised
F21A02.wav, sad,sad,neutral,angry,happy,fearful,surprised
M16A05.wav, sad,sad,neutral,angry,fearful,happy,surprised
F21W11.wav, sad,sad,surprised,fearful,neutral,happy,angry
M28N13.wav, sad,sad,neutral,angry,fearful,happy,surprised
F12A10.wav, sad,sad,neutral,fearful,angry,happy,surprised
M03S09.wav, sad,sad,neutral,fearful,happy,angry,surprised
F23A17.wav, sad,sad,neutral,fearful,angry,happy,surprised
M28N01.wav, sad,sad,surprised,fearful,angry,neutral,happy
F01W01.wav, sad,sad,angry,neutral,fearful,happy,surprised
M53N21.wav, sad,sad,neutral,surprised,fearful,angry,happy
F21A20.wav, sad,sad,surprised,neutral,angry,fearful,happy
F23H07.wav, sad,sad,neutral,angry,fearful,happy,surprised
F21S36.wav, sad,sad,neutral,angry,fearful,happy,surprised
M55A01.wav, sad,sad,neutral,happy,angry,fearful,surprised
M15A08.wav, sad,sad,neutral,angry,happy,fearful,surprised
F06H06.wav, sad,sad,neutral,fearful,angry,surprised,happy
M03A08.wav, sad,sad,neutral,fearful,happy,angry,surprised
M27N36.wav, sad,sad,neutral,happy,angry,fearful,surprised
F01H04.wav, sad,sad,neutral,fearful,happy,angry,surprised
M18F01.wav, sad,sad,neutral,angry,happy,fearful,surprised
F26N03.wav, sad,sad,neutral,angry,fearful,happy,surprised
M12A13.wav, sad,sad,neutral,angry,happy,fearful,surprised
M53A23.wav, sad,sad,neutral,angry,fearful,happy,surprised
M41A03.wav, sad,sad,neutral,happy,angry,fearful,surprised
F14H02.wav, sad,sad,neutral,fearful,angry,surprised,happy
F07A32.wav, sad,sad,neutral,angry,happy,fearful,surprised
F06A02.wav, sad,sad,neutral,angry,happy,fearful,surprised
F07S47.wav, sad,sad,neutral,happy,fearful,angry,surprised
F24A07.wav, sad,sad,neutral,fearful,angry,surprised,happy
F09A03.wav, sad,sad,neutral,happy,fearful,angry,surprised
F21W29.wav, sad,sad,neutral,angry,happy,fearful,surprised
M04A04.wav, sad,sad,angry,happy,neutral,fearful,surprised
F07A20.wav, sad,sad,neutral,angry,happy,fearful,surprised
F09N04.wav, sad,sad,neutral,happy,fearful,angry,surprised
M32H03.wav, sad,sad,neutral,surprised,fearful,angry,happy
M29A04.wav, sad,sad,neutral,angry,fearful,happy,surprised
M20A02.wav, neutral,neutral,sad,angry,happy,fearful,surprised
F21S15.wav, sad,sad,neutral,angry,fearful,happy,surprised
F09A07.wav, sad,sad,neutral,fearful,happy,angry,surprised
M04N40.wav, sad,sad,neutral,fearful,happy,surprised,angry
F20N08.wav, sad,sad,neutral,fearful,happy,angry,surprised
F06S02.wav, neutral,neutral,sad,happy,fearful,angry,surprised
M40N50.wav, neutral,neutral,sad,happy,fearful,angry,surprised
M02A05.wav, neutral,neutral,sad,happy,angry,fearful,surprised
F09S05.wav, sad,sad,neutral,fearful,happy,angry,surprised
M12N58.wav, sad,sad,neutral,fearful,happy,surprised,angry
F28S05.wav, sad,sad,neutral,fearful,angry,surprised,happy
M17W01.wav, sad,sad,neutral,fearful,surprised,angry,happy
F07A11.wav, sad,sad,neutral,fearful,happy,angry,surprised
F21N17.wav, neutral,neutral,sad,angry,happy,fearful,surprised
M11H03.wav, sad,sad,neutral,angry,happy,fearful,surprised
F30S06.wav, sad,sad,neutral,angry,fearful,happy,surprised
F24N09.wav, sad,sad,neutral,angry,happy,fearful,surprised
M30N08.wav, sad,sad,neutral,fearful,surprised,angry,happy
M05S09.wav, sad,sad,neutral,angry,fearful,surprised,happy
F01N09.wav, neutral,neutral,sad,angry,happy,fearful,surprised
F26N02.wav, sad,sad,neutral,angry,fearful,happy,surprised
M03A45.wav, sad,sad,neutral,fearful,happy,angry,surprised
M51N02.wav, sad,sad,neutral,angry,happy,fearful,surprised
M23H02.wav, sad,sad,neutral,angry,happy,fearful,surprised
M25W04.wav, sad,sad,neutral,angry,fearful,surprised,happy
M41H01.wav, sad,sad,neutral,fearful,angry,happy,surprised
M19W02.wav, neutral,neutral,sad,angry,happy,fearful,surprised
F10A11.wav, sad,sad,neutral,fearful,happy,angry,surprised
M22N07.wav, neutral,neutral,sad,happy,angry,fearful,surprised
M40N36.wav, neutral,neutral,sad,happy,fearful,surprised,angry
M51N04.wav, sad,sad,neutral,fearful,angry,happy,surprised
F13A15.wav, sad,sad,neutral,angry,happy,fearful,surprised
F05A02.wav, neutral,neutral,sad,happy,angry,fearful,surprised
F01N03.wav, sad,sad,neutral,angry,surprised,fearful,happy
M25N05.wav, neutral,neutral,sad,happy,angry,fearful,surprised
F20W03.wav, neutral,neutral,sad,fearful,happy,angry,surprised
M37N11.wav, sad,sad,neutral,angry,happy,fearful,surprised
M26A07.wav, sad,sad,neutral,fearful,happy,angry,surprised
F07S21.wav, sad,sad,neutral,fearful,surprised,happy,angry
F23N07.wav, sad,sad,neutral,happy,fearful,angry,surprised
F09W02.wav, sad,sad,angry,neutral,fearful,happy,surprised
M27N51.wav, sad,sad,neutral,fearful,angry,happy,surprised
F04A14.wav, sad,sad,neutral,fearful,surprised,angry,happy
M06S02.wav, sad,sad,neutral,angry,surprised,fearful,happy
M17S02.wav, sad,sad,neutral,fearful,angry,surprised,happy
M04N55.wav, neutral,neutral,sad,happy,angry,fearful,surprised
M25A20.wav, sad,sad,neutral,angry,happy,fearful,surprised
F03H03.wav, sad,sad,neutral,angry,happy,fearful,surprised
M07S01.wav, sad,sad,neutral,angry,happy,fearful,surprised
M03W01.wav, sad,sad,neutral,happy,fearful,angry,surprised
M17N03.wav, sad,sad,neutral,fearful,happy,angry,surprised
M16A16.wav, sad,sad,neutral,angry,fearful,happy,surprised
F07A30.wav, sad,sad,neutral,angry,fearful,happy,surprised
M28A07.wav, neutral,neutral,sad,happy,angry,fearful,surprised
F12A03.wav, sad,sad,angry,neutral,fearful,happy,surprised
M12N28.wav, sad,sad,neutral,angry,happy,fearful,surprised
M25A24.wav, sad,sad,neutral,angry,happy,fearful,surprised
M34A04.wav, sad,sad,angry,neutral,fearful,happy,surprised
F19S03.wav, sad,sad,neutral,angry,fearful,happy,surprised
M53N23.wav, sad,sad,neutral,angry,fearful,surprised,happy
M25S13.wav, sad,sad,neutral,angry,fearful,happy,surprised
M27W02.wav, sad,sad,neutral,angry,fearful,happy,surprised
F27N01.wav, neutral,neutral,sad,angry,happy,fearful,surprised
M39H02.wav, sad,sad,neutral,fearful,surprised,happy,angry
F30A07.wav, sad,sad,neutral,angry,fearful,surprised,happy
M44N03.wav, sad,sad,neutral,angry,happy,fearful,surprised
M07W01.wav, sad,sad,angry,fearful,neutral,happy,surprised
F01A17.wav, sad,sad,neutral,fearful,surprised,angry,happy
F28A20.wav, sad,sad,neutral,fearful,happy,angry,surprised
M06N03.wav, sad,sad,neutral,happy,angry,fearful,surprised
M20A04.wav, sad,sad,neutral,angry,fearful,happy,surprised
F21S10.wav, neutral,neutral,sad,angry,happy,fearful,surprised
M40N03.wav, neutral,neutral,sad,angry,happy,fearful,surprised
F03A05.wav, sad,sad,neutral,angry,happy,fearful,surprised
M47H01.wav, sad,sad,neutral,angry,fearful,happy,surprised
F24W13.wav, sad,sad,neutral,angry,fearful,happy,surprised
M22N27.wav, sad,sad,neutral,angry,fearful,surprised,happy
M02A13.wav, sad,sad,neutral,angry,happy,fearful,surprised
F23N05.wav, sad,sad,neutral,angry,happy,fearful,surprised
M40N24.wav, neutral,neutral,sad,happy,angry,fearful,surprised
M26S06.wav, sad,sad,neutral,happy,angry,fearful,surprised
F19N23.wav, sad,sad,neutral,happy,fearful,surprised,angry
M26N09.wav, sad,sad,neutral,fearful,angry,happy,surprised
M47N01.wav, neutral,neutral,sad,angry,happy,fearful,surprised
F07H11.wav, sad,sad,neutral,happy,fearful,angry,surprised
M16A15.wav, sad,sad,neutral,angry,happy,fearful,surprised
F21N03.wav, sad,sad,neutral,angry,fearful,happy,surprised
M04N19.wav, neutral,neutral,sad,happy,angry,fearful,surprised
F23A01.wav, sad,sad,neutral,fearful,happy,angry,surprised
F11N03.wav, sad,sad,neutral,surprised,fearful,angry,happy
F07H06.wav, sad,sad,neutral,fearful,angry,happy,surprised
M04N80.wav, sad,sad,neutral,fearful,happy,surprised,angry
M03S21.wav, sad,sad,neutral,fearful,angry,surprised,happy
M28S10.wav, sad,sad,neutral,surprised,fearful,angry,happy
F01H02.wav, sad,sad,neutral,angry,happy,fearful,surprised
F21A26.wav, sad,sad,neutral,angry,fearful,happy,surprised
F10A25.wav, sad,sad,neutral,angry,happy,fearful,surprised
F07A56.wav, sad,sad,angry,neutral,fearful,surprised,happy
M47A18.wav, sad,sad,neutral,fearful,angry,surprised,happy
F07A57.wav, sad,sad,neutral,fearful,happy,angry,surprised
M16A13.wav, sad,sad,neutral,angry,happy,fearful,surprised
F24W10.wav, sad,sad,angry,neutral,fearful,happy,surprised
M27N32.wav, sad,sad,neutral,angry,fearful,happy,surprised
M26N05.wav, sad,sad,neutral,angry,happy,fearful,surprised
F21S16.wav, sad,sad,angry,fearful,neutral,surprised,happy
F07A39.wav, sad,sad,neutral,angry,happy,fearful,surprised
M47A15.wav, sad,sad,neutral,angry,fearful,happy,surprised
M12N37.wav, neutral,neutral,sad,happy,angry,fearful,surprised
M02A10.wav, sad,sad,neutral,angry,happy,fearful,surprised
M03W04.wav, sad,sad,neutral,fearful,angry,happy,surprised
M18N03.wav, sad,sad,neutral,fearful,angry,surprised,happy
M26A13.wav, sad,sad,neutral,angry,happy,fearful,surprised
M04N69.wav, sad,sad,neutral,angry,happy,fearful,surprised
F21S38.wav, sad,sad,neutral,angry,fearful,surprised,happy
F13A20.wav, sad,sad,neutral,fearful,happy,angry,surprised
M41A02.wav, sad,sad,neutral,angry,surprised,happy,fearful
M15A09.wav, sad,sad,neutral,angry,happy,fearful,surprised
F21N04.wav, sad,sad,neutral,angry,fearful,happy,surprised
M04N47.wav, sad,sad,neutral,angry,happy,fearful,surprised
M07N01.wav, sad,sad,angry,neutral,fearful,happy,surprised
M25A50.wav, sad,sad,angry,neutral,fearful,happy,surprised
F24N04.wav, sad,sad,neutral,angry,happy,fearful,surprised
M51N10.wav, sad,sad,neutral,fearful,surprised,angry,happy
F07S30.wav, sad,sad,neutral,angry,fearful,surprised,happy
F09A01.wav, sad,sad,neutral,fearful,surprised,angry,happy
M28A18.wav, sad,sad,neutral,angry,fearful,happy,surprised
M37N01.wav, sad,sad,neutral,angry,fearful,happy,surprised
F21A13.wav, sad,sad,neutral,angry,fearful,happy,surprised
F13A16.wav, sad,sad,neutral,angry,happy,fearful,surprised
F30A05.wav, sad,sad,neutral,fearful,angry,surprised,happy
F24A11.wav, sad,sad,neutral,fearful,angry,happy,surprised
F21S32.wav, sad,sad,neutral,fearful,happy,angry,surprised
M25H04.wav, neutral,neutral,sad,angry,happy,fearful,surprised
M09A08.wav, sad,sad,neutral,angry,happy,fearful,surprised
F24W18.wav, sad,sad,angry,neutral,fearful,happy,surprised
F19N17.wav, sad,sad,neutral,fearful,happy,angry,surprised
F21N08.wav, sad,sad,neutral,angry,fearful,happy,surprised
F03A06.wav, sad,sad,neutral,angry,fearful,happy,surprised
M53A08.wav, sad,sad,neutral,angry,fearful,happy,surprised
M12N84.wav, sad,sad,neutral,angry,happy,fearful,surprised
F24S17.wav, sad,sad,neutral,happy,angry,fearful,surprised
F24S15.wav, sad,sad,neutral,fearful,happy,angry,surprised
F21S18.wav, sad,sad,neutral,angry,fearful,happy,surprised
M03A13.wav, sad,sad,neutral,angry,fearful,happy,surprised
F24A32.wav, sad,sad,angry,neutral,fearful,happy,surprised
M02A15.wav, sad,sad,neutral,happy,angry,fearful,surprised
F01S11.wav, sad,sad,neutral,angry,fearful,happy,surprised
F21S08.wav, sad,sad,neutral,angry,happy,fearful,surprised
M44N15.wav, neutral,neutral,sad,angry,happy,fearful,surprised
M04W02.wav, sad,sad,neutral,angry,happy,fearful,surprised
M12A68.wav, sad,sad,neutral,angry,fearful,happy,surprised
M22W01.wav, sad,sad,neutral,angry,fearful,happy,surprised
M24S04.wav, sad,sad,neutral,fearful,angry,surprised,happy
M12A18.wav, sad,sad,neutral,angry,fearful,surprised,happy
M46W01.wav, sad,sad,neutral,angry,fearful,surprised,happy
F05N38.wav, sad,sad,neutral,happy,fearful,angry,surprised
F05N20.wav, sad,sad,neutral,fearful,happy,angry,surprised
F07S44.wav, sad,sad,neutral,angry,fearful,surprised,happy
M04N16.wav, neutral,neutral,sad,angry,happy,fearful,surprised
F07H02.wav, sad,sad,neutral,fearful,angry,surprised,happy
F07S24.wav, sad,sad,neutral,angry,happy,fearful,surprised
F21S35.wav, sad,sad,neutral,angry,happy,fearful,surprised
M43W02.wav, sad,sad,angry,fearful,happy,neutral,surprised
F24A53.wav, neutral,neutral,sad,angry,happy,fearful,surprised
M12A35.wav, sad,sad,angry,neutral,happy,fearful,surprised
F24N07.wav, sad,sad,neutral,fearful,angry,surprised,happy
M28A19.wav, sad,sad,neutral,angry,happy,fearful,surprised
M06S03.wav, neutral,neutral,sad,angry,fearful,happy,surprised
F07A15.wav, sad,sad,angry,fearful,neutral,happy,surprised
F17A02.wav, sad,sad,neutral,fearful,happy,angry,surprised
F07A50.wav, sad,sad,neutral,happy,angry,fearful,surprised
M03A26.wav, sad,sad,neutral,angry,fearful,happy,surprised
F05N24.wav, sad,sad,neutral,fearful,happy,surprised,angry
M16A10.wav, sad,sad,neutral,angry,fearful,happy,surprised
F21N12.wav, sad,sad,neutral,angry,happy,fearful,surprised
F07A54.wav, sad,sad,neutral,angry,happy,fearful,surprised
F04A04.wav, sad,sad,neutral,fearful,happy,angry,surprised
M26A17.wav, sad,sad,neutral,angry,happy,fearful,surprised
F24W11.wav, sad,sad,neutral,fearful,happy,angry,surprised
M50A05.wav, sad,sad,neutral,angry,fearful,surprised,happy
M31N03.wav, sad,sad,neutral,fearful,angry,happy,surprised
F17N01.wav, sad,sad,neutral,fearful,happy,angry,surprised
M25A17.wav, sad,sad,neutral,angry,fearful,happy,surprised
F13A13.wav, sad,sad,neutral,angry,happy,fearful,surprised
M26A21.wav, sad,sad,neutral,angry,fearful,happy,surprised
M35A01.wav, sad,sad,neutral,angry,fearful,surprised,happy
M44H03.wav, sad,sad,neutral,happy,fearful,angry,surprised
F19N01.wav, sad,sad,neutral,fearful,happy,angry,surprised
M16N02.wav, sad,sad,neutral,angry,happy,fearful,surprised
M44N09.wav, neutral,neutral,sad,angry,fearful,surprised,happy
F23H04.wav, sad,sad,neutral,fearful,surprised,angry,happy
M28N23.wav, sad,sad,neutral,angry,fearful,surprised,happy
F24A06.wav, sad,sad,neutral,fearful,happy,angry,surprised
M02A08.wav, sad,sad,neutral,angry,happy,fearful,surprised
M34A01.wav, sad,sad,neutral,angry,happy,fearful,surprised
M25N19.wav, sad,sad,neutral,angry,happy,fearful,surprised
F30A08.wav, sad,sad,neutral,happy,fearful,angry,surprised
M12N61.wav, sad,sad,neutral,happy,fearful,surprised,angry
F01N08.wav, sad,sad,neutral,angry,happy,fearful,surprised
M16A11.wav, sad,sad,neutral,angry,fearful,happy,surprised
F20W05.wav, sad,sad,neutral,angry,fearful,surprised,happy
M09A11.wav, sad,sad,neutral,fearful,angry,happy,surprised
F31A03.wav, sad,sad,neutral,fearful,happy,angry,surprised
F21S09.wav, sad,sad,neutral,angry,happy,fearful,surprised
M41H05.wav, sad,sad,neutral,angry,happy,fearful,surprised
F20H01.wav, sad,sad,angry,neutral,fearful,happy,surprised
F24H15.wav, sad,sad,neutral,angry,fearful,happy,surprised
M56N02.wav, sad,sad,neutral,fearful,happy,angry,surprised
F12A09.wav, sad,sad,neutral,angry,fearful,happy,surprised
F09S11.wav, sad,sad,angry,neutral,fearful,surprised,happy
M05N11.wav, neutral,neutral,sad,happy,angry,fearful,surprised
M46N01.wav, sad,sad,neutral,fearful,surprised,angry,happy
F21A33.wav, sad,sad,neutral,fearful,angry,happy,surprised
M18N02.wav, sad,sad,neutral,surprised,fearful,angry,happy
M43W05.wav, sad,sad,angry,fearful,surprised,neutral,happy
M25W03.wav, sad,sad,neutral,angry,fearful,happy,surprised
F01A21.wav, sad,sad,neutral,angry,happy,fearful,surprised
M05A04.wav, sad,sad,neutral,angry,fearful,happy,surprised
M04N61.wav, sad,sad,neutral,angry,happy,fearful,surprised
F25A02.wav, sad,sad,neutral,angry,happy,fearful,surprised
M53A27.wav, sad,sad,neutral,angry,fearful,happy,surprised
M34A09.wav, sad,sad,neutral,angry,fearful,happy,surprised
M38N13.wav, sad,sad,neutral,angry,fearful,happy,surprised
M40N43.wav, neutral,neutral,sad,happy,angry,fearful,surprised
M37N04.wav, sad,sad,neutral,angry,fearful,happy,surprised
M34S03.wav, sad,sad,neutral,angry,fearful,surprised,happy
M40N29.wav, neutral,neutral,sad,happy,angry,fearful,surprised
M15A03.wav, sad,sad,neutral,angry,happy,fearful,surprised
M36S06.wav, sad,sad,neutral,fearful,angry,surprised,happy
M05A08.wav, sad,sad,neutral,angry,happy,fearful,surprised
F10A59.wav, sad,sad,neutral,fearful,angry,happy,surprised
M15N01.wav, sad,sad,angry,neutral,fearful,happy,surprised
F24A61.wav, sad,sad,neutral,fearful,angry,happy,surprised
M02A14.wav, sad,sad,neutral,angry,fearful,happy,surprised
F21S27.wav, sad,sad,neutral,fearful,surprised,angry,happy
F02W04.wav, sad,sad,neutral,angry,fearful,happy,surprised
F02F01.wav, sad,sad,neutral,surprised,fearful,angry,happy
F23A04.wav, sad,sad,neutral,angry,happy,fearful,surprised
F24A56.wav, sad,sad,angry,fearful,surprised,neutral,happy
M16H07.wav, sad,sad,neutral,fearful,angry,happy,surprised
M27N50.wav, sad,sad,neutral,angry,fearful,happy,surprised
M44N12.wav, neutral,neutral,sad,angry,happy,fearful,surprised
M33N01.wav, sad,sad,neutral,angry,fearful,happy,surprised
F09W04.wav, sad,sad,angry,neutral,fearful,happy,surprised
F05W01.wav, sad,sad,neutral,happy,angry,fearful,surprised
M14N01.wav, sad,sad,neutral,angry,happy,fearful,surprised
F07S40.wav, sad,sad,neutral,fearful,surprised,angry,happy
F24W23.wav, sad,sad,neutral,fearful,angry,surprised,happy
F24H16.wav, sad,sad,neutral,angry,fearful,happy,surprised
M08N07.wav, sad,sad,fearful,surprised,neutral,angry,happy
M25A53.wav, sad,sad,neutral,angry,happy,fearful,surprised
M03N07.wav, sad,sad,neutral,angry,fearful,happy,surprised
F01A09.wav, sad,sad,neutral,angry,fearful,happy,surprised
M28S15.wav, sad,sad,neutral,fearful,surprised,angry,happy
M24W02.wav, sad,sad,angry,fearful,neutral,happy,surprised
M12N87.wav, sad,sad,neutral,happy,angry,fearful,surprised
M49N03.wav, sad,sad,neutral,surprised,fearful,angry,happy
M32S01.wav, sad,sad,neutral,fearful,surprised,angry,happy
F10A08.wav, sad,sad,neutral,fearful,happy,angry,surprised
F10A06.wav, sad,sad,angry,neutral,fearful,happy,surprised
F24S21.wav, sad,sad,neutral,angry,fearful,happy,surprised
M43A12.wav, sad,sad,neutral,angry,happy,fearful,surprised
M56W01.wav, sad,sad,angry,neutral,fearful,happy,surprised
F04A07.wav, sad,sad,neutral,fearful,surprised,angry,happy
M19A01.wav, neutral,neutral,sad,fearful,happy,angry,surprised
F09S03.wav, sad,sad,neutral,fearful,happy,angry,surprised
M14N05.wav, sad,sad,neutral,happy,angry,fearful,surprised
M12N02.wav, sad,sad,neutral,fearful,happy,angry,surprised
M24W01.wav, sad,sad,neutral,angry,happy,fearful,surprised
M44W02.wav, sad,sad,angry,neutral,happy,fearful,surprised
F05N42.wav, sad,sad,neutral,fearful,happy,surprised,angry
F28A09.wav, sad,sad,neutral,fearful,happy,angry,surprised
M26A10.wav, sad,sad,neutral,fearful,angry,happy,surprised
M44N18.wav, sad,sad,neutral,happy,angry,fearful,surprised
F30S10.wav, sad,sad,neutral,happy,fearful,angry,surprised
F05N30.wav, sad,sad,neutral,happy,fearful,surprised,angry
F11N01.wav, sad,sad,neutral,surprised,fearful,angry,happy
F01A07.wav, sad,sad,neutral,angry,fearful,happy,surprised
M03N05.wav, sad,sad,neutral,surprised,fearful,angry,happy
F19N30.wav, neutral,neutral,sad,angry,happy,fearful,surprised
M53N26.wav, sad,sad,neutral,fearful,surprised,angry,happy
M51N13.wav, sad,sad,neutral,surprised,fearful,angry,happy
F10A01.wav, sad,sad,neutral,angry,happy,fearful,surprised
M40N52.wav, neutral,neutral,sad,angry,happy,fearful,surprised
F10A26.wav, sad,sad,neutral,angry,happy,fearful,surprised
F21S23.wav, sad,sad,neutral,angry,fearful,happy,surprised
M22A03.wav, sad,sad,surprised,fearful,neutral,angry,happy
F05N27.wav, sad,sad,neutral,happy,fearful,angry,surprised
M28N11.wav, sad,sad,neutral,angry,happy,fearful,surprised
F26S01.wav, sad,sad,neutral,fearful,happy,angry,surprised
M39N01.wav, sad,sad,neutral,fearful,angry,surprised,happy
M04N52.wav, sad,sad,neutral,happy,fearful,angry,surprised
F24W06.wav, sad,sad,neutral,angry,fearful,surprised,happy
F24A24.wav, sad,sad,neutral,happy,angry,fearful,surprised
M47N12.wav, sad,sad,neutral,angry,fearful,happy,surprised
M51N09.wav, sad,sad,neutral,angry,fearful,surprised,happy
F05N26.wav, sad,sad,neutral,fearful,happy,angry,surprised
F05N02.wav, neutral,neutral,sad,happy,fearful,angry,surprised
F24F02.wav, sad,sad,neutral,happy,angry,fearful,surprised
F21F01.wav, sad,sad,angry,neutral,fearful,happy,surprised
M09A24.wav, sad,sad,neutral,surprised,happy,fearful,angry
M26A08.wav, sad,sad,angry,fearful,happy,neutral,surprised
M16H02.wav, sad,sad,neutral,fearful,angry,happy,surprised
M16A25.wav, sad,sad,angry,neutral,happy,fearful,surprised
F02W02.wav, sad,sad,neutral,fearful,happy,angry,surprised
F24H02.wav, sad,sad,neutral,fearful,angry,happy,surprised
M05N17.wav, sad,sad,neutral,fearful,happy,angry,surprised
M25S02.wav, sad,sad,neutral,angry,fearful,surprised,happy
M47N04.wav, sad,sad,neutral,happy,fearful,surprised,angry
F03F03.wav, sad,sad,angry,neutral,fearful,surprised,happy
M12N18.wav, sad,sad,neutral,angry,fearful,happy,surprised
F22W01.wav, sad,sad,neutral,angry,fearful,surprised,happy
F07A42.wav, sad,sad,neutral,angry,happy,fearful,surprised
M04N60.wav, neutral,neutral,sad,happy,angry,fearful,surprised
M22N08.wav, sad,sad,neutral,angry,happy,fearful,surprised
F22A03.wav, sad,sad,neutral,fearful,happy,angry,surprised
M47N13.wav, sad,sad,neutral,angry,fearful,surprised,happy
F21S40.wav, sad,sad,neutral,angry,happy,fearful,surprised
M38N06.wav, sad,sad,neutral,angry,happy,fearful,surprised
F01A11.wav, sad,sad,neutral,fearful,happy,angry,surprised
M02A23.wav, sad,sad,neutral,angry,fearful,happy,surprised
M53A02.wav, sad,sad,neutral,angry,happy,fearful,surprised
M53N04.wav, sad,sad,neutral,angry,fearful,happy,surprised
F05N23.wav, sad,sad,neutral,fearful,happy,surprised,angry
F12A13.wav, sad,sad,neutral,fearful,angry,happy,surprised
M50A03.wav, sad,sad,neutral,angry,fearful,surprised,happy
M05N01.wav, sad,sad,angry,neutral,fearful,surprised,happy
F24N14.wav, neutral,neutral,sad,angry,happy,fearful,surprised
M28A01.wav, neutral,neutral,sad,angry,happy,fearful,surprised
F07A05.wav, sad,sad,angry,neutral,happy,fearful,surprised
F10A42.wav, sad,sad,neutral,happy,angry,fearful,surprised
M28A28.wav, sad,sad,neutral,angry,fearful,surprised,happy
F23N08.wav, sad,sad,neutral,angry,fearful,happy,surprised
M48A05.wav, sad,sad,neutral,fearful,angry,surprised,happy
M45N05.wav, sad,sad,neutral,fearful,angry,happy,surprised
M29A03.wav, sad,sad,neutral,fearful,angry,surprised,happy
M02A07.wav, sad,sad,neutral,angry,happy,fearful,surprised
F07S16.wav, sad,sad,neutral,fearful,surprised,happy,angry
M40N46.wav, sad,sad,neutral,fearful,angry,happy,surprised
F12N07.wav, sad,sad,neutral,angry,fearful,happy,surprised
F24A70.wav, sad,sad,neutral,angry,fearful,happy,surprised
F13A12.wav, sad,sad,neutral,fearful,happy,angry,surprised
F21A44.wav, sad,sad,neutral,fearful,angry,happy,surprised
M32N01.wav, sad,sad,neutral,fearful,surprised,angry,happy
F06H09.wav, neutral,neutral,sad,happy,fearful,angry,surprised
M41N02.wav, sad,sad,neutral,angry,happy,fearful,surprised
F07A08.wav, sad,sad,neutral,angry,happy,fearful,surprised
F03S15.wav, neutral,neutral,sad,angry,happy,fearful,surprised
F07A04.wav, sad,sad,angry,neutral,fearful,happy,surprised
M02A09.wav, sad,sad,neutral,angry,happy,fearful,surprised
M31N01.wav, sad,sad,neutral,fearful,angry,happy,surprised
F21A51.wav, sad,sad,neutral,fearful,happy,angry,surprised
F19N34.wav, sad,sad,neutral,happy,fearful,surprised,angry
M25S07.wav, sad,sad,neutral,fearful,happy,angry,surprised
F21S41.wav, sad,sad,neutral,angry,happy,fearful,surprised
F05N10.wav, sad,sad,neutral,fearful,surprised,angry,happy
M03A22.wav, sad,sad,angry,neutral,happy,fearful,surprised
M05N02.wav, sad,sad,neutral,angry,fearful,surprised,happy
F20N06.wav, sad,sad,neutral,happy,fearful,angry,surprised
F02N03.wav, sad,sad,neutral,angry,fearful,happy,surprised
F10A44.wav, sad,sad,neutral,angry,fearful,happy,surprised
F24A65.wav, neutral,neutral,sad,happy,fearful,angry,surprised
F09N02.wav, sad,sad,neutral,angry,fearful,happy,surprised
M12N41.wav, sad,sad,neutral,fearful,angry,surprised,happy
M31A05.wav, sad,sad,neutral,angry,happy,fearful,surprised
M26A28.wav, sad,sad,neutral,angry,fearful,surprised,happy
F23A13.wav, sad,sad,neutral,angry,fearful,surprised,happy
M20A06.wav, sad,sad,neutral,fearful,surprised,angry,happy
M25A61.wav, sad,sad,neutral,happy,angry,fearful,surprised
F31A01.wav, sad,sad,neutral,angry,fearful,happy,surprised
M25N16.wav, neutral,neutral,sad,happy,angry,fearful,surprised
M12N72.wav, sad,sad,neutral,fearful,happy,angry,surprised
F22S01.wav, sad,sad,angry,fearful,surprised,neutral,happy
F10A53.wav, sad,sad,neutral,angry,happy,fearful,surprised
F24W08.wav, sad,sad,angry,neutral,fearful,surprised,happy
M26A16.wav, sad,sad,neutral,fearful,happy,angry,surprised
F28A06.wav, sad,sad,neutral,fearful,surprised,angry,happy
F14N08.wav, sad,sad,neutral,fearful,happy,angry,surprised
F13A19.wav, sad,sad,neutral,fearful,angry,happy,surprised
F01S04.wav, sad,sad,neutral,fearful,angry,happy,surprised
F05N51.wav, sad,sad,neutral,fearful,angry,happy,surprised
M12A61.wav, sad,sad,neutral,angry,happy,fearful,surprised
M34N03.wav, sad,sad,neutral,fearful,surprised,angry,happy
F10A13.wav, sad,sad,neutral,happy,fearful,angry,surprised
M12A22.wav, sad,sad,neutral,angry,happy,fearful,surprised
F14N05.wav, sad,sad,neutral,angry,fearful,happy,surprised
F09S13.wav, neutral,neutral,sad,happy,angry,fearful,surprised
F12W01.wav, sad,sad,neutral,angry,fearful,happy,surprised
F24A45.wav, sad,sad,neutral,fearful,angry,happy,surprised
F05N19.wav, sad,sad,neutral,fearful,surprised,happy,angry
M44N14.wav, sad,sad,neutral,angry,fearful,surprised,happy
M34A07.wav, sad,sad,neutral,angry,fearful,surprised,happy
M17N07.wav, sad,sad,neutral,angry,fearful,happy,surprised
M20N03.wav, sad,sad,neutral,angry,fearful,happy,surprised
M13A01.wav, sad,sad,neutral,angry,fearful,happy,surprised
M40N54.wav, neutral,neutral,sad,angry,happy,fearful,surprised
F21A32.wav, sad,sad,neutral,angry,happy,fearful,surprised
F03N06.wav, neutral,neutral,sad,happy,angry,fearful,surprised
M12A59.wav, sad,sad,neutral,angry,fearful,happy,surprised
M26A14.wav, sad,sad,angry,neutral,fearful,happy,surprised
M29A10.wav, sad,sad,neutral,angry,fearful,happy,surprised
F28A23.wav, sad,sad,neutral,happy,fearful,angry,surprised
M12A30.wav, sad,sad,neutral,fearful,angry,happy,surprised
M43W08.wav, sad,sad,neutral,angry,happy,fearful,surprised
M47N19.wav, sad,sad,neutral,fearful,surprised,happy,angry
M11H07.wav, sad,sad,neutral,fearful,surprised,angry,happy
F03F01.wav, sad,sad,neutral,angry,fearful,happy,surprised
M28S20.wav, sad,sad,neutral,surprised,fearful,angry,happy
F28A22.wav, sad,sad,neutral,fearful,angry,surprised,happy
F28S06.wav, sad,sad,neutral,fearful,surprised,angry,happy
F28A10.wav, neutral,neutral,sad,happy,fearful,surprised,angry
F03S08.wav, neutral,neutral,sad,angry,happy,fearful,surprised
F21W09.wav, sad,sad,surprised,fearful,angry,neutral,happy
M04A02.wav, sad,sad,neutral,angry,happy,fearful,surprised
F13A06.wav, sad,sad,neutral,angry,fearful,happy,surprised
M12S06.wav, sad,sad,neutral,happy,angry,fearful,surprised
M27N24.wav, sad,sad,neutral,fearful,angry,happy,surprised
M40N20.wav, sad,sad,neutral,fearful,angry,surprised,happy
M40A03.wav, sad,sad,neutral,angry,happy,fearful,surprised
F15A03.wav, neutral,neutral,sad,happy,fearful,angry,surprised
M24A02.wav, sad,sad,neutral,happy,fearful,angry,surprised
F24S01.wav, sad,sad,neutral,surprised,fearful,angry,happy
F21N22.wav, sad,sad,neutral,angry,happy,fearful,surprised
F24A14.wav, sad,sad,angry,fearful,surprised,neutral,happy
M51N18.wav, sad,sad,neutral,fearful,surprised,angry,happy
M12A02.wav, sad,sad,angry,neutral,fearful,happy,surprised
M25W09.wav, sad,sad,surprised,fearful,angry,happy,neutral
M25W06.wav, sad,sad,neutral,angry,fearful,happy,surprised
M05N07.wav, sad,sad,angry,neutral,fearful,surprised,happy
F24A08.wav, sad,sad,angry,neutral,fearful,surprised,happy
F21A14.wav, sad,sad,neutral,fearful,angry,surprised,happy
M21N03.wav, sad,sad,neutral,angry,fearful,happy,surprised
M55H01.wav, sad,sad,neutral,fearful,angry,surprised,happy
F01W04.wav, sad,sad,neutral,angry,fearful,surprised,happy
F28A17.wav, sad,sad,neutral,fearful,surprised,angry,happy
M09N01.wav, sad,sad,neutral,happy,angry,fearful,surprised
M28H01.wav, neutral,neutral,sad,happy,angry,fearful,surprised
M29A02.wav, sad,sad,neutral,angry,happy,fearful,surprised
F22N04.wav, sad,sad,neutral,angry,fearful,surprised,happy
M12A60.wav, sad,sad,neutral,angry,fearful,happy,surprised
M25A23.wav, sad,sad,neutral,angry,fearful,happy,surprised
M16A24.wav, neutral,neutral,sad,angry,happy,fearful,surprised
M28A02.wav, sad,sad,neutral,fearful,angry,happy,surprised
F30N01.wav, sad,sad,neutral,angry,fearful,surprised,happy
F01S13.wav, sad,sad,neutral,fearful,happy,surprised,angry
F09A13.wav, sad,sad,neutral,fearful,happy,angry,surprised
F21H05.wav, sad,sad,angry,neutral,fearful,happy,surprised
M44S01.wav, sad,sad,neutral,fearful,happy,angry,surprised
M28A23.wav, sad,sad,neutral,angry,fearful,happy,surprised
M51N08.wav, sad,sad,neutral,surprised,fearful,happy,angry
M43A07.wav, sad,sad,neutral,angry,fearful,happy,surprised
F17A03.wav, sad,sad,neutral,happy,angry,fearful,surprised
F05S03.wav, sad,sad,neutral,fearful,happy,angry,surprised
F24N10.wav, sad,sad,neutral,angry,fearful,happy,surprised
F30A02.wav, sad,sad,neutral,angry,fearful,happy,surprised
M25A40.wav, sad,sad,neutral,angry,fearful,happy,surprised
M49H01.wav, sad,sad,neutral,fearful,angry,surprised,happy
M12A03.wav, sad,sad,neutral,angry,fearful,surprised,happy
M08N03.wav, sad,sad,angry,fearful,surprised,neutral,happy
M43N04.wav, neutral,neutral,sad,angry,happy,fearful,surprised
M03A04.wav, sad,sad,angry,fearful,happy,neutral,surprised
M44S04.wav, sad,sad,neutral,fearful,angry,happy,surprised
F20N13.wav, sad,sad,neutral,angry,fearful,happy,surprised
F24N02.wav, sad,sad,neutral,angry,fearful,happy,surprised
F15N02.wav, neutral,neutral,sad,happy,angry,fearful,surprised
M03A29.wav, sad,sad,neutral,happy,angry,fearful,surprised
M37N14.wav, sad,sad,neutral,angry,happy,fearful,surprised
F19N35.wav, neutral,neutral,sad,happy,angry,fearful,surprised
F09A02.wav, sad,sad,neutral,fearful,happy,angry,surprised
M44N19.wav, sad,sad,neutral,fearful,happy,angry,surprised
M05S12.wav, sad,sad,neutral,surprised,fearful,angry,happy
M40N45.wav, neutral,neutral,sad,happy,angry,fearful,surprised
F07S17.wav, sad,sad,neutral,fearful,surprised,angry,happy
M56A01.wav, sad,sad,neutral,angry,fearful,happy,surprised
F01H05.wav, sad,sad,neutral,fearful,surprised,angry,happy
F09S10.wav, sad,sad,neutral,angry,happy,fearful,surprised
F02S06.wav, sad,sad,neutral,fearful,angry,happy,surprised
F02S13.wav, sad,sad,neutral,fearful,angry,happy,surprised
F23A20.wav, sad,sad,angry,neutral,happy,fearful,surprised
M25N10.wav, neutral,neutral,sad,happy,fearful,angry,surprised
F17H01.wav, sad,sad,neutral,angry,fearful,happy,surprised
F03W09.wav, sad,sad,angry,fearful,neutral,surprised,happy
M29S02.wav, sad,sad,neutral,surprised,fearful,angry,happy
M12S10.wav, sad,sad,neutral,fearful,angry,happy,surprised
M12N56.wav, sad,sad,neutral,happy,fearful,angry,surprised
M02A03.wav, sad,sad,neutral,angry,fearful,happy,surprised
M12W07.wav, sad,sad,neutral,happy,angry,fearful,surprised
M27N46.wav, sad,sad,neutral,fearful,angry,happy,surprised
F15A02.wav, sad,sad,neutral,angry,happy,fearful,surprised
F07A49.wav, sad,sad,neutral,angry,fearful,happy,surprised
M37N02.wav, neutral,neutral,sad,angry,happy,fearful,surprised
M21S01.wav, sad,sad,neutral,fearful,surprised,angry,happy
F22S11.wav, sad,sad,neutral,fearful,surprised,angry,happy
M53N16.wav, sad,sad,neutral,fearful,angry,surprised,happy
F24S04.wav, sad,sad,neutral,fearful,surprised,happy,angry
F19N36.wav, neutral,neutral,sad,happy,angry,fearful,surprised
F09S15.wav, sad,sad,neutral,angry,happy,fearful,surprised
F24H17.wav, sad,sad,neutral,happy,fearful,angry,surprised
F28N01.wav, sad,sad,neutral,angry,fearful,happy,surprised
M48N05.wav, sad,sad,neutral,angry,fearful,surprised,happy
M12N54.wav, sad,sad,neutral,angry,fearful,surprised,happy
M12N40.wav, sad,sad,neutral,angry,fearful,happy,surprised
M25A09.wav, sad,sad,neutral,angry,happy,fearful,surprised
F03S12.wav, neutral,neutral,sad,happy,angry,fearful,surprised
M16A21.wav, sad,sad,neutral,fearful,angry,happy,surprised
M40N09.wav, neutral,neutral,sad,happy,angry,fearful,surprised
F24S14.wav, sad,sad,neutral,angry,happy,fearful,surprised
M32H02.wav, sad,sad,neutral,fearful,surprised,angry,happy
F21S01.wav, sad,sad,neutral,surprised,fearful,angry,happy
M21N11.wav, sad,sad,neutral,angry,fearful,happy,surprised
F28A14.wav, sad,sad,neutral,fearful,surprised,angry,happy
F28A11.wav, sad,sad,neutral,fearful,surprised,angry,happy
M19W01.wav, sad,sad,surprised,angry,neutral,fearful,happy
M22W03.wav, sad,sad,neutral,fearful,angry,surprised,happy
M40N10.wav, sad,sad,neutral,angry,happy,fearful,surprised
M12H01.wav, sad,sad,neutral,happy,angry,fearful,surprised
M40N35.wav, sad,sad,neutral,happy,fearful,angry,surprised
M18N04.wav, sad,sad,neutral,angry,happy,fearful,surprised
M41W06.wav, sad,sad,fearful,angry,happy,surprised,neutral
M15A02.wav, sad,sad,neutral,angry,fearful,surprised,happy
F03S01.wav, sad,sad,neutral,angry,fearful,happy,surprised
F28A27.wav, sad,sad,neutral,fearful,surprised,angry,happy
M27N22.wav, sad,sad,neutral,fearful,angry,happy,surprised
F12N04.wav, sad,sad,neutral,angry,fearful,happy,surprised
M28A35.wav, sad,sad,neutral,angry,happy,fearful,surprised
F24N08.wav, sad,sad,neutral,angry,happy,fearful,surprised
M19A03.wav, neutral,neutral,sad,happy,fearful,angry,surprised
M19N05.wav, neutral,neutral,sad,happy,angry,fearful,surprised
M15A04.wav, sad,sad,neutral,fearful,angry,happy,surprised
M03S03.wav, sad,sad,neutral,angry,fearful,happy,surprised
M54A01.wav, sad,sad,neutral,angry,fearful,happy,surprised
M34A06.wav, sad,sad,neutral,fearful,angry,happy,surprised
M53N09.wav, sad,sad,neutral,fearful,surprised,angry,happy
F18S01.wav, sad,sad,neutral,happy,angry,fearful,surprised
F09H03.wav, sad,sad,neutral,angry,happy,fearful,surprised
F30S09.wav, neutral,neutral,sad,happy,angry,fearful,surprised
M22N02.wav, sad,sad,neutral,angry,happy,fearful,surprised
M07F03.wav, sad,sad,neutral,angry,fearful,happy,surprised
F05N39.wav, sad,sad,neutral,fearful,happy,surprised,angry
F19N10.wav, sad,sad,neutral,fearful,happy,angry,surprised
M08H02.wav, sad,sad,neutral,angry,fearful,surprised,happy
F01A06.wav, sad,sad,angry,neutral,happy,fearful,surprised
M46N10.wav, sad,sad,neutral,angry,fearful,happy,surprised
F13A10.wav, sad,sad,neutral,fearful,happy,angry,surprised
M04N51.wav, neutral,neutral,sad,angry,happy,fearful,surprised
F09N03.wav, sad,sad,neutral,angry,happy,fearful,surprised
F21N18.wav, sad,sad,neutral,angry,happy,fearful,surprised
M51N14.wav, sad,sad,neutral,surprised,fearful,angry,happy
M47A11.wav, sad,sad,neutral,angry,fearful,happy,surprised
M44N06.wav, sad,sad,neutral,angry,happy,fearful,surprised
M12N20.wav, sad,sad,neutral,fearful,surprised,angry,happy
M04S07.wav, sad,sad,neutral,fearful,surprised,angry,happy
M36N02.wav, neutral,neutral,sad,happy,fearful,surprised,angry
M28S02.wav, sad,sad,neutral,angry,fearful,surprised,happy
F24A46.wav, neutral,neutral,sad,happy,angry,fearful,surprised
M39W01.wav, sad,sad,neutral,fearful,angry,happy,surprised
M30A03.wav, sad,sad,neutral,angry,fearful,surprised,happy
M05S13.wav, sad,sad,neutral,fearful,angry,surprised,happy
M40N06.wav, sad,sad,neutral,angry,fearful,happy,surprised
F19N28.wav, sad,sad,neutral,happy,fearful,angry,surprised
M47N26.wav, sad,sad,neutral,angry,happy,fearful,surprised
M27N30.wav, sad,sad,neutral,angry,fearful,happy,surprised
F05N31.wav, sad,sad,neutral,fearful,angry,happy,surprised
F19N04.wav, neutral,neutral,sad,happy,angry,fearful,surprised
M46N05.wav, sad,sad,neutral,surprised,fearful,angry,happy
M18N14.wav, sad,sad,neutral,happy,angry,fearful,surprised
F24N13.wav, sad,sad,neutral,happy,angry,fearful,surprised
F26F02.wav, sad,sad,neutral,angry,happy,fearful,surprised
F22S06.wav, sad,sad,neutral,angry,fearful,happy,surprised
M18N05.wav, sad,sad,neutral,happy,angry,fearful,surprised
M31S01.wav, sad,sad,neutral,angry,fearful,surprised,happy
F28A24.wav, sad,sad,neutral,fearful,surprised,angry,happy
M53A20.wav, sad,sad,neutral,happy,fearful,angry,surprised
M09A03.wav, sad,sad,neutral,angry,fearful,happy,surprised
M40N33.wav, sad,sad,neutral,fearful,angry,happy,surprised
M04H02.wav, sad,sad,neutral,happy,fearful,angry,surprised
F14N07.wav, sad,sad,neutral,angry,fearful,happy,surprised
F11N04.wav, sad,sad,neutral,surprised,fearful,angry,happy
F01N01.wav, sad,sad,neutral,angry,fearful,happy,surprised
M51S01.wav, sad,sad,neutral,fearful,happy,surprised,angry
M54N03.wav, sad,sad,neutral,angry,fearful,happy,surprised
F07A58.wav, sad,sad,angry,neutral,fearful,happy,surprised
M10A01.wav, sad,sad,neutral,fearful,angry,surprised,happy
F21W22.wav, sad,sad,angry,fearful,neutral,happy,surprised
M05A01.wav, sad,sad,neutral,angry,happy,fearful,surprised
F28S08.wav, sad,sad,neutral,fearful,surprised,angry,happy
F21A19.wav, sad,sad,neutral,fearful,angry,happy,surprised
F24A60.wav, sad,sad,neutral,angry,fearful,happy,surprised
F21W33.wav, sad,sad,neutral,angry,fearful,happy,surprised
M02A20.wav, sad,sad,neutral,angry,happy,fearful,surprised
M21W02.wav, sad,sad,neutral,angry,fearful,surprised,happy
F11S03.wav, sad,sad,neutral,fearful,angry,surprised,happy
F06W01.wav, sad,sad,surprised,neutral,angry,fearful,happy
M12N81.wav, sad,sad,neutral,angry,fearful,happy,surprised
M40N01.wav, neutral,neutral,sad,angry,happy,fearful,surprised
M03S13.wav, sad,sad,neutral,angry,happy,fearful,surprised
F03N03.wav, neutral,neutral,sad,angry,happy,fearful,surprised
M40A01.wav, sad,sad,neutral,fearful,happy,angry,surprised
F02S14.wav, sad,sad,neutral,angry,fearful,happy,surprised
M22N12.wav, sad,sad,neutral,fearful,angry,surprised,happy
F19N22.wav, sad,sad,neutral,angry,fearful,happy,surprised
M26W03.wav, sad,sad,neutral,surprised,fearful,happy,angry
M43H01.wav, sad,sad,neutral,angry,happy,fearful,surprised
F20N16.wav, sad,sad,neutral,happy,angry,fearful,surprised
F21S19.wav, sad,sad,neutral,angry,fearful,surprised,happy
M16A01.wav, sad,sad,neutral,fearful,happy,angry,surprised
M25A44.wav, sad,sad,neutral,angry,happy,surprised,fearful
M26A40.wav, neutral,neutral,sad,angry,happy,fearful,surprised
F25N01.wav, sad,sad,neutral,angry,fearful,happy,surprised
M43A15.wav, neutral,neutral,sad,happy,angry,fearful,surprised
M28N18.wav, sad,sad,neutral,happy,angry,fearful,surprised
M12N38.wav, sad,sad,neutral,angry,fearful,happy,surprised
M18N12.wav, sad,sad,neutral,fearful,angry,happy,surprised
F21A52.wav, sad,sad,neutral,fearful,angry,happy,surprised
F07S48.wav, sad,sad,neutral,happy,angry,fearful,surprised
M42A01.wav, sad,sad,neutral,angry,happy,fearful,surprised
M25S01.wav, sad,sad,neutral,angry,fearful,surprised,happy
M12A39.wav, sad,sad,neutral,angry,happy,fearful,surprised
M12A28.wav, sad,sad,angry,neutral,fearful,happy,surprised
M24N02.wav, sad,sad,neutral,surprised,fearful,happy,angry
M25A12.wav, sad,sad,neutral,angry,happy,fearful,surprised
M46A05.wav, sad,sad,neutral,fearful,surprised,angry,happy
F13A24.wav, sad,sad,neutral,fearful,surprised,angry,happy
F18S02.wav, sad,sad,neutral,angry,happy,fearful,surprised
M25A30.wav, sad,sad,neutral,happy,angry,fearful,surprised
F10A57.wav, sad,sad,neutral,angry,happy,fearful,surprised
M07N05.wav, sad,sad,neutral,angry,happy,fearful,surprised
M24N03.wav, sad,sad,neutral,angry,fearful,happy,surprised
M34S02.wav, sad,sad,surprised,neutral,fearful,angry,happy
F24H12.wav, sad,sad,neutral,fearful,angry,happy,surprised
F11N05.wav, sad,sad,neutral,surprised,fearful,angry,happy
F02N01.wav, sad,sad,neutral,fearful,angry,happy,surprised
M43A13.wav, sad,sad,neutral,angry,fearful,happy,surprised
M12A66.wav, sad,sad,angry,neutral,happy,fearful,surprised
M12N80.wav, sad,sad,neutral,fearful,angry,happy,surprised
F19N07.wav, sad,sad,neutral,happy,fearful,angry,surprised
M53N22.wav, sad,sad,neutral,surprised,fearful,angry,happy
F24W24.wav, sad,sad,angry,fearful,surprised,neutral,happy
M28A09.wav, sad,sad,neutral,fearful,angry,surprised,happy
F24H26.wav, sad,sad,neutral,angry,fearful,surprised,happy
M22N13.wav, neutral,neutral,sad,angry,happy,fearful,surprised
M08H04.wav, sad,sad,neutral,angry,fearful,happy,surprised
F21A25.wav, sad,sad,neutral,fearful,angry,happy,surprised
M31A04.wav, sad,sad,neutral,fearful,angry,surprised,happy
M44S02.wav, sad,sad,neutral,angry,fearful,happy,surprised
F07W05.wav, sad,sad,neutral,angry,fearful,happy,surprised
M31N12.wav, neutral,neutral,sad,angry,happy,fearful,surprised
F01W03.wav, sad,sad,neutral,angry,happy,fearful,surprised
F23A11.wav, sad,sad,angry,neutral,fearful,happy,surprised
F01S10.wav, neutral,neutral,sad,angry,happy,fearful,surprised
F05A03.wav, sad,sad,angry,fearful,surprised,neutral,happy
M25A26.wav, sad,sad,neutral,happy,fearful,angry,surprised
M02N04.wav, sad,sad,neutral,angry,happy,fearful,surprised
M11H04.wav, neutral,neutral,sad,happy,angry,fearful,surprised
F06S01.wav, sad,sad,neutral,surprised,fearful,happy,angry
M43N03.wav, sad,sad,neutral,happy,angry,fearful,surprised
M25A56.wav, sad,sad,neutral,happy,angry,fearful,surprised
M22N16.wav, neutral,neutral,sad,angry,happy,fearful,surprised
M55N01.wav, sad,sad,neutral,happy,angry,fearful,surprised
F10A37.wav, sad,sad,neutral,angry,fearful,happy,surprised
M52S01.wav, sad,sad,neutral,fearful,angry,surprised,happy
F24A42.wav, sad,sad,neutral,angry,fearful,happy,surprised
M12N32.wav, sad,sad,neutral,angry,happy,fearful,surprised
M02N10.wav, sad,sad,neutral,angry,fearful,happy,surprised
M34S05.wav, sad,sad,neutral,fearful,surprised,angry,happy
M47N24.wav, sad,sad,neutral,angry,fearful,surprised,happy
F07A33.wav, sad,sad,neutral,angry,fearful,happy,surprised
F02S10.wav, neutral,neutral,sad,happy,angry,fearful,surprised
F21A53.wav, sad,sad,neutral,fearful,happy,angry,surprised
F01N04.wav, sad,sad,neutral,angry,happy,fearful,surprised
M15A01.wav, sad,sad,neutral,angry,fearful,happy,surprised
F12F01.wav, sad,sad,neutral,angry,fearful,surprised,happy
F21A34.wav, sad,sad,neutral,angry,happy,fearful,surprised
F01S06.wav, sad,sad,neutral,happy,angry,fearful,surprised
M28W03.wav, sad,sad,surprised,fearful,neutral,angry,happy
M44S03.wav, sad,sad,neutral,fearful,surprised,happy,angry
F11N02.wav, sad,sad,neutral,angry,happy,fearful,surprised
F07A03.wav, sad,sad,neutral,happy,fearful,angry,surprised
M12N64.wav, sad,sad,neutral,happy,fearful,angry,surprised
M05H02.wav, sad,sad,neutral,angry,fearful,happy,surprised
M53A28.wav, sad,sad,neutral,fearful,surprised,happy,angry
M27N04.wav, sad,sad,neutral,angry,fearful,happy,surprised
F30N04.wav, sad,sad,neutral,angry,fearful,happy,surprised
M40N17.wav, sad,sad,neutral,fearful,angry,happy,surprised
M28N02.wav, neutral,neutral,sad,happy,angry,fearful,surprised
M52S03.wav, neutral,neutral,sad,angry,happy,fearful,surprised
M02S02.wav, sad,sad,neutral,angry,fearful,happy,surprised
M48N08.wav, sad,sad,neutral,fearful,angry,surprised,happy
M30A02.wav, sad,sad,angry,neutral,fearful,happy,surprised
F01S17.wav, sad,sad,neutral,fearful,surprised,angry,happy
M12A07.wav, sad,sad,neutral,fearful,angry,happy,surprised
F05N12.wav, sad,sad,neutral,happy,fearful,surprised,angry
M12N71.wav, sad,sad,neutral,fearful,happy,angry,surprised
M26A15.wav, sad,sad,neutral,fearful,happy,angry,surprised
M44N21.wav, sad,sad,neutral,angry,fearful,surprised,happy
M27N49.wav, sad,sad,neutral,fearful,angry,surprised,happy
F13A14.wav, sad,sad,neutral,fearful,angry,surprised,happy
M25A33.wav, neutral,neutral,sad,angry,happy,fearful,surprised
M37N16.wav, sad,sad,neutral,angry,fearful,surprised,happy
M46N06.wav, sad,sad,neutral,fearful,surprised,angry,happy
M27N43.wav, sad,sad,neutral,angry,happy,fearful,surprised
F24W15.wav, sad,sad,angry,neutral,fearful,happy,surprised
F02N05.wav, sad,sad,neutral,fearful,happy,angry,surprised
F03W04.wav, sad,sad,neutral,angry,fearful,happy,surprised
F07W07.wav, sad,sad,neutral,angry,happy,fearful,surprised
F24A26.wav, neutral,neutral,sad,happy,angry,fearful,surprised
F21A45.wav, sad,sad,neutral,angry,happy,fearful,surprised
M28A41.wav, sad,sad,neutral,angry,fearful,happy,surprised
M25A43.wav, sad,sad,neutral,angry,happy,fearful,surprised
M11S01.wav, sad,sad,neutral,happy,fearful,angry,surprised
M25N13.wav, neutral,neutral,sad,happy,angry,fearful,surprised
F22F01.wav, sad,sad,neutral,angry,happy,fearful,surprised
F07N02.wav, sad,sad,neutral,happy,angry,fearful,surprised
M09A07.wav, sad,sad,neutral,angry,fearful,happy,surprised
M15A12.wav, sad,sad,angry,neutral,happy,fearful,surprised
M41H07.wav, neutral,neutral,sad,fearful,angry,happy,surprised
M28A27.wav, sad,sad,neutral,angry,fearful,happy,surprised
F05A01.wav, sad,sad,neutral,angry,fearful,happy,surprised
F21W31.wav, sad,sad,neutral,angry,fearful,happy,surprised
M19N03.wav, sad,sad,neutral,fearful,angry,surprised,happy
M03S19.wav, sad,sad,neutral,fearful,angry,happy,surprised
M12N23.wav, neutral,neutral,sad,angry,happy,fearful,surprised
M27N21.wav, sad,sad,neutral,fearful,angry,happy,surprised
M05N08.wav, sad,sad,neutral,fearful,surprised,angry,happy
M25N01.wav, sad,sad,neutral,angry,happy,fearful,surprised
F07N05.wav, sad,sad,neutral,angry,happy,fearful,surprised
M03A01.wav, sad,sad,neutral,angry,happy,fearful,surprised
F07A61.wav, sad,sad,neutral,angry,happy,fearful,surprised
F21A08.wav, sad,sad,neutral,fearful,happy,angry,surprised
M22S03.wav, sad,sad,neutral,surprised,fearful,angry,happy
F07A26.wav, sad,sad,neutral,angry,happy,fearful,surprised
F10A47.wav, sad,sad,neutral,happy,angry,fearful,surprised
M43N06.wav, sad,sad,angry,neutral,fearful,happy,surprised
M22N17.wav, sad,sad,neutral,surprised,fearful,angry,happy
F21W26.wav, sad,sad,neutral,angry,fearful,surprised,happy
M04N27.wav, neutral,neutral,sad,happy,angry,fearful,surprised
M37S01.wav, sad,sad,neutral,angry,fearful,surprised,happy
M53N20.wav, sad,sad,neutral,angry,happy,fearful,surprised
M46N09.wav, neutral,neutral,sad,angry,happy,fearful,surprised
F02H04.wav, sad,sad,neutral,angry,fearful,happy,surprised
M55A03.wav, sad,sad,neutral,angry,happy,fearful,surprised
F13A11.wav, sad,sad,neutral,angry,happy,fearful,surprised
F21W04.wav, sad,sad,neutral,angry,happy,fearful,surprised
M24A01.wav, sad,sad,neutral,fearful,angry,happy,surprised
F21A35.wav, sad,sad,neutral,angry,fearful,happy,surprised
F28A13.wav, neutral,neutral,sad,happy,angry,fearful,surprised
F07S13.wav, sad,sad,neutral,angry,fearful,surprised,happy
M55N02.wav, sad,sad,neutral,fearful,angry,happy,surprised
F21A41.wav, sad,sad,neutral,fearful,angry,happy,surprised
M16A31.wav, sad,sad,neutral,angry,fearful,surprised,happy
F10H01.wav, sad,sad,neutral,happy,angry,fearful,surprised
M08N05.wav, sad,sad,neutral,fearful,happy,angry,surprised
F24A49.wav, sad,sad,neutral,angry,happy,fearful,surprised
M53N13.wav, neutral,neutral,sad,happy,angry,fearful,surprised
F29N05.wav, sad,sad,neutral,angry,happy,fearful,surprised
M12N12.wav, sad,sad,neutral,angry,fearful,happy,surprised
M12A15.wav, sad,sad,neutral,angry,fearful,happy,surprised
F10A22.wav, sad,sad,neutral,angry,fearful,happy,surprised
F13W02.wav, sad,sad,neutral,surprised,angry,fearful,happy
M08N10.wav, sad,sad,neutral,angry,fearful,surprised,happy
F24F01.wav, sad,sad,neutral,angry,fearful,happy,surprised
M47N06.wav, sad,sad,neutral,fearful,happy,angry,surprised
M41H03.wav, sad,sad,neutral,happy,angry,fearful,surprised
F04A12.wav, sad,sad,neutral,fearful,angry,surprised,happy
F23A18.wav, sad,sad,neutral,angry,happy,fearful,surprised
M40N14.wav, neutral,neutral,sad,happy,fearful,surprised,angry
F09S04.wav, sad,sad,neutral,angry,fearful,happy,surprised
M12A55.wav, sad,sad,neutral,angry,fearful,happy,surprised
F21A22.wav, sad,sad,surprised,neutral,fearful,angry,happy
M17N04.wav, sad,sad,neutral,angry,fearful,happy,surprised
M47A01.wav, neutral,neutral,sad,happy,angry,fearful,surprised
M01W01.wav, sad,sad,neutral,angry,fearful,happy,surprised
M53N15.wav, sad,sad,neutral,fearful,happy,angry,surprised
F01S02.wav, sad,sad,neutral,angry,fearful,happy,surprised
M47W02.wav, sad,sad,neutral,fearful,surprised,angry,happy
F31A09.wav, sad,sad,neutral,happy,fearful,angry,surprised
M07W02.wav, sad,sad,neutral,surprised,fearful,angry,happy
F07A47.wav, sad,sad,angry,neutral,happy,fearful,surprised
M12N17.wav, sad,sad,neutral,angry,happy,fearful,surprised
F07A27.wav, sad,sad,neutral,happy,angry,fearful,surprised
M22A01.wav, sad,sad,neutral,fearful,happy,angry,surprised
M25A15.wav, sad,sad,angry,happy,fearful,neutral,surprised
M06A01.wav, sad,sad,angry,neutral,happy,fearful,surprised
F30H02.wav, sad,sad,neutral,fearful,happy,angry,surprised
F03A04.wav, sad,sad,neutral,angry,happy,fearful,surprised
F24A67.wav, sad,sad,neutral,fearful,angry,happy,surprised
M25A16.wav, sad,sad,neutral,angry,happy,fearful,surprised
F24A10.wav, sad,sad,neutral,angry,fearful,happy,surprised
F10A20.wav, sad,sad,neutral,fearful,happy,angry,surprised
F03S07.wav, sad,sad,neutral,fearful,surprised,angry,happy
F21N01.wav, sad,sad,neutral,fearful,happy,angry,surprised
M28A40.wav, sad,sad,angry,neutral,fearful,happy,surprised
F01W05.wav, sad,sad,neutral,fearful,happy,angry,surprised
M19N04.wav, sad,sad,neutral,fearful,happy,angry,surprised
F07S18.wav, sad,sad,neutral,fearful,happy,angry,surprised
M03F02.wav, sad,sad,neutral,happy,angry,fearful,surprised
F07A35.wav, sad,sad,neutral,angry,happy,fearful,surprised
M43A09.wav, sad,sad,neutral,happy,fearful,angry,surprised
M16A19.wav, sad,sad,angry,neutral,fearful,happy,surprised
M16F01.wav, sad,sad,neutral,angry,fearful,happy,surprised
M20N04.wav, sad,sad,neutral,angry,surprised,fearful,happy
M12S08.wav, sad,sad,neutral,fearful,angry,surprised,happy
F04A03.wav, sad,sad,neutral,fearful,surprised,angry,happy
M53A01.wav, sad,sad,neutral,angry,fearful,happy,surprised
M51N12.wav, sad,sad,neutral,surprised,fearful,angry,happy
F08N01.wav, sad,sad,neutral,surprised,fearful,angry,happy
F20N02.wav, sad,sad,angry,neutral,fearful,happy,surprised
F13A17.wav, sad,sad,neutral,fearful,angry,happy,surprised
F23A07.wav, sad,sad,neutral,angry,happy,fearful,surprised
M03S17.wav, sad,sad,neutral,angry,happy,fearful,surprised
M03S16.wav, sad,sad,neutral,angry,happy,fearful,surprised
M45A01.wav, neutral,neutral,sad,happy,angry,fearful,surprised
F28A05.wav, sad,sad,neutral,fearful,angry,happy,surprised
M30A07.wav, sad,sad,neutral,angry,fearful,happy,surprised
F05N01.wav, sad,sad,neutral,happy,angry,fearful,surprised
F09H02.wav, sad,sad,neutral,angry,happy,fearful,surprised
M28S09.wav, sad,sad,neutral,surprised,fearful,angry,happy
M08N11.wav, sad,sad,neutral,angry,happy,fearful,surprised
F21H02.wav, sad,sad,angry,neutral,happy,fearful,surprised
M16A29.wav, sad,sad,neutral,fearful,angry,surprised,happy
M05S05.wav, sad,sad,neutral,angry,fearful,surprised,happy
F21S04.wav, sad,sad,angry,neutral,fearful,happy,surprised
M50A01.wav, sad,sad,neutral,fearful,angry,happy,surprised
M18N01.wav, neutral,neutral,sad,happy,angry,fearful,surprised
M27N55.wav, sad,sad,neutral,angry,fearful,happy,surprised
F16S03.wav, sad,sad,neutral,angry,fearful,happy,surprised
M26S05.wav, sad,sad,neutral,angry,fearful,happy,surprised
M34A05.wav, sad,sad,neutral,angry,happy,fearful,surprised
M05F01.wav, sad,sad,neutral,fearful,surprised,angry,happy
M32N03.wav, sad,sad,neutral,fearful,surprised,angry,happy
M26A03.wav, sad,sad,neutral,angry,fearful,happy,surprised
M14N03.wav, neutral,neutral,sad,angry,happy,fearful,surprised
M05A05.wav, sad,sad,angry,fearful,happy,neutral,surprised
F04A13.wav, sad,sad,neutral,fearful,angry,happy,surprised
F17S06.wav, sad,sad,neutral,fearful,angry,surprised,happy
M12A41.wav, sad,sad,angry,neutral,fearful,happy,surprised
M34H01.wav, sad,sad,neutral,fearful,angry,happy,surprised
F31S01.wav, sad,sad,angry,neutral,fearful,happy,surprised
F21N13.wav, sad,sad,neutral,angry,fearful,happy,surprised
F30W01.wav, sad,sad,neutral,angry,happy,fearful,surprised
M42A04.wav, sad,sad,neutral,angry,fearful,happy,surprised
M08H01.wav, sad,sad,neutral,fearful,happy,angry,surprised
F07S41.wav, sad,sad,neutral,fearful,angry,happy,surprised
M29A18.wav, sad,sad,neutral,angry,fearful,surprised,happy
M28A11.wav, neutral,neutral,sad,happy,angry,fearful,surprised
M27N58.wav, sad,sad,neutral,fearful,angry,happy,surprised
M26S02.wav, sad,sad,neutral,angry,fearful,happy,surprised
M29S01.wav, sad,sad,neutral,fearful,surprised,happy,angry
M40A04.wav, sad,sad,neutral,angry,happy,fearful,surprised
F21S03.wav, sad,sad,neutral,fearful,angry,happy,surprised
F24A36.wav, sad,sad,neutral,angry,fearful,happy,surprised
M29A19.wav, sad,sad,neutral,angry,fearful,happy,surprised
M12A43.wav, sad,sad,angry,neutral,fearful,happy,surprised
M04N64.wav, sad,sad,neutral,fearful,happy,surprised,angry
M47W01.wav, sad,sad,neutral,surprised,fearful,angry,happy
F03W10.wav, sad,sad,angry,fearful,neutral,surprised,happy
M04N23.wav, sad,sad,neutral,angry,happy,fearful,surprised
F05N28.wav, sad,sad,neutral,fearful,happy,surprised,angry
F27H01.wav, sad,sad,neutral,angry,fearful,happy,surprised
M08N09.wav, sad,sad,neutral,fearful,surprised,angry,happy
M12N74.wav, sad,sad,neutral,angry,fearful,happy,surprised
M12N67.wav, sad,sad,neutral,happy,fearful,angry,surprised
M26A36.wav, sad,sad,neutral,angry,fearful,happy,surprised
M25S04.wav, sad,sad,neutral,fearful,surprised,happy,angry
F21H09.wav, sad,sad,neutral,surprised,fearful,angry,happy
F12A01.wav, sad,sad,neutral,fearful,happy,angry,surprised
M04A11.wav, sad,sad,neutral,angry,happy,fearful,surprised
F05N47.wav, neutral,neutral,sad,happy,fearful,angry,surprised
M25A60.wav, sad,sad,neutral,angry,happy,fearful,surprised
F03N02.wav, neutral,neutral,sad,happy,fearful,surprised,angry
F24S05.wav, sad,sad,neutral,angry,fearful,happy,surprised
M02N06.wav, sad,sad,neutral,fearful,angry,surprised,happy
M12N39.wav, neutral,neutral,sad,happy,angry,fearful,surprised
F09F01.wav, sad,sad,neutral,angry,fearful,happy,surprised
M09A02.wav, sad,sad,neutral,angry,happy,fearful,surprised
F10A46.wav, sad,sad,neutral,fearful,happy,angry,surprised
M21H02.wav, sad,sad,neutral,angry,fearful,happy,surprised
M12A46.wav, sad,sad,neutral,angry,happy,fearful,surprised
F02S08.wav, sad,sad,neutral,fearful,angry,happy,surprised
M28N20.wav, sad,sad,angry,neutral,happy,fearful,surprised
F01A13.wav, sad,sad,neutral,angry,fearful,happy,surprised
M49N04.wav, neutral,neutral,sad,happy,angry,fearful,surprised
F06H03.wav, sad,sad,neutral,angry,fearful,happy,surprised
F07A18.wav, sad,sad,neutral,fearful,happy,angry,surprised
F12N01.wav, sad,sad,neutral,angry,fearful,happy,surprised
F02N02.wav, neutral,neutral,sad,happy,angry,fearful,surprised
M16W01.wav, sad,sad,angry,neutral,fearful,happy,surprised
M04N33.wav, neutral,neutral,sad,angry,happy,fearful,surprised
F03N01.wav, sad,sad,neutral,angry,fearful,surprised,happy
M43A05.wav, sad,sad,neutral,angry,happy,fearful,surprised
M27N01.wav, sad,sad,neutral,angry,fearful,surprised,happy
M04N01.wav, sad,sad,neutral,angry,happy,fearful,surprised
M12A70.wav, sad,sad,angry,neutral,fearful,happy,surprised
M40N44.wav, sad,sad,neutral,happy,fearful,angry,surprised
M44N17.wav, sad,sad,neutral,angry,fearful,happy,surprised
M03A48.wav, sad,sad,neutral,fearful,angry,surprised,happy
M04N12.wav, neutral,neutral,sad,happy,angry,fearful,surprised
M25N21.wav, sad,sad,neutral,surprised,fearful,angry,happy
F01A19.wav, sad,sad,neutral,angry,happy,fearful,surprised
M12A67.wav, sad,sad,angry,neutral,fearful,happy,surprised
F17A01.wav, sad,sad,neutral,fearful,angry,happy,surprised
F24S03.wav, sad,sad,neutral,fearful,angry,happy,surprised
M25A70.wav, neutral,neutral,sad,angry,happy,fearful,surprised
M26A04.wav, sad,sad,neutral,angry,happy,fearful,surprised
M25A36.wav, sad,sad,neutral,angry,happy,fearful,surprised
F03S13.wav, sad,sad,neutral,angry,happy,fearful,surprised
F21A03.wav, sad,sad,neutral,angry,fearful,happy,surprised
F02S09.wav, sad,sad,neutral,angry,fearful,surprised,happy
M36S05.wav, sad,sad,neutral,fearful,angry,surprised,happy
M12A44.wav, sad,sad,neutral,angry,fearful,happy,surprised
M28N03.wav, sad,sad,neutral,angry,fearful,surprised,happy
M53N19.wav, sad,sad,neutral,fearful,surprised,angry,happy
M12A50.wav, sad,sad,neutral,fearful,happy,angry,surprised
M27N57.wav, neutral,neutral,sad,happy,fearful,angry,surprised
F24A28.wav, sad,sad,neutral,angry,happy,fearful,surprised
M11H08.wav, sad,sad,neutral,angry,fearful,surprised,happy
M02A17.wav, sad,sad,neutral,angry,happy,fearful,surprised
M47N09.wav, sad,sad,neutral,angry,happy,fearful,surprised
F24A21.wav, sad,sad,neutral,happy,fearful,angry,surprised
M28A30.wav, sad,sad,neutral,angry,fearful,surprised,happy
M04N26.wav, neutral,neutral,sad,angry,happy,fearful,surprised
F20H03.wav, sad,sad,neutral,angry,happy,fearful,surprised
M27N31.wav, sad,sad,neutral,fearful,angry,happy,surprised
M03A24.wav, sad,sad,neutral,angry,happy,fearful,surprised
F06S07.wav, sad,sad,neutral,fearful,surprised,happy,angry
F11S01.wav, sad,sad,neutral,angry,fearful,happy,surprised
F07A51.wav, sad,sad,neutral,angry,happy,fearful,surprised
M28A10.wav, neutral,neutral,sad,happy,angry,fearful,surprised
F30S05.wav, sad,sad,neutral,fearful,happy,angry,surprised
M28A17.wav, sad,sad,neutral,angry,fearful,happy,surprised
F24A39.wav, sad,sad,neutral,angry,happy,fearful,surprised
M03W02.wav, sad,sad,neutral,angry,happy,fearful,surprised
M29N05.wav, sad,sad,neutral,fearful,angry,happy,surprised
M25N12.wav, neutral,neutral,sad,angry,fearful,happy,surprised
M27N27.wav, sad,sad,neutral,angry,fearful,happy,surprised
F16S02.wav, sad,sad,angry,neutral,fearful,surprised,happy
M04N56.wav, sad,sad,neutral,happy,fearful,angry,surprised
F24A44.wav, sad,sad,neutral,fearful,surprised,angry,happy
F13N01.wav, sad,sad,neutral,fearful,surprised,angry,happy
M47N03.wav, sad,sad,neutral,angry,fearful,surprised,happy
F21A27.wav, sad,sad,neutral,angry,fearful,happy,surprised
F16F02.wav, sad,sad,neutral,angry,fearful,happy,surprised
F16W01.wav, sad,sad,angry,happy,fearful,neutral,surprised
F19N03.wav, neutral,neutral,sad,happy,angry,fearful,surprised
M48A02.wav, sad,sad,neutral,angry,fearful,happy,surprised
F06S06.wav, sad,sad,neutral,fearful,happy,surprised,angry
F10A39.wav, sad,sad,neutral,angry,fearful,happy,surprised
F19N39.wav, sad,sad,neutral,angry,fearful,happy,surprised
M26N02.wav, neutral,neutral,sad,happy,angry,fearful,surprised
M14N04.wav, sad,sad,neutral,angry,fearful,happy,surprised
M46A02.wav, sad,sad,neutral,happy,angry,fearful,surprised
M03S07.wav, sad,sad,neutral,fearful,angry,surprised,happy
F10A38.wav, sad,sad,neutral,angry,happy,fearful,surprised
F21A47.wav, neutral,neutral,sad,angry,happy,fearful,surprised
M26F01.wav, sad,sad,neutral,angry,fearful,happy,surprised
F06A01.wav, sad,sad,neutral,fearful,angry,happy,surprised
M12N51.wav, sad,sad,neutral,fearful,happy,angry,surprised
M27N48.wav, sad,sad,neutral,angry,fearful,happy,surprised
M53N10.wav, sad,sad,neutral,fearful,surprised,angry,happy
M05N16.wav, neutral,neutral,sad,happy,angry,fearful,surprised
M53N11.wav, sad,sad,neutral,angry,happy,fearful,surprised
M21N02.wav, sad,sad,neutral,fearful,surprised,angry,happy
M24N05.wav, sad,sad,neutral,fearful,angry,surprised,happy
F07A07.wav, neutral,neutral,sad,happy,angry,fearful,surprised
F03H05.wav, sad,sad,neutral,angry,fearful,happy,surprised
M22N09.wav, sad,sad,angry,neutral,fearful,happy,surprised
F02H03.wav, sad,sad,neutral,angry,fearful,happy,surprised
M25H05.wav, sad,sad,neutral,happy,fearful,angry,surprised
F02N04.wav, sad,sad,neutral,happy,fearful,angry,surprised
F22A07.wav, sad,sad,neutral,fearful,happy,angry,surprised
M22A02.wav, sad,sad,neutral,fearful,surprised,angry,happy
F20N10.wav, sad,sad,neutral,happy,fearful,angry,surprised
F28N04.wav, sad,sad,neutral,fearful,happy,surprised,angry
M04N44.wav, sad,sad,neutral,angry,happy,fearful,surprised
M20W05.wav, sad,sad,neutral,angry,fearful,happy,surprised
F09A12.wav, sad,sad,neutral,fearful,happy,angry,surprised
F10A32.wav, sad,sad,neutral,fearful,angry,happy,surprised
M13H01.wav, sad,sad,neutral,angry,happy,fearful,surprised
M28A39.wav, sad,sad,angry,neutral,fearful,happy,surprised
M02N07.wav, sad,sad,neutral,fearful,angry,happy,surprised
M35N01.wav, neutral,neutral,sad,happy,fearful,angry,surprised
M05A11.wav, sad,sad,neutral,angry,fearful,surprised,happy
M44H05.wav, neutral,neutral,sad,happy,angry,fearful,surprised
M02A01.wav, sad,sad,neutral,fearful,angry,happy,surprised
M25S11.wav, neutral,neutral,sad,happy,fearful,angry,surprised
F07N06.wav, sad,sad,neutral,angry,happy,fearful,surprised
M24S03.wav, sad,sad,neutral,angry,happy,fearful,surprised
M12A45.wav, sad,sad,neutral,angry,fearful,happy,surprised
M15N04.wav, sad,sad,neutral,angry,happy,fearful,surprised
F30N03.wav, sad,sad,neutral,fearful,angry,happy,surprised
M30A05.wav, sad,sad,angry,neutral,fearful,happy,surprised
F24W19.wav, sad,sad,angry,neutral,fearful,happy,surprised
F24A68.wav, sad,sad,neutral,fearful,happy,angry,surprised
M25N11.wav, sad,sad,neutral,fearful,happy,surprised,angry
M21N05.wav, sad,sad,neutral,angry,fearful,happy,surprised
F05N14.wav, sad,sad,neutral,fearful,surprised,happy,angry
M20S02.wav, sad,sad,neutral,angry,fearful,surprised,happy
M25A03.wav, sad,sad,angry,neutral,fearful,happy,surprised
M07N03.wav, sad,sad,neutral,fearful,angry,happy,surprised
F07S27.wav, sad,sad,neutral,angry,fearful,happy,surprised
M24H01.wav, sad,sad,neutral,happy,angry,fearful,surprised
M44H09.wav, sad,sad,neutral,fearful,angry,happy,surprised
M44N25.wav, sad,sad,neutral,happy,fearful,angry,surprised
M38N12.wav, sad,sad,neutral,happy,angry,fearful,surprised
F12A08.wav, sad,sad,neutral,fearful,angry,happy,surprised
M05A06.wav, sad,sad,angry,neutral,fearful,surprised,happy
F21S02.wav, sad,sad,neutral,angry,fearful,surprised,happy
F03S18.wav, sad,sad,surprised,fearful,neutral,angry,happy
F20N05.wav, sad,sad,angry,fearful,neutral,surprised,happy
F09S08.wav, sad,sad,surprised,fearful,neutral,angry,happy
M27N56.wav, sad,sad,neutral,angry,fearful,surprised,happy
F18N01.wav, sad,sad,neutral,fearful,happy,angry,surprised
F24H23.wav, sad,sad,neutral,angry,fearful,happy,surprised
M26N08.wav, sad,sad,neutral,fearful,angry,happy,surprised
F19N14.wav, neutral,neutral,sad,happy,fearful,angry,surprised
M17N02.wav, sad,sad,neutral,fearful,angry,surprised,happy
M05N18.wav, neutral,neutral,sad,angry,happy,fearful,surprised
M05N09.wav, neutral,neutral,sad,happy,fearful,angry,surprised
F21A40.wav, sad,sad,neutral,happy,angry,fearful,surprised
F21A50.wav, sad,sad,neutral,fearful,surprised,angry,happy
F21N09.wav, sad,sad,neutral,fearful,angry,surprised,happy
M43W03.wav, sad,sad,angry,fearful,neutral,happy,surprised
M16A12.wav, sad,sad,neutral,angry,happy,fearful,surprised
M12N46.wav, sad,sad,neutral,angry,happy,fearful,surprised
F19N33.wav, neutral,neutral,sad,angry,happy,fearful,surprised
F01A14.wav, sad,sad,neutral,fearful,surprised,angry,happy
M21W07.wav, sad,sad,neutral,angry,fearful,happy,surprised
F22S14.wav, sad,sad,neutral,angry,fearful,surprised,happy
M12N19.wav, sad,sad,neutral,angry,happy,fearful,surprised
F21S28.wav, sad,sad,neutral,angry,fearful,happy,surprised
M05A07.wav, sad,sad,angry,happy,fearful,neutral,surprised
F10A48.wav, sad,sad,neutral,fearful,happy,angry,surprised
M34S01.wav, sad,sad,neutral,surprised,fearful,angry,happy
F21A16.wav, sad,sad,neutral,angry,fearful,happy,surprised
M46A04.wav, sad,sad,neutral,fearful,surprised,angry,happy
F26S03.wav, sad,sad,neutral,fearful,angry,surprised,happy
F21W15.wav, sad,sad,neutral,angry,happy,fearful,surprised
M27N42.wav, sad,sad,neutral,angry,fearful,happy,surprised
F13A23.wav, sad,sad,neutral,happy,angry,fearful,surprised
M31N05.wav, sad,sad,neutral,fearful,angry,happy,surprised
F30A01.wav, sad,sad,neutral,happy,angry,fearful,surprised
F04A09.wav, sad,sad,neutral,fearful,happy,angry,surprised
F24A47.wav, sad,sad,neutral,fearful,angry,surprised,happy
F10A36.wav, sad,sad,neutral,fearful,happy,angry,surprised
M12N50.wav, sad,sad,neutral,angry,happy,fearful,surprised
F21W32.wav, sad,sad,neutral,angry,happy,fearful,surprised
M40N47.wav, neutral,neutral,sad,happy,angry,fearful,surprised
M26W02.wav, neutral,neutral,sad,angry,happy,fearful,surprised
M22N21.wav, sad,sad,neutral,fearful,surprised,angry,happy
M05S08.wav, sad,sad,neutral,angry,fearful,surprised,happy
M22N14.wav, sad,sad,neutral,angry,fearful,surprised,happy
M05N19.wav, sad,sad,neutral,fearful,happy,surprised,angry
M40N13.wav, sad,sad,neutral,fearful,angry,happy,surprised
F19S01.wav, sad,sad,neutral,fearful,surprised,angry,happy
M25A64.wav, sad,sad,angry,fearful,neutral,happy,surprised
F20N07.wav, sad,sad,neutral,fearful,angry,happy,surprised
M12W06.wav, sad,sad,neutral,angry,happy,fearful,surprised
M53A10.wav, sad,sad,neutral,angry,happy,fearful,surprised
F24H04.wav, sad,sad,neutral,angry,fearful,happy,surprised
F21A43.wav, sad,sad,angry,fearful,neutral,surprised,happy
M03W09.wav, sad,sad,neutral,angry,happy,fearful,surprised
M11N06.wav, sad,sad,neutral,surprised,fearful,angry,happy
M45N01.wav, sad,sad,angry,neutral,fearful,surprised,happy
F21N11.wav, sad,sad,neutral,angry,happy,fearful,surprised
M27N07.wav, sad,sad,neutral,angry,happy,fearful,surprised
M24W03.wav, sad,sad,neutral,angry,fearful,surprised,happy
M06N01.wav, neutral,neutral,sad,angry,happy,fearful,surprised
M04N22.wav, neutral,neutral,sad,happy,angry,fearful,surprised
F22N02.wav, sad,sad,neutral,fearful,happy,angry,surprised
M14S02.wav, sad,sad,neutral,angry,happy,fearful,surprised
F10A35.wav, sad,sad,neutral,angry,fearful,happy,surprised
F07S19.wav, sad,sad,neutral,angry,fearful,surprised,happy
M02A19.wav, sad,sad,neutral,angry,happy,fearful,surprised
M28S24.wav, sad,sad,neutral,angry,fearful,surprised,happy
M25A11.wav, neutral,neutral,sad,angry,happy,fearful,surprised
F22S02.wav, sad,sad,neutral,fearful,angry,surprised,happy
M42A05.wav, sad,sad,neutral,angry,fearful,happy,surprised
M31A03.wav, sad,sad,neutral,angry,fearful,happy,surprised
M28A33.wav, sad,sad,neutral,happy,fearful,angry,surprised
M16N04.wav, neutral,neutral,sad,fearful,angry,happy,surprised
M51N19.wav, sad,sad,neutral,fearful,angry,happy,surprised
M38N07.wav, sad,sad,neutral,fearful,angry,happy,surprised
M12N44.wav, sad,sad,neutral,fearful,happy,angry,surprised
M21W01.wav, sad,sad,neutral,surprised,fearful,angry,happy
M47A12.wav, sad,sad,neutral,fearful,happy,angry,surprised
M48N09.wav, sad,sad,neutral,fearful,surprised,angry,happy
M12N25.wav, neutral,neutral,sad,happy,angry,fearful,surprised
F21A38.wav, sad,sad,neutral,fearful,happy,angry,surprised
M56N04.wav, sad,sad,neutral,angry,fearful,happy,surprised
M17N01.wav, sad,sad,neutral,happy,angry,fearful,surprised
M48N04.wav, sad,sad,neutral,fearful,angry,happy,surprised
M02N18.wav, sad,sad,neutral,happy,fearful,angry,surprised
M06S01.wav, sad,sad,neutral,fearful,happy,angry,surprised
M03A10.wav, sad,sad,neutral,fearful,angry,happy,surprised
M03S08.wav, sad,sad,neutral,angry,fearful,happy,surprised
F23N02.wav, sad,sad,neutral,angry,fearful,happy,surprised
F10A50.wav, sad,sad,neutral,fearful,angry,happy,surprised
M48A01.wav, sad,sad,neutral,fearful,angry,surprised,happy
M21W05.wav, sad,sad,neutral,angry,fearful,happy,surprised
M25N17.wav, sad,sad,neutral,angry,happy,fearful,surprised
F24W02.wav, sad,sad,surprised,neutral,fearful,angry,happy
M53N17.wav, sad,sad,neutral,fearful,angry,happy,surprised
F21H10.wav, sad,sad,neutral,fearful,angry,surprised,happy
M04N24.wav, sad,sad,neutral,happy,fearful,angry,surprised
F21H11.wav, sad,sad,neutral,angry,happy,fearful,surprised
M03A43.wav, sad,sad,neutral,angry,fearful,surprised,happy
F12N03.wav, sad,sad,angry,neutral,fearful,surprised,happy
F21W24.wav, sad,sad,neutral,fearful,angry,happy,surprised
M34H02.wav, sad,sad,neutral,angry,fearful,surprised,happy
F03S05.wav, neutral,neutral,sad,angry,happy,fearful,surprised
F21W05.wav, sad,sad,neutral,angry,fearful,surprised,happy
M47A16.wav, neutral,neutral,sad,happy,fearful,angry,surprised
M47N18.wav, neutral,neutral,sad,happy,angry,fearful,surprised
F07A60.wav, sad,sad,neutral,happy,angry,fearful,surprised
F10A19.wav, sad,sad,angry,neutral,happy,fearful,surprised
M12A36.wav, sad,sad,angry,neutral,fearful,happy,surprised
F07S01.wav, sad,sad,neutral,angry,happy,fearful,surprised
F28A25.wav, sad,sad,neutral,angry,fearful,happy,surprised
F24A16.wav, sad,sad,neutral,fearful,angry,surprised,happy
M12N24.wav, sad,sad,neutral,surprised,fearful,angry,happy
M12N66.wav, sad,sad,neutral,fearful,happy,surprised,angry
M03A40.wav, sad,sad,neutral,happy,angry,fearful,surprised
M09A06.wav, sad,sad,neutral,fearful,happy,angry,surprised
M20S01.wav, sad,sad,neutral,fearful,surprised,angry,happy
F10A07.wav, sad,sad,neutral,angry,fearful,happy,surprised
M37N05.wav, sad,sad,neutral,fearful,angry,happy,surprised
M04N65.wav, sad,sad,neutral,fearful,happy,angry,surprised
F29N09.wav, sad,sad,neutral,angry,happy,fearful,surprised
M27W04.wav, sad,sad,neutral,happy,angry,fearful,surprised
F24S18.wav, sad,sad,neutral,angry,happy,fearful,surprised
M25A06.wav, sad,sad,angry,neutral,fearful,happy,surprised
M06S05.wav, sad,sad,neutral,angry,fearful,happy,surprised
M02A04.wav, neutral,neutral,sad,happy,angry,fearful,surprised
F21W01.wav, sad,sad,angry,neutral,fearful,happy,surprised
F19N06.wav, neutral,neutral,sad,happy,fearful,angry,surprised
M34H06.wav, sad,sad,neutral,angry,happy,fearful,surprised
F05N44.wav, sad,sad,neutral,fearful,happy,angry,surprised
M12W05.wav, sad,sad,neutral,fearful,happy,angry,surprised
F19N09.wav, sad,sad,neutral,fearful,happy,angry,surprised
F05N06.wav, sad,sad,neutral,happy,fearful,surprised,angry
M23A01.wav, sad,sad,neutral,fearful,angry,happy,surprised
M28S05.wav, sad,sad,neutral,angry,happy,fearful,surprised
M26A35.wav, sad,sad,neutral,angry,happy,fearful,surprised
M22H01.wav, sad,sad,neutral,angry,happy,fearful,surprised
M12A52.wav, sad,sad,neutral,angry,happy,fearful,surprised
F17S09.wav, sad,sad,neutral,fearful,surprised,angry,happy
M27N39.wav, sad,sad,neutral,fearful,surprised,angry,happy
M04N79.wav, neutral,neutral,sad,angry,happy,fearful,surprised
M53A09.wav, sad,sad,neutral,fearful,angry,happy,surprised
M43A06.wav, sad,sad,neutral,angry,happy,fearful,surprised
M53S02.wav, sad,sad,neutral,fearful,happy,angry,surprised
F10A10.wav, sad,sad,neutral,happy,angry,fearful,surprised
M37N17.wav, sad,sad,neutral,angry,happy,fearful,surprised
M25A59.wav, sad,sad,neutral,angry,happy,fearful,surprised
M05W03.wav, sad,sad,neutral,fearful,angry,surprised,happy
F30S08.wav, sad,sad,neutral,fearful,happy,angry,surprised
F01S08.wav, sad,sad,neutral,angry,happy,fearful,surprised
F09A10.wav, sad,sad,angry,neutral,fearful,happy,surprised
F24H11.wav, sad,sad,neutral,angry,fearful,happy,surprised
F10A51.wav, sad,sad,neutral,angry,fearful,happy,surprised
F07A01.wav, sad,sad,neutral,angry,fearful,happy,surprised
F01A23.wav, sad,sad,neutral,fearful,angry,happy,surprised
M05N10.wav, sad,sad,neutral,fearful,angry,happy,surprised
F25A05.wav, sad,sad,neutral,fearful,angry,happy,surprised
F05N49.wav, sad,sad,neutral,happy,angry,fearful,surprised
F01A16.wav, sad,sad,neutral,fearful,angry,surprised,happy
M25A31.wav, sad,sad,neutral,angry,fearful,surprised,happy
M12A58.wav, sad,sad,neutral,angry,happy,fearful,surprised
M37N13.wav, sad,sad,neutral,angry,fearful,happy,surprised
F10A28.wav, sad,sad,angry,neutral,fearful,happy,surprised
F07N04.wav, sad,sad,neutral,angry,happy,fearful,surprised
F21S13.wav, sad,sad,neutral,angry,happy,fearful,surprised
M12N62.wav, neutral,neutral,sad,happy,angry,fearful,surprised
M12N01.wav, sad,sad,neutral,angry,fearful,happy,surprised
F07S10.wav, sad,sad,neutral,angry,happy,fearful,surprised
M20N07.wav, sad,sad,neutral,angry,fearful,happy,surprised
M40N22.wav, sad,sad,neutral,fearful,angry,happy,surprised
F13A02.wav, sad,sad,neutral,happy,angry,fearful,surprised
F29N01.wav, sad,sad,neutral,happy,fearful,angry,surprised
F09N08.wav, sad,sad,neutral,happy,angry,fearful,surprised
M53A17.wav, sad,sad,neutral,angry,fearful,happy,surprised
M18A01.wav, sad,sad,neutral,fearful,happy,angry,surprised
F28A21.wav, sad,sad,neutral,fearful,surprised,angry,happy
M03W03.wav, sad,sad,neutral,angry,happy,fearful,surprised
F02W03.wav, sad,sad,angry,neutral,fearful,happy,surprised
M33A02.wav, sad,sad,neutral,angry,fearful,happy,surprised
F10A40.wav, sad,sad,neutral,fearful,angry,happy,surprised
F06H07.wav, sad,sad,neutral,fearful,angry,happy,surprised
M12A06.wav, sad,sad,neutral,angry,fearful,happy,surprised
M11H09.wav, sad,sad,neutral,angry,fearful,surprised,happy
M51N16.wav, sad,sad,neutral,surprised,fearful,angry,happy
M28S18.wav, neutral,neutral,sad,happy,angry,fearful,surprised
M03S10.wav, sad,sad,neutral,happy,fearful,angry,surprised
F07S46.wav, sad,sad,neutral,angry,happy,fearful,surprised
M04N82.wav, sad,sad,neutral,fearful,angry,happy,surprised
M47N02.wav, sad,sad,neutral,angry,fearful,happy,surprised
F21A55.wav, sad,sad,neutral,fearful,surprised,happy,angry
F24A43.wav, sad,sad,neutral,happy,angry,fearful,surprised
F23A02.wav, sad,sad,angry,fearful,neutral,surprised,happy
F09S02.wav, sad,sad,neutral,angry,fearful,surprised,happy
F24A04.wav, sad,sad,neutral,happy,fearful,angry,surprised
M51N06.wav, sad,sad,neutral,surprised,fearful,angry,happy
F06H10.wav, sad,sad,neutral,fearful,angry,surprised,happy
M50S01.wav, sad,sad,neutral,angry,happy,fearful,surprised
F24H06.wav, sad,sad,neutral,angry,fearful,happy,surprised
M53A07.wav, sad,sad,surprised,neutral,fearful,angry,happy
M38F01.wav, sad,sad,angry,neutral,happy,fearful,surprised
M25S09.wav, sad,sad,neutral,fearful,angry,surprised,happy
M03S04.wav, sad,sad,neutral,angry,happy,fearful,surprised
F24A12.wav, sad,sad,neutral,angry,surprised,fearful,happy
M03N02.wav, sad,sad,neutral,angry,happy,fearful,surprised
M04N10.wav, neutral,neutral,sad,angry,happy,fearful,surprised
M12N60.wav, sad,sad,neutral,happy,fearful,angry,surprised
F05N45.wav, sad,sad,neutral,fearful,happy,angry,surprised
M15N02.wav, sad,sad,neutral,fearful,angry,happy,surprised
F19N24.wav, neutral,neutral,sad,happy,angry,fearful,surprised
M47A14.wav, sad,sad,neutral,angry,fearful,happy,surprised
M03S14.wav, sad,sad,neutral,fearful,surprised,happy,angry
M44N16.wav, sad,sad,neutral,happy,fearful,angry,surprised
M26A23.wav, sad,sad,neutral,angry,fearful,happy,surprised
M27N47.wav, sad,sad,neutral,fearful,angry,happy,surprised
F28A02.wav, neutral,neutral,sad,happy,angry,fearful,surprised
F06S03.wav, sad,sad,neutral,angry,fearful,surprised,happy
F09N07.wav, sad,sad,neutral,fearful,surprised,angry,happy
F02S03.wav, sad,sad,neutral,fearful,surprised,angry,happy
M09A10.wav, sad,sad,neutral,angry,happy,fearful,surprised
F21W27.wav, sad,sad,neutral,angry,fearful,surprised,happy
M04N02.wav, sad,sad,angry,neutral,fearful,happy,surprised
F06S05.wav, sad,sad,neutral,surprised,fearful,angry,happy
M25A62.wav, sad,sad,neutral,angry,fearful,happy,surprised
M30N07.wav, neutral,neutral,sad,happy,angry,fearful,surprised
F21S11.wav, sad,sad,neutral,angry,fearful,happy,surprised
M20N06.wav, sad,sad,neutral,fearful,angry,surprised,happy
M55A04.wav, sad,sad,neutral,angry,happy,fearful,surprised
M22N18.wav, sad,sad,angry,neutral,fearful,surprised,happy
F28S04.wav, sad,sad,surprised,angry,fearful,neutral,happy
M04N38.wav, sad,sad,neutral,angry,happy,fearful,surprised
M12N33.wav, neutral,neutral,sad,angry,happy,fearful,surprised
F07S12.wav, sad,sad,angry,neutral,happy,fearful,surprised
M25A04.wav, sad,sad,neutral,angry,fearful,happy,surprised
M28S17.wav, sad,sad,neutral,angry,fearful,surprised,happy
M31N04.wav, sad,sad,neutral,fearful,angry,surprised,happy
M10F01.wav, sad,sad,neutral,fearful,angry,happy,surprised
M42N01.wav, neutral,neutral,sad,happy,angry,fearful,surprised
M51A01.wav, sad,sad,neutral,angry,happy,fearful,surprised
M03A37.wav, sad,sad,neutral,angry,fearful,happy,surprised
F11S04.wav, sad,sad,neutral,fearful,surprised,angry,happy
M25A13.wav, sad,sad,neutral,angry,happy,fearful,surprised
M40N02.wav, sad,sad,neutral,angry,happy,fearful,surprised
M44H01.wav, neutral,neutral,sad,angry,happy,fearful,surprised
M28S13.wav, sad,sad,neutral,surprised,fearful,angry,happy
F07A45.wav, sad,sad,neutral,fearful,angry,happy,surprised
F30F01.wav, sad,sad,neutral,fearful,angry,surprised,happy
M41H06.wav, sad,sad,neutral,angry,happy,fearful,surprised
M16H01.wav, sad,sad,neutral,angry,fearful,surprised,happy
M25A55.wav, sad,sad,neutral,angry,fearful,happy,surprised
F03S03.wav, sad,sad,angry,neutral,fearful,happy,surprised
M21N01.wav, sad,sad,neutral,angry,fearful,happy,surprised
F24H14.wav, sad,sad,neutral,angry,fearful,happy,surprised
F01A05.wav, sad,sad,neutral,angry,fearful,happy,surprised
M02A27.wav, sad,sad,neutral,happy,fearful,angry,surprised
F02W05.wav, sad,sad,neutral,happy,angry,fearful,surprised
F21S24.wav, sad,sad,neutral,angry,happy,fearful,surprised
M44N05.wav, neutral,neutral,sad,angry,happy,fearful,surprised
F21N15.wav, sad,sad,neutral,angry,happy,fearful,surprised
M04N81.wav, sad,sad,neutral,fearful,happy,surprised,angry
M06S04.wav, sad,sad,neutral,fearful,surprised,angry,happy
F07S45.wav, sad,sad,neutral,fearful,surprised,angry,happy
F06F01.wav, sad,sad,neutral,fearful,angry,happy,surprised
F23N01.wav, sad,sad,neutral,fearful,angry,surprised,happy
F01A12.wav, sad,sad,neutral,fearful,angry,surprised,happy
F09W01.wav, sad,sad,neutral,fearful,angry,surprised,happy
M25A54.wav, sad,sad,neutral,angry,fearful,surprised,happy
M37N09.wav, sad,sad,angry,neutral,fearful,happy,surprised
M27N25.wav, sad,sad,neutral,angry,happy,fearful,surprised
F03S04.wav, sad,sad,neutral,angry,fearful,surprised,happy
F02W01.wav, sad,sad,neutral,angry,happy,fearful,surprised
M28A25.wav, sad,sad,neutral,angry,happy,fearful,surprised
M40N07.wav, neutral,neutral,sad,angry,happy,fearful,surprised
F06H05.wav, sad,sad,neutral,surprised,fearful,angry,happy
M16A17.wav, sad,sad,neutral,angry,fearful,happy,surprised
M03A11.wav, sad,sad,neutral,fearful,angry,happy,surprised
M54N01.wav, sad,sad,neutral,angry,fearful,happy,surprised
F21S26.wav, neutral,neutral,sad,fearful,angry,happy,surprised
M27N28.wav, sad,sad,neutral,angry,fearful,happy,surprised
M03S18.wav, sad,sad,angry,neutral,fearful,surprised,happy
F21S12.wav, sad,sad,neutral,angry,fearful,surprised,happy
F21W28.wav, sad,sad,angry,happy,fearful,neutral,surprised
M23H01.wav, sad,sad,neutral,angry,happy,fearful,surprised
M05S07.wav, sad,sad,neutral,angry,fearful,surprised,happy
M28S03.wav, sad,sad,neutral,fearful,surprised,angry,happy
F07H01.wav, sad,sad,neutral,fearful,happy,surprised,angry
F20N03.wav, sad,sad,neutral,angry,fearful,happy,surprised
F09S12.wav, sad,sad,neutral,happy,fearful,angry,surprised
M25A67.wav, sad,sad,neutral,angry,fearful,happy,surprised
F21A17.wav, sad,sad,neutral,fearful,happy,angry,surprised
M46A03.wav, sad,sad,neutral,angry,fearful,happy,surprised
M24W04.wav, sad,sad,angry,neutral,fearful,happy,surprised
M42A08.wav, sad,sad,angry,neutral,fearful,happy,surprised
M28N15.wav, sad,sad,neutral,fearful,angry,happy,surprised
M12A57.wav, sad,sad,neutral,angry,fearful,happy,surprised
M26A25.wav, sad,sad,neutral,happy,angry,fearful,surprised
F07S28.wav, sad,sad,neutral,fearful,happy,angry,surprised
M16A08.wav, sad,sad,neutral,angry,happy,fearful,surprised
M22N06.wav, sad,sad,neutral,angry,fearful,surprised,happy
M02A26.wav, sad,sad,neutral,angry,happy,fearful,surprised
M12A04.wav, sad,sad,angry,fearful,neutral,surprised,happy
M25W01.wav, sad,sad,neutral,angry,fearful,happy,surprised
M51N20.wav, sad,sad,neutral,surprised,fearful,angry,happy
M04N32.wav, sad,sad,neutral,fearful,angry,surprised,happy
F16S01.wav, sad,sad,neutral,angry,fearful,happy,surprised
F07S38.wav, sad,sad,neutral,angry,fearful,surprised,happy
M27N34.wav, sad,sad,neutral,fearful,surprised,angry,happy
M04N67.wav, sad,sad,neutral,angry,fearful,happy,surprised
M36S01.wav, sad,sad,neutral,fearful,surprised,angry,happy
M25N07.wav, sad,sad,neutral,fearful,angry,happy,surprised
M27N45.wav, sad,sad,neutral,happy,fearful,angry,surprised
F23H06.wav, sad,sad,neutral,angry,happy,fearful,surprised
M53A16.wav, sad,sad,neutral,angry,happy,fearful,surprised
F06S08.wav, neutral,neutral,sad,fearful,happy,angry,surprised
M28A45.wav, sad,sad,neutral,angry,happy,fearful,surprised
M27N03.wav, sad,sad,neutral,fearful,angry,surprised,happy
M03A36.wav, sad,sad,neutral,fearful,angry,surprised,happy
F04A08.wav, sad,sad,neutral,fearful,angry,happy,surprised
F21A09.wav, sad,sad,neutral,angry,happy,fearful,surprised
M02H03.wav, sad,sad,neutral,fearful,angry,happy,surprised
M12N07.wav, sad,sad,neutral,angry,happy,fearful,surprised
M12A05.wav, sad,sad,neutral,angry,fearful,happy,surprised
M22N22.wav, sad,sad,neutral,angry,fearful,happy,surprised
M05A12.wav, sad,sad,neutral,fearful,happy,angry,surprised
F13A08.wav, sad,sad,neutral,fearful,surprised,angry,happy
M29A08.wav, sad,sad,neutral,angry,fearful,happy,surprised
M04N29.wav, sad,sad,neutral,happy,angry,fearful,surprised
M25S06.wav, sad,sad,neutral,fearful,angry,surprised,happy
M25A45.wav, sad,sad,neutral,fearful,happy,angry,surprised
M25A14.wav, sad,sad,angry,neutral,fearful,happy,surprised
M05S10.wav, sad,sad,neutral,fearful,angry,surprised,happy
M25A42.wav, sad,sad,angry,fearful,neutral,happy,surprised
F01A08.wav, sad,sad,neutral,angry,happy,fearful,surprised
F21S29.wav, sad,sad,neutral,fearful,angry,surprised,happy
F24H07.wav, neutral,neutral,sad,angry,happy,fearful,surprised
F24A40.wav, sad,sad,neutral,angry,fearful,happy,surprised
M43A02.wav, sad,sad,angry,neutral,fearful,happy,surprised
M05N15.wav, neutral,neutral,sad,happy,angry,fearful,surprised
F07S29.wav, sad,sad,neutral,fearful,surprised,angry,happy
F09S07.wav, sad,sad,neutral,angry,fearful,happy,surprised
M28N24.wav, neutral,neutral,sad,happy,angry,fearful,surprised
M40N31.wav, neutral,neutral,sad,angry,happy,fearful,surprised
F10A04.wav, sad,sad,neutral,angry,fearful,happy,surprised
M17N06.wav, neutral,neutral,sad,angry,happy,fearful,surprised
F09A05.wav, sad,sad,neutral,angry,fearful,happy,surprised
M12N63.wav, sad,sad,neutral,angry,happy,fearful,surprised
F22S07.wav, sad,sad,neutral,surprised,fearful,angry,happy
M04N39.wav, sad,sad,neutral,angry,fearful,surprised,happy
F20S01.wav, sad,sad,neutral,angry,happy,fearful,surprised
M04A09.wav, sad,sad,neutral,fearful,angry,happy,surprised
F03S17.wav, sad,sad,neutral,surprised,fearful,angry,happy
F24N05.wav, sad,sad,neutral,fearful,surprised,angry,happy
F13A21.wav, sad,sad,neutral,fearful,happy,angry,surprised
F24A37.wav, sad,sad,neutral,angry,fearful,happy,surprised
F21W23.wav, sad,sad,surprised,neutral,fearful,angry,happy
M44N13.wav, neutral,neutral,sad,angry,happy,fearful,surprised
F12A07.wav, sad,sad,neutral,fearful,angry,surprised,happy
F13A22.wav, sad,sad,neutral,angry,fearful,happy,surprised
M40S02.wav, neutral,neutral,sad,angry,happy,fearful,surprised
M04W01.wav, sad,sad,angry,fearful,surprised,happy,neutral
F01A15.wav, sad,sad,neutral,fearful,surprised,happy,angry
F21S22.wav, neutral,neutral,sad,angry,happy,fearful,surprised
F02S11.wav, sad,sad,neutral,fearful,angry,happy,surprised
F09A11.wav, sad,sad,neutral,fearful,angry,happy,surprised
M03N01.wav, sad,sad,neutral,angry,fearful,surprised,happy
M43A08.wav, neutral,neutral,sad,angry,happy,fearful,surprised
M50A08.wav, sad,sad,neutral,angry,fearful,surprised,happy
M53N02.wav, sad,sad,neutral,happy,fearful,angry,surprised
M28W01.wav, sad,sad,neutral,fearful,happy,angry,surprised
M52S02.wav, sad,sad,neutral,fearful,happy,angry,surprised
F05N53.wav, sad,sad,neutral,fearful,happy,angry,surprised
M40N16.wav, sad,sad,neutral,angry,fearful,happy,surprised
M25W07.wav, sad,sad,angry,neutral,fearful,happy,surprised
F09A04.wav, sad,sad,neutral,angry,happy,fearful,surprised
F22N05.wav, sad,sad,neutral,fearful,angry,happy,surprised
F20N09.wav, sad,sad,neutral,happy,fearful,angry,surprised
M16A06.wav, sad,sad,angry,neutral,fearful,surprised,happy
M17H01.wav, sad,sad,neutral,surprised,fearful,angry,happy
M11N05.wav, sad,sad,neutral,angry,happy,fearful,surprised
M03S15.wav, sad,sad,neutral,happy,fearful,angry,surprised
F21W07.wav, sad,sad,neutral,angry,fearful,happy,surprised
M42A12.wav, sad,sad,neutral,angry,happy,fearful,surprised
F21A48.wav, sad,sad,neutral,angry,fearful,happy,surprised
F30H05.wav, sad,sad,neutral,happy,fearful,angry,surprised
F24A64.wav, sad,sad,neutral,fearful,surprised,angry,happy
M19N06.wav, neutral,neutral,sad,angry,happy,fearful,surprised
M12A31.wav, sad,sad,neutral,angry,happy,fearful,surprised
F17S03.wav, sad,sad,neutral,angry,happy,fearful,surprised
F07W04.wav, sad,sad,neutral,angry,happy,fearful,surprised
M28A38.wav, sad,sad,neutral,angry,fearful,happy,surprised
M12S01.wav, sad,sad,neutral,angry,happy,fearful,surprised
F11A01.wav, sad,sad,neutral,fearful,surprised,happy,angry
F01A02.wav, sad,sad,neutral,fearful,angry,happy,surprised
F24W21.wav, sad,sad,neutral,happy,angry,fearful,surprised
M27N05.wav, sad,sad,neutral,angry,fearful,surprised,happy
F24A01.wav, sad,sad,neutral,fearful,surprised,angry,happy
F07A13.wav, sad,sad,neutral,angry,happy,fearful,surprised
M20W04.wav, sad,sad,surprised,fearful,angry,neutral,happy
M08N06.wav, sad,sad,neutral,fearful,surprised,angry,happy
F10A03.wav, sad,sad,neutral,happy,angry,fearful,surprised
M30N03.wav, sad,sad,angry,neutral,fearful,happy,surprised
M12S12.wav, neutral,neutral,sad,angry,happy,fearful,surprised
M16H03.wav, sad,sad,neutral,angry,fearful,happy,surprised
M12S13.wav, sad,sad,neutral,angry,happy,fearful,surprised
M03A23.wav, sad,sad,angry,neutral,fearful,happy,surprised
F10A34.wav, sad,sad,neutral,fearful,angry,happy,surprised
F31A05.wav, sad,sad,neutral,angry,happy,fearful,surprised
M20A03.wav, sad,sad,neutral,angry,fearful,happy,surprised
M03A05.wav, sad,sad,angry,neutral,happy,fearful,surprised
F21N02.wav, sad,sad,neutral,angry,fearful,happy,surprised
F01N06.wav, sad,sad,surprised,neutral,fearful,angry,happy
M09A16.wav, sad,sad,neutral,angry,fearful,happy,surprised
F30A04.wav, sad,sad,neutral,fearful,angry,happy,surprised
M12A47.wav, sad,sad,neutral,angry,fearful,happy,surprised
F13A09.wav, sad,sad,neutral,fearful,happy,angry,surprised
F15N01.wav, sad,sad,neutral,angry,fearful,happy,surprised
M55N06.wav, sad,sad,neutral,fearful,angry,happy,surprised
M28A13.wav, neutral,neutral,sad,happy,angry,fearful,surprised
M16A03.wav, sad,sad,neutral,surprised,angry,fearful,happy
M27N16.wav, sad,sad,neutral,fearful,angry,happy,surprised
F20W01.wav, sad,sad,angry,neutral,fearful,happy,surprised
M42A06.wav, sad,sad,neutral,angry,fearful,happy,surprised
M36W01.wav, sad,sad,neutral,angry,fearful,surprised,happy
M29A15.wav, sad,sad,neutral,happy,fearful,angry,surprised
M36N01.wav, sad,sad,neutral,angry,fearful,happy,surprised
M12A51.wav, sad,sad,neutral,angry,happy,fearful,surprised
M41H04.wav, sad,sad,neutral,angry,happy,fearful,surprised
M13N01.wav, sad,sad,neutral,fearful,surprised,angry,happy
M12N22.wav, sad,sad,neutral,angry,fearful,happy,surprised
F07A41.wav, sad,sad,neutral,angry,happy,fearful,surprised
M25N03.wav, sad,sad,neutral,fearful,happy,surprised,angry
F07A62.wav, sad,sad,neutral,angry,happy,fearful,surprised
F23H01.wav, sad,sad,neutral,fearful,surprised,angry,happy
M05N12.wav, neutral,neutral,sad,happy,angry,fearful,surprised
M18N07.wav, neutral,neutral,sad,happy,angry,fearful,surprised
M02H01.wav, sad,sad,neutral,fearful,angry,happy,surprised
M04N45.wav, neutral,neutral,sad,angry,happy,fearful,surprised
M38N05.wav, neutral,neutral,sad,happy,angry,fearful,surprised
M12N29.wav, sad,sad,neutral,angry,fearful,happy,surprised
M04S05.wav, sad,sad,neutral,happy,fearful,angry,surprised
M12A29.wav, sad,sad,neutral,angry,happy,fearful,surprised
M47N22.wav, sad,sad,neutral,fearful,angry,happy,surprised
M12N70.wav, sad,sad,neutral,fearful,happy,surprised,angry
F07N10.wav, sad,sad,angry,neutral,fearful,happy,surprised
M44N02.wav, neutral,neutral,sad,angry,happy,fearful,surprised
M53N24.wav, sad,sad,neutral,angry,fearful,happy,surprised
M26A06.wav, sad,sad,neutral,fearful,angry,happy,surprised
F21A21.wav, sad,sad,neutral,fearful,angry,surprised,happy
F15A04.wav, sad,sad,neutral,angry,fearful,happy,surprised
M02N09.wav, neutral,neutral,sad,angry,happy,fearful,surprised
M25H02.wav, sad,sad,neutral,angry,happy,fearful,surprised
M26A09.wav, sad,sad,angry,neutral,fearful,happy,surprised
M25A38.wav, sad,sad,angry,neutral,happy,fearful,surprised
M03A16.wav, sad,sad,angry,neutral,fearful,happy,surprised
M12A40.wav, sad,sad,neutral,angry,fearful,surprised,happy
M41W01.wav, sad,sad,angry,neutral,fearful,surprised,happy
F02S04.wav, sad,sad,neutral,angry,happy,fearful,surprised
M06A02.wav, sad,sad,neutral,angry,happy,fearful,surprised
F03S16.wav, neutral,neutral,sad,angry,happy,fearful,surprised
M37N07.wav, sad,sad,neutral,fearful,angry,surprised,happy
F26N04.wav, sad,sad,angry,neutral,happy,fearful,surprised
F02A01.wav, sad,sad,angry,neutral,fearful,happy,surprised
M47N07.wav, sad,sad,neutral,fearful,angry,surprised,happy
M38A01.wav, sad,sad,neutral,happy,fearful,angry,surprised
F25A03.wav, sad,sad,angry,neutral,fearful,happy,surprised
F01S05.wav, sad,sad,neutral,angry,happy,fearful,surprised
M41A05.wav, sad,sad,neutral,happy,angry,fearful,surprised
F24A38.wav, sad,sad,neutral,angry,happy,fearful,surprised
M07F04.wav, sad,sad,neutral,fearful,angry,surprised,happy
M03F01.wav, sad,sad,neutral,angry,fearful,surprised,happy
F21N05.wav, sad,sad,neutral,surprised,fearful,angry,happy
F30S03.wav, sad,sad,neutral,happy,angry,fearful,surprised
M26A05.wav, neutral,neutral,sad,angry,happy,fearful,surprised
F23A15.wav, sad,sad,neutral,happy,angry,fearful,surprised
M04N03.wav, sad,sad,neutral,fearful,happy,angry,surprised
M28W04.wav, sad,sad,neutral,angry,fearful,happy,surprised
M12A56.wav, sad,sad,neutral,angry,fearful,surprised,happy
M28A04.wav, neutral,neutral,sad,angry,happy,fearful,surprised
M25A02.wav, sad,sad,angry,fearful,neutral,surprised,happy
M22N03.wav, sad,sad,neutral,angry,happy,fearful,surprised
F03S14.wav, sad,sad,neutral,angry,fearful,happy,surprised
M27N54.wav, sad,sad,neutral,angry,happy,fearful,surprised
M26S01.wav, sad,sad,neutral,angry,fearful,happy,surprised
M28A43.wav, sad,sad,neutral,fearful,angry,happy,surprised
M04N04.wav, sad,sad,neutral,happy,fearful,angry,surprised
F05N56.wav, sad,sad,neutral,fearful,surprised,happy,angry
M27N18.wav, sad,sad,neutral,fearful,angry,happy,surprised
F12A04.wav, sad,sad,neutral,angry,fearful,happy,surprised
F07H08.wav, sad,sad,neutral,angry,fearful,happy,surprised
M12N52.wav, neutral,neutral,sad,happy,angry,fearful,surprised
M25A57.wav, sad,sad,neutral,angry,happy,fearful,surprised
M04N54.wav, neutral,neutral,sad,angry,fearful,happy,surprised
F21W06.wav, sad,sad,neutral,angry,happy,fearful,surprised
M02A11.wav, sad,sad,neutral,angry,fearful,surprised,happy
F02W06.wav, sad,sad,neutral,fearful,happy,angry,surprised
M03N03.wav, sad,sad,neutral,fearful,surprised,angry,happy
M44N08.wav, neutral,neutral,sad,happy,angry,fearful,surprised
F03H04.wav, sad,sad,neutral,fearful,surprised,happy,angry
M47A10.wav, sad,sad,neutral,fearful,angry,happy,surprised
M04N35.wav, sad,sad,neutral,happy,angry,fearful,surprised
M31N07.wav, sad,sad,angry,neutral,fearful,surprised,happy
M12N85.wav, sad,sad,neutral,angry,fearful,happy,surprised
M42A13.wav, sad,sad,neutral,angry,happy,fearful,surprised
F24N03.wav, sad,sad,neutral,angry,fearful,happy,surprised
F21A04.wav, sad,sad,neutral,fearful,happy,angry,surprised
F04A16.wav, sad,sad,neutral,angry,fearful,surprised,happy
M21W04.wav, sad,sad,surprised,neutral,angry,fearful,happy
F11N09.wav, sad,sad,neutral,surprised,fearful,angry,happy
M25A49.wav, sad,sad,neutral,angry,happy,fearful,surprised
F13A07.wav, sad,sad,neutral,angry,fearful,surprised,happy
F09S01.wav, sad,sad,neutral,fearful,happy,angry,surprised
M04N78.wav, neutral,neutral,sad,angry,happy,fearful,surprised
M03A21.wav, sad,sad,angry,happy,neutral,fearful,surprised
F03S10.wav, sad,sad,angry,neutral,happy,fearful,surprised
M02A28.wav, sad,sad,neutral,angry,happy,fearful,surprised
M03A41.wav, sad,sad,neutral,happy,fearful,angry,surprised
M18N15.wav, sad,sad,neutral,fearful,angry,happy,surprised
M02A22.wav, sad,sad,neutral,happy,fearful,angry,surprised
M16H04.wav, sad,sad,neutral,happy,fearful,angry,surprised
F24A09.wav, sad,sad,neutral,angry,fearful,happy,surprised
M24N04.wav, sad,sad,neutral,angry,happy,fearful,surprised
M05S01.wav, sad,sad,neutral,angry,happy,fearful,surprised
F05N58.wav, sad,sad,neutral,happy,fearful,angry,surprised
M26A37.wav, sad,sad,angry,neutral,fearful,happy,surprised
M25A18.wav, sad,sad,neutral,angry,happy,fearful,surprised
M47N15.wav, sad,sad,neutral,surprised,fearful,angry,happy
M12W04.wav, sad,sad,angry,fearful,surprised,neutral,happy
F24H20.wav, sad,sad,neutral,angry,fearful,happy,surprised
M02H04.wav, sad,sad,neutral,fearful,angry,surprised,happy
F21A10.wav, sad,sad,neutral,fearful,angry,happy,surprised
F07A12.wav, sad,sad,neutral,angry,fearful,happy,surprised
M40N49.wav, sad,sad,neutral,fearful,happy,angry,surprised
F23A05.wav, sad,sad,neutral,fearful,happy,angry,surprised
M04N18.wav, neutral,neutral,sad,angry,happy,fearful,surprised
M26A11.wav, sad,sad,neutral,angry,fearful,happy,surprised
F07A43.wav, sad,sad,neutral,angry,fearful,happy,surprised
F24A15.wav, sad,sad,neutral,angry,happy,fearful,surprised
M53A26.wav, neutral,neutral,sad,happy,angry,fearful,surprised
M12N21.wav, sad,sad,neutral,angry,happy,fearful,surprised
M25A69.wav, sad,sad,neutral,fearful,happy,angry,surprised
M27W03.wav, sad,sad,surprised,fearful,neutral,angry,happy
M34A02.wav, sad,sad,neutral,angry,fearful,happy,surprised
M53A14.wav, sad,sad,neutral,fearful,happy,angry,surprised
F04A01.wav, sad,sad,neutral,fearful,surprised,angry,happy
M08N08.wav, sad,sad,neutral,fearful,angry,surprised,happy
M11N01.wav, neutral,neutral,sad,angry,happy,fearful,surprised
F23A14.wav, sad,sad,angry,neutral,fearful,happy,surprised
F31A07.wav, sad,sad,neutral,fearful,happy,angry,surprised
M40N05.wav, neutral,neutral,sad,happy,angry,fearful,surprised
M11N02.wav, sad,sad,neutral,angry,fearful,happy,surprised
M04N05.wav, neutral,neutral,sad,happy,angry,fearful,surprised
F01H01.wav, sad,sad,neutral,fearful,angry,happy,surprised
M44H07.wav, sad,sad,neutral,angry,fearful,happy,surprised
M12N65.wav, sad,sad,neutral,fearful,happy,angry,surprised
M41H02.wav, sad,sad,neutral,happy,fearful,angry,surprised
M03A07.wav, sad,sad,angry,neutral,happy,fearful,surprised
M38N02.wav, sad,sad,neutral,angry,happy,fearful,surprised
F01A22.wav, sad,sad,neutral,angry,fearful,happy,surprised
F09A08.wav, sad,sad,neutral,angry,happy,fearful,surprised
M25H01.wav, neutral,neutral,sad,angry,happy,fearful,surprised
M12N83.wav, sad,sad,neutral,angry,happy,fearful,surprised
F23N10.wav, sad,sad,neutral,angry,fearful,happy,surprised
M12W03.wav, sad,sad,angry,surprised,neutral,fearful,happy
M12A21.wav, sad,sad,neutral,angry,happy,fearful,surprised
M53A05.wav, sad,sad,angry,fearful,neutral,surprised,happy
F28A03.wav, sad,sad,neutral,happy,fearful,angry,surprised
M30W01.wav, sad,sad,neutral,angry,happy,fearful,surprised
F24A50.wav, sad,sad,neutral,angry,fearful,happy,surprised
M30A06.wav, sad,sad,neutral,angry,fearful,surprised,happy
M12N16.wav, sad,sad,neutral,fearful,angry,happy,surprised
M40N48.wav, neutral,neutral,sad,angry,happy,fearful,surprised
M12A10.wav, sad,sad,neutral,angry,fearful,surprised,happy
F31A06.wav, sad,sad,neutral,angry,fearful,happy,surprised
M05S11.wav, sad,sad,neutral,angry,fearful,surprised,happy
F07S04.wav, sad,sad,neutral,fearful,angry,surprised,happy
M24N01.wav, sad,sad,neutral,angry,happy,fearful,surprised
F23H02.wav, sad,sad,neutral,happy,fearful,angry,surprised
F24W17.wav, sad,sad,surprised,neutral,fearful,angry,happy
