F21H08.wav, neutral,neutral,angry,sad,happy 
M12N80.wav, neutral,neutral,angry,happy,sad 
F01N07.wav, sad,sad,neutral,angry,happy 
F07S16.wav, sad,sad,angry,neutral,happy 
M53A11.wav, sad,sad,angry,neutral,happy 
F03S05.wav, sad,sad,neutral,happy,angry 
M04N21.wav, angry,angry,neutral,sad,happy 
M25N07.wav, sad,sad,neutral,angry,happy 
F21A29.wav, sad,sad,angry,neutral,happy 
M25N15.wav, sad,sad,angry,neutral,happy 
F03A06.wav, sad,sad,happy,angry,neutral 
M04N62.wav, neutral,neutral,happy,sad,angry 
F20H01.wav, happy,happy,angry,sad,neutral 
M03A04.wav, happy,happy,angry,neutral,sad 
M17N02.wav, happy,happy,angry,sad,neutral 
F22H04.wav, neutral,neutral,angry,happy,sad 
M04N14.wav, sad,sad,angry,neutral,happy 
F01S21.wav, sad,sad,angry,neutral,happy 
M26A37.wav, happy,happy,angry,neutral,sad 
M26A40.wav, sad,sad,neutral,angry,happy 
M03N05.wav, neutral,neutral,angry,happy,sad 
F09N02.wav, angry,angry,happy,neutral,sad 
M53A07.wav, happy,happy,angry,sad,neutral 
F24H01.wav, neutral,neutral,happy,angry,sad 
F03S03.wav, happy,happy,angry,neutral,sad 
F21A45.wav, happy,happy,angry,sad,neutral 
F06S09.wav, happy,happy,neutral,sad,angry 
F24N08.wav, sad,sad,angry,happy,neutral 
F21A05.wav, happy,happy,sad,neutral,angry 
M16A07.wav, sad,sad,neutral,happy,angry 
F05N32.wav, neutral,neutral,sad,angry,happy 
F23H03.wav, sad,sad,angry,happy,neutral 
M22N18.wav, angry,angry,happy,neutral,sad 
M32N03.wav, sad,sad,angry,neutral,happy 
M28N22.wav, sad,sad,neutral,happy,angry 
M28N07.wav, sad,sad,neutral,angry,happy 
M17N08.wav, sad,sad,angry,neutral,happy 
F13A23.wav, sad,sad,angry,happy,neutral 
M06N01.wav, sad,sad,neutral,angry,happy 
M25A44.wav, sad,sad,happy,neutral,angry 
F06H06.wav, angry,angry,neutral,sad,happy 
F11N07.wav, sad,sad,angry,neutral,happy 
M05N08.wav, sad,sad,angry,happy,neutral 
M02N10.wav, sad,sad,neutral,angry,happy 
M03A21.wav, happy,happy,angry,neutral,sad 
F10A56.wav, sad,sad,angry,neutral,happy 
M22S02.wav, neutral,neutral,angry,happy,sad 
F02N02.wav, sad,sad,angry,neutral,happy 
F02A03.wav, sad,sad,angry,neutral,happy 
F14N02.wav, neutral,neutral,angry,happy,sad 
F24H18.wav, sad,sad,happy,angry,neutral 
M02N02.wav, sad,sad,angry,neutral,happy 
F03S07.wav, sad,sad,angry,neutral,happy 
F01H07.wav, neutral,neutral,sad,angry,happy 
M09A08.wav, sad,sad,neutral,happy,angry 
F26N03.wav, sad,sad,neutral,angry,happy 
M28S16.wav, neutral,neutral,angry,sad,happy 
F24A25.wav, sad,sad,happy,neutral,angry 
M25A40.wav, happy,happy,sad,neutral,angry 
M09A05.wav, sad,sad,neutral,angry,happy 
F24H07.wav, sad,sad,angry,happy,neutral 
M05S15.wav, sad,sad,angry,neutral,happy 
M36N02.wav, sad,sad,neutral,angry,happy 
F07S29.wav, angry,angry,sad,happy,neutral 
F07A38.wav, sad,sad,neutral,happy,angry 
F05N48.wav, sad,sad,angry,neutral,happy 
F05N54.wav, angry,angry,neutral,sad,happy 
F20N11.wav, angry,angry,neutral,sad,happy 
F02N04.wav, sad,sad,neutral,angry,happy 
F05N56.wav, sad,sad,neutral,happy,angry 
M26A23.wav, sad,sad,neutral,angry,happy 
M51N20.wav, sad,sad,angry,neutral,happy 
F07S23.wav, sad,sad,angry,happy,neutral 
M42A04.wav, sad,sad,happy,angry,neutral 
F24H12.wav, sad,sad,neutral,happy,angry 
F24A70.wav, happy,happy,angry,neutral,sad 
M10A02.wav, sad,sad,neutral,happy,angry 
F07S12.wav, happy,happy,sad,angry,neutral 
F24A13.wav, sad,sad,angry,neutral,happy 
M25N16.wav, sad,sad,neutral,angry,happy 
F06H04.wav, sad,sad,neutral,angry,happy 
M30A04.wav, sad,sad,happy,neutral,angry 
M44H06.wav, sad,sad,angry,neutral,happy 
F24S12.wav, sad,sad,neutral,happy,angry 
M40S01.wav, sad,sad,angry,happy,neutral 
M28S05.wav, sad,sad,neutral,angry,happy 
F10A18.wav, happy,happy,sad,neutral,angry 
F21A44.wav, sad,sad,happy,neutral,angry 
M04N70.wav, sad,sad,angry,neutral,happy 
F05N44.wav, sad,sad,angry,neutral,happy 
M03A31.wav, sad,sad,neutral,happy,angry 
F05N12.wav, sad,sad,angry,neutral,happy 
F29N02.wav, happy,happy,sad,angry,neutral 
F12A08.wav, sad,sad,angry,neutral,happy 
F07N07.wav, happy,happy,angry,neutral,sad 
M27N47.wav, sad,sad,neutral,angry,happy 
M26A08.wav, angry,angry,happy,neutral,sad 
F21N12.wav, sad,sad,neutral,angry,happy 
F12N08.wav, sad,sad,happy,angry,neutral 
M03A30.wav, sad,sad,neutral,angry,happy 
F21S11.wav, sad,sad,angry,happy,neutral 
M03A16.wav, happy,happy,neutral,sad,angry 
M22N31.wav, sad,sad,happy,neutral,angry 
M25A14.wav, happy,happy,angry,neutral,sad 
M25A30.wav, sad,sad,angry,neutral,happy 
M15A05.wav, happy,happy,angry,neutral,sad 
M03A15.wav, sad,sad,happy,neutral,angry 
M36N01.wav, sad,sad,neutral,angry,happy 
F12A01.wav, sad,sad,neutral,happy,angry 
M12N61.wav, neutral,neutral,angry,sad,happy 
M40N25.wav, angry,angry,neutral,sad,happy 
F21N14.wav, sad,sad,neutral,angry,happy 
M25N11.wav, neutral,neutral,sad,angry,happy 
M25A19.wav, sad,sad,happy,neutral,angry 
M53A14.wav, sad,sad,neutral,angry,happy 
M40N37.wav, neutral,neutral,sad,angry,happy 
F03S11.wav, sad,sad,happy,angry,neutral 
M53A19.wav, sad,sad,neutral,angry,happy 
M12N47.wav, sad,sad,angry,neutral,happy 
F21A32.wav, sad,sad,angry,neutral,happy 
M02A17.wav, sad,sad,neutral,happy,angry 
M51S01.wav, angry,angry,sad,neutral,happy 
M40N09.wav, sad,sad,angry,neutral,happy 
F21S35.wav, sad,sad,happy,neutral,angry 
F20H03.wav, happy,happy,neutral,angry,sad 
F11S03.wav, happy,happy,sad,neutral,angry 
M12A14.wav, sad,sad,happy,angry,neutral 
M28S11.wav, sad,sad,angry,neutral,happy 
F13A09.wav, sad,sad,neutral,happy,angry 
M25A20.wav, sad,sad,happy,neutral,angry 
M28A30.wav, sad,sad,happy,angry,neutral 
M30A01.wav, happy,happy,angry,neutral,sad 
F14H01.wav, sad,sad,neutral,angry,happy 
F03S01.wav, happy,happy,neutral,angry,sad 
M25A47.wav, sad,sad,happy,neutral,angry 
F06S07.wav, neutral,neutral,angry,sad,happy 
M37N04.wav, happy,happy,neutral,angry,sad 
F05N53.wav, angry,angry,neutral,sad,happy 
F07A34.wav, sad,sad,angry,neutral,happy 
M07N01.wav, happy,happy,angry,neutral,sad 
M49N03.wav, angry,angry,happy,neutral,sad 
M29A10.wav, neutral,neutral,happy,sad,angry 
M16H05.wav, happy,happy,angry,sad,neutral 
M12A01.wav, happy,happy,angry,sad,neutral 
F04A14.wav, sad,sad,angry,neutral,happy 
M53A10.wav, sad,sad,angry,neutral,happy 
M12A64.wav, happy,happy,neutral,sad,angry 
F07N05.wav, neutral,neutral,angry,happy,sad 
F21A46.wav, neutral,neutral,sad,angry,happy 
F09A06.wav, sad,sad,happy,neutral,angry 
M04N03.wav, sad,sad,angry,neutral,happy 
M48S02.wav, sad,sad,neutral,angry,happy 
M23H01.wav, neutral,neutral,angry,sad,happy 
M26A34.wav, happy,happy,sad,neutral,angry 
M28A46.wav, happy,happy,neutral,angry,sad 
F23N07.wav, sad,sad,happy,neutral,angry 
F11S02.wav, sad,sad,angry,happy,neutral 
M16A26.wav, happy,happy,sad,neutral,angry 
M05A05.wav, angry,angry,happy,neutral,sad 
M16A25.wav, happy,happy,angry,neutral,sad 
M15A04.wav, sad,sad,happy,neutral,angry 
M50N02.wav, neutral,neutral,angry,happy,sad 
F09A13.wav, sad,sad,neutral,angry,happy 
F24H16.wav, happy,happy,sad,angry,neutral 
M40N16.wav, sad,sad,angry,neutral,happy 
M27N40.wav, sad,sad,angry,happy,neutral 
M14N03.wav, sad,sad,neutral,angry,happy 
M41H01.wav, sad,sad,angry,neutral,happy 
M18N01.wav, sad,sad,angry,neutral,happy 
M21H02.wav, happy,happy,neutral,angry,sad 
M13N01.wav, sad,sad,neutral,angry,happy 
M31N05.wav, neutral,neutral,angry,happy,sad 
F24S14.wav, happy,happy,sad,neutral,angry 
M50A07.wav, sad,sad,angry,neutral,happy 
F19N15.wav, sad,sad,angry,neutral,happy 
M03A11.wav, sad,sad,neutral,happy,angry 
M25A61.wav, sad,sad,neutral,happy,angry 
M03A47.wav, happy,happy,neutral,angry,sad 
F21H06.wav, happy,happy,angry,neutral,sad 
F10A57.wav, sad,sad,neutral,happy,angry 
M12A37.wav, sad,sad,angry,neutral,happy 
M12A18.wav, sad,sad,angry,neutral,happy 
M37S01.wav, happy,happy,sad,angry,neutral 
F19N16.wav, sad,sad,neutral,angry,happy 
F26S03.wav, neutral,neutral,angry,sad,happy 
M25S13.wav, angry,angry,neutral,happy,sad 
M25A62.wav, sad,sad,happy,angry,neutral 
M09N01.wav, neutral,neutral,happy,angry,sad 
F24A67.wav, sad,sad,angry,happy,neutral 
M30A06.wav, sad,sad,angry,happy,neutral 
M15A12.wav, happy,happy,sad,neutral,angry 
F05N50.wav, sad,sad,angry,neutral,happy 
F06A01.wav, neutral,neutral,sad,angry,happy 
M25N19.wav, neutral,neutral,sad,happy,angry 
M55N02.wav, sad,sad,angry,neutral,happy 
F11N01.wav, sad,sad,neutral,angry,happy 
M21N11.wav, sad,sad,angry,happy,neutral 
F23A16.wav, sad,sad,happy,neutral,angry 
M56N02.wav, sad,sad,neutral,angry,happy 
M05A11.wav, happy,happy,angry,neutral,sad 
M47A14.wav, sad,sad,happy,neutral,angry 
F07A10.wav, happy,happy,sad,angry,neutral 
M04A11.wav, happy,happy,sad,neutral,angry 
F05N23.wav, sad,sad,angry,neutral,happy 
F30S02.wav, sad,sad,angry,neutral,happy 
M47N15.wav, sad,sad,happy,angry,neutral 
M28A47.wav, happy,happy,sad,angry,neutral 
M25N04.wav, sad,sad,happy,neutral,angry 
F20N02.wav, happy,happy,angry,neutral,sad 
M02A20.wav, sad,sad,happy,neutral,angry 
M04N43.wav, sad,sad,angry,neutral,happy 
M28N09.wav, happy,happy,angry,neutral,sad 
F21S36.wav, sad,sad,neutral,happy,angry 
M04N61.wav, neutral,neutral,happy,angry,sad 
F20H05.wav, sad,sad,angry,neutral,happy 
M26A39.wav, sad,sad,happy,neutral,angry 
F28A11.wav, sad,sad,angry,neutral,happy 
F17S01.wav, sad,sad,angry,happy,neutral 
M03S17.wav, happy,happy,sad,angry,neutral 
M12N50.wav, sad,sad,angry,happy,neutral 
F21S21.wav, sad,sad,angry,neutral,happy 
M18N02.wav, angry,angry,happy,neutral,sad 
M40N50.wav, neutral,neutral,angry,sad,happy 
M09A19.wav, sad,sad,neutral,happy,angry 
F07A57.wav, sad,sad,neutral,angry,happy 
F26S02.wav, sad,sad,happy,neutral,angry 
F30S01.wav, sad,sad,happy,neutral,angry 
M19S03.wav, angry,angry,neutral,happy,sad 
F10A28.wav, happy,happy,angry,sad,neutral 
M22N27.wav, sad,sad,neutral,happy,angry 
M04S04.wav, neutral,neutral,sad,angry,happy 
F20N10.wav, neutral,neutral,angry,happy,sad 
M53A20.wav, neutral,neutral,happy,angry,sad 
F07H06.wav, sad,sad,neutral,angry,happy 
M25S06.wav, sad,sad,neutral,angry,happy 
M53A06.wav, happy,happy,sad,neutral,angry 
M08H01.wav, sad,sad,neutral,angry,happy 
M15A13.wav, sad,sad,neutral,happy,angry 
F19N33.wav, sad,sad,angry,neutral,happy 
M12N39.wav, neutral,neutral,sad,angry,happy 
M48N06.wav, angry,angry,happy,sad,neutral 
M27N25.wav, neutral,neutral,sad,angry,happy 
M12A17.wav, sad,sad,happy,neutral,angry 
M25A69.wav, neutral,neutral,sad,angry,happy 
F23N03.wav, happy,happy,neutral,angry,sad 
M40A04.wav, sad,sad,happy,neutral,angry 
F05N45.wav, sad,sad,neutral,angry,happy 
M26S05.wav, happy,happy,angry,neutral,sad 
F22S13.wav, sad,sad,angry,happy,neutral 
M12A29.wav, sad,sad,happy,neutral,angry 
M30N08.wav, neutral,neutral,sad,angry,happy 
M26A32.wav, sad,sad,happy,neutral,angry 
F04A11.wav, sad,sad,neutral,angry,happy 
F01S07.wav, happy,happy,angry,sad,neutral 
M04N40.wav, sad,sad,angry,neutral,happy 
M12N40.wav, happy,happy,neutral,sad,angry 
M27N18.wav, happy,happy,sad,neutral,angry 
M03S05.wav, sad,sad,angry,neutral,happy 
F24A38.wav, happy,happy,sad,neutral,angry 
F02S02.wav, sad,sad,angry,neutral,happy 
M25A18.wav, sad,sad,happy,neutral,angry 
M12N58.wav, sad,sad,angry,neutral,happy 
M03A05.wav, sad,sad,happy,neutral,angry 
M04N42.wav, sad,sad,neutral,angry,happy 
M15N01.wav, happy,happy,neutral,angry,sad 
M42A12.wav, happy,happy,sad,neutral,angry 
M17N07.wav, sad,sad,neutral,angry,happy 
M44N13.wav, sad,sad,neutral,happy,angry 
M30N04.wav, happy,happy,angry,sad,neutral 
M26A38.wav, neutral,neutral,angry,sad,happy 
M50A05.wav, sad,sad,neutral,happy,angry 
M03A37.wav, happy,happy,angry,neutral,sad 
M16A32.wav, happy,happy,sad,neutral,angry 
F10A05.wav, sad,sad,neutral,happy,angry 
F07A63.wav, happy,happy,angry,neutral,sad 
M28S24.wav, sad,sad,neutral,happy,angry 
M16A11.wav, happy,happy,angry,neutral,sad 
M30A03.wav, sad,sad,neutral,happy,angry 
M53A23.wav, sad,sad,angry,neutral,happy 
M07N06.wav, happy,happy,angry,neutral,sad 
M30N05.wav, happy,happy,angry,sad,neutral 
F21A52.wav, neutral,neutral,angry,sad,happy 
M03A45.wav, neutral,neutral,sad,angry,happy 
F21A25.wav, sad,sad,neutral,angry,happy 
F24A66.wav, happy,happy,angry,neutral,sad 
M22N10.wav, happy,happy,angry,sad,neutral 
F14N05.wav, happy,happy,neutral,sad,angry 
F07A41.wav, sad,sad,neutral,happy,angry 
M12N28.wav, neutral,neutral,sad,happy,angry 
M38N13.wav, sad,sad,neutral,happy,angry 
F10A47.wav, happy,happy,sad,neutral,angry 
F20N06.wav, sad,sad,angry,neutral,happy 
M12S13.wav, happy,happy,angry,neutral,sad 
M26S04.wav, sad,sad,angry,neutral,happy 
M27N52.wav, sad,sad,neutral,angry,happy 
M16A12.wav, sad,sad,happy,neutral,angry 
M25A66.wav, sad,sad,neutral,happy,angry 
F28N04.wav, neutral,neutral,sad,angry,happy 
M47N01.wav, sad,sad,neutral,angry,happy 
M34N02.wav, happy,happy,sad,angry,neutral 
F23A02.wav, happy,happy,angry,neutral,sad 
F06H08.wav, neutral,neutral,sad,angry,happy 
M12N16.wav, sad,sad,neutral,happy,angry 
M40N07.wav, sad,sad,neutral,angry,happy 
M12N66.wav, sad,sad,angry,neutral,happy 
F03A04.wav, sad,sad,happy,neutral,angry 
F07S05.wav, sad,sad,angry,neutral,happy 
F01S01.wav, neutral,neutral,sad,angry,happy 
M47N11.wav, sad,sad,neutral,angry,happy 
M12A12.wav, sad,sad,neutral,happy,angry 
M46N04.wav, happy,happy,sad,neutral,angry 
F03A08.wav, sad,sad,neutral,angry,happy 
F28A20.wav, sad,sad,angry,neutral,happy 
F23N09.wav, sad,sad,happy,neutral,angry 
F07S14.wav, sad,sad,neutral,angry,happy 
F30A03.wav, sad,sad,happy,neutral,angry 
M07N08.wav, angry,angry,sad,neutral,happy 
F16S03.wav, sad,sad,happy,neutral,angry 
M27N03.wav, neutral,neutral,sad,angry,happy 
F21N22.wav, sad,sad,happy,angry,neutral 
M41H07.wav, sad,sad,neutral,angry,happy 
F23A12.wav, happy,happy,angry,sad,neutral 
F24H14.wav, happy,happy,neutral,angry,sad 
F07N02.wav, sad,sad,neutral,happy,angry 
F24A05.wav, sad,sad,angry,neutral,happy 
F21S15.wav, sad,sad,happy,angry,neutral 
M28A15.wav, happy,happy,angry,neutral,sad 
F11N08.wav, neutral,neutral,sad,angry,happy 
F10H01.wav, neutral,neutral,happy,angry,sad 
M28S15.wav, sad,sad,angry,neutral,happy 
M47S01.wav, sad,sad,angry,neutral,happy 
F15A05.wav, happy,happy,sad,angry,neutral 
M26A22.wav, happy,happy,neutral,angry,sad 
F25A04.wav, sad,sad,neutral,happy,angry 
M27N27.wav, sad,sad,neutral,angry,happy 
M44N19.wav, angry,angry,neutral,sad,happy 
F22S14.wav, sad,sad,happy,neutral,angry 
F21N24.wav, angry,angry,neutral,sad,happy 
F01A03.wav, sad,sad,angry,neutral,happy 
M53N14.wav, happy,happy,sad,neutral,angry 
M22N19.wav, angry,angry,happy,neutral,sad 
M04N48.wav, sad,sad,angry,neutral,happy 
F07N11.wav, neutral,neutral,angry,sad,happy 
M04N51.wav, sad,sad,angry,neutral,happy 
F20N08.wav, angry,angry,sad,neutral,happy 
M29A19.wav, sad,sad,neutral,angry,happy 
M28N13.wav, sad,sad,neutral,angry,happy 
M24A04.wav, sad,sad,happy,neutral,angry 
M09A11.wav, neutral,neutral,sad,happy,angry 
M06N06.wav, sad,sad,neutral,happy,angry 
F23H04.wav, angry,angry,happy,sad,neutral 
M26A18.wav, happy,happy,neutral,angry,sad 
M18N12.wav, angry,angry,sad,neutral,happy 
M03A13.wav, happy,happy,sad,neutral,angry 
M40N28.wav, sad,sad,neutral,angry,happy 
M25S01.wav, sad,sad,angry,happy,neutral 
F10N01.wav, happy,happy,neutral,sad,angry 
F03N01.wav, happy,happy,angry,neutral,sad 
M40N29.wav, sad,sad,angry,neutral,happy 
M05N17.wav, sad,sad,angry,neutral,happy 
M27N05.wav, happy,happy,neutral,angry,sad 
M12S11.wav, neutral,neutral,angry,sad,happy 
M12A30.wav, sad,sad,neutral,angry,happy 
M34A01.wav, happy,happy,angry,neutral,sad 
F01A02.wav, sad,sad,happy,neutral,angry 
M28A40.wav, happy,happy,sad,angry,neutral 
M22N29.wav, sad,sad,neutral,angry,happy 
F31A10.wav, happy,happy,neutral,angry,sad 
F07A06.wav, happy,happy,neutral,sad,angry 
M05A06.wav, happy,happy,sad,angry,neutral 
M04N16.wav, sad,sad,neutral,happy,angry 
M03S07.wav, sad,sad,angry,happy,neutral 
F05N33.wav, angry,angry,neutral,sad,happy 
M38N01.wav, sad,sad,neutral,angry,happy 
F24N04.wav, sad,sad,neutral,happy,angry 
M16A01.wav, sad,sad,angry,neutral,happy 
M04N36.wav, angry,angry,neutral,sad,happy 
M04N32.wav, sad,sad,neutral,angry,happy 
F25N03.wav, neutral,neutral,happy,angry,sad 
F22S01.wav, happy,happy,angry,sad,neutral 
M44N03.wav, sad,sad,neutral,angry,happy 
M44N24.wav, happy,happy,angry,neutral,sad 
M09A18.wav, happy,happy,sad,neutral,angry 
M11H03.wav, happy,happy,sad,neutral,angry 
M17N06.wav, neutral,neutral,angry,sad,happy 
M12N15.wav, happy,happy,sad,angry,neutral 
F24A59.wav, sad,sad,angry,neutral,happy 
F03S18.wav, happy,happy,angry,sad,neutral 
F06S05.wav, sad,sad,angry,neutral,happy 
M34A04.wav, angry,angry,happy,sad,neutral 
M28N23.wav, sad,sad,neutral,angry,happy 
M12N73.wav, neutral,neutral,happy,sad,angry 
M27N59.wav, sad,sad,neutral,angry,happy 
M47A03.wav, sad,sad,angry,neutral,happy 
M53N09.wav, sad,sad,angry,happy,neutral 
F19N09.wav, sad,sad,angry,neutral,happy 
F03S15.wav, neutral,neutral,happy,angry,sad 
M22N20.wav, sad,sad,neutral,angry,happy 
F15N01.wav, sad,sad,happy,neutral,angry 
F24A57.wav, sad,sad,angry,neutral,happy 
M28S13.wav, sad,sad,angry,happy,neutral 
M44H02.wav, sad,sad,neutral,angry,happy 
F19N19.wav, neutral,neutral,angry,sad,happy 
M24H01.wav, sad,sad,happy,neutral,angry 
M28A39.wav, happy,happy,angry,neutral,sad 
F31S01.wav, happy,happy,angry,neutral,sad 
F07A35.wav, sad,sad,neutral,happy,angry 
M46N06.wav, sad,sad,angry,neutral,happy 
F23A19.wav, sad,sad,angry,neutral,happy 
M36S03.wav, sad,sad,neutral,angry,happy 
F02S15.wav, sad,sad,neutral,angry,happy 
F24A11.wav, neutral,neutral,sad,angry,happy 
F13A20.wav, sad,sad,neutral,angry,happy 
F24H20.wav, sad,sad,neutral,angry,happy 
F10A51.wav, sad,sad,angry,happy,neutral 
F24H05.wav, sad,sad,neutral,happy,angry 
M12A33.wav, sad,sad,happy,neutral,angry 
F21S03.wav, neutral,neutral,happy,sad,angry 
M04N44.wav, happy,happy,sad,neutral,angry 
M11H01.wav, sad,sad,neutral,angry,happy 
M23A01.wav, happy,happy,neutral,angry,sad 
M04N24.wav, sad,sad,angry,neutral,happy 
M12N35.wav, sad,sad,angry,neutral,happy 
M12A03.wav, sad,sad,happy,neutral,angry 
M20N01.wav, happy,happy,sad,neutral,angry 
F29N03.wav, sad,sad,angry,happy,neutral 
F10A59.wav, sad,sad,neutral,angry,happy 
F21A19.wav, sad,sad,angry,neutral,happy 
M20N04.wav, happy,happy,sad,angry,neutral 
F24A03.wav, sad,sad,angry,neutral,happy 
F01N04.wav, happy,happy,angry,neutral,sad 
F13N01.wav, sad,sad,neutral,angry,happy 
F07A25.wav, sad,sad,neutral,angry,happy 
M29A14.wav, sad,sad,neutral,angry,happy 
F23H06.wav, sad,sad,angry,neutral,happy 
M46N07.wav, sad,sad,neutral,angry,happy 
M47A18.wav, sad,sad,neutral,happy,angry 
M51N10.wav, sad,sad,neutral,angry,happy 
M12A63.wav, sad,sad,neutral,happy,angry 
F05N10.wav, sad,sad,neutral,angry,happy 
F13A21.wav, sad,sad,angry,neutral,happy 
F12A03.wav, happy,happy,angry,neutral,sad 
M12A69.wav, neutral,neutral,sad,angry,happy 
F28N02.wav, sad,sad,neutral,angry,happy 
M28A29.wav, happy,happy,neutral,sad,angry 
M25A32.wav, sad,sad,happy,neutral,angry 
M27N15.wav, sad,sad,neutral,angry,happy 
M44H09.wav, sad,sad,neutral,angry,happy 
F19N12.wav, neutral,neutral,angry,happy,sad 
F21A02.wav, sad,sad,neutral,happy,angry 
M28A25.wav, sad,sad,neutral,happy,angry 
F07S18.wav, sad,sad,neutral,angry,happy 
M27N07.wav, neutral,neutral,happy,angry,sad 
M06S04.wav, sad,sad,angry,neutral,happy 
M22A02.wav, angry,angry,happy,sad,neutral 
M56N04.wav, happy,happy,neutral,sad,angry 
F22S05.wav, sad,sad,angry,happy,neutral 
F24N11.wav, neutral,neutral,angry,sad,happy 
M04N28.wav, sad,sad,neutral,angry,happy 
F21S39.wav, sad,sad,neutral,happy,angry 
F19S04.wav, angry,angry,neutral,happy,sad 
F21H10.wav, happy,happy,angry,neutral,sad 
F01S23.wav, happy,happy,angry,sad,neutral 
M22N06.wav, happy,happy,sad,angry,neutral 
M25A22.wav, sad,sad,angry,neutral,happy 
F01S06.wav, sad,sad,neutral,angry,happy 
M40N44.wav, sad,sad,angry,neutral,happy 
F21A36.wav, sad,sad,angry,neutral,happy 
M50A11.wav, happy,happy,angry,sad,neutral 
F19N18.wav, sad,sad,neutral,angry,happy 
M04A10.wav, sad,sad,angry,neutral,happy 
M05S01.wav, sad,sad,happy,neutral,angry 
M51N13.wav, sad,sad,happy,angry,neutral 
M50A10.wav, sad,sad,angry,happy,neutral 
M12N56.wav, sad,sad,neutral,angry,happy 
M04A02.wav, sad,sad,happy,angry,neutral 
M25S11.wav, neutral,neutral,angry,sad,happy 
M21A03.wav, neutral,neutral,sad,angry,happy 
F30S07.wav, sad,sad,angry,neutral,happy 
M25N10.wav, sad,sad,neutral,angry,happy 
M51N14.wav, sad,sad,neutral,angry,happy 
M44N08.wav, sad,sad,angry,neutral,happy 
M27N35.wav, angry,angry,sad,neutral,happy 
F11N06.wav, neutral,neutral,angry,sad,happy 
F30S10.wav, sad,sad,angry,neutral,happy 
M13H01.wav, neutral,neutral,happy,angry,sad 
F24A45.wav, sad,sad,angry,neutral,happy 
M30N03.wav, happy,happy,sad,angry,neutral 
F06S03.wav, angry,angry,neutral,happy,sad 
M28N01.wav, happy,happy,angry,neutral,sad 
M03A29.wav, sad,sad,neutral,angry,happy 
F15N02.wav, sad,sad,angry,neutral,happy 
M26A04.wav, happy,happy,angry,neutral,sad 
M46A05.wav, sad,sad,neutral,angry,happy 
F02A01.wav, happy,happy,angry,neutral,sad 
F07A46.wav, sad,sad,angry,neutral,happy 
F21A06.wav, sad,sad,angry,neutral,happy 
M02N01.wav, sad,sad,neutral,happy,angry 
M38N09.wav, neutral,neutral,sad,angry,happy 
M37N13.wav, sad,sad,happy,neutral,angry 
M34S02.wav, angry,angry,sad,happy,neutral 
F21S33.wav, neutral,neutral,angry,sad,happy 
M25A39.wav, sad,sad,neutral,happy,angry 
M25A02.wav, happy,happy,angry,sad,neutral 
M22S01.wav, sad,sad,angry,neutral,happy 
M04S02.wav, sad,sad,angry,neutral,happy 
M28S12.wav, neutral,neutral,angry,happy,sad 
F07A58.wav, happy,happy,angry,neutral,sad 
F21N08.wav, angry,angry,happy,neutral,sad 
F12A06.wav, sad,sad,happy,neutral,angry 
M12N41.wav, happy,happy,angry,neutral,sad 
M38N05.wav, sad,sad,neutral,happy,angry 
F03S12.wav, sad,sad,happy,neutral,angry 
M16A18.wav, happy,happy,angry,sad,neutral 
M03A46.wav, neutral,neutral,sad,happy,angry 
F21S28.wav, sad,sad,angry,happy,neutral 
F23S01.wav, sad,sad,neutral,angry,happy 
F07S34.wav, happy,happy,angry,neutral,sad 
M02N14.wav, sad,sad,happy,neutral,angry 
F06A02.wav, sad,sad,angry,neutral,happy 
M08N04.wav, neutral,neutral,angry,sad,happy 
M19S01.wav, happy,happy,angry,neutral,sad 
M28S22.wav, sad,sad,angry,neutral,happy 
M26A15.wav, sad,sad,neutral,angry,happy 
F14N04.wav, happy,happy,angry,sad,neutral 
M06S05.wav, sad,sad,angry,neutral,happy 
M02A07.wav, neutral,neutral,angry,happy,sad 
M51N11.wav, neutral,neutral,sad,angry,happy 
M53A09.wav, sad,sad,angry,neutral,happy 
F01S11.wav, happy,happy,angry,neutral,sad 
M08N02.wav, angry,angry,happy,neutral,sad 
F07A43.wav, sad,sad,neutral,happy,angry 
M47H01.wav, sad,sad,neutral,happy,angry 
M40N26.wav, sad,sad,angry,neutral,happy 
F21N01.wav, neutral,neutral,angry,happy,sad 
M43A05.wav, happy,happy,neutral,sad,angry 
M04N66.wav, sad,sad,neutral,angry,happy 
F28A12.wav, sad,sad,angry,neutral,happy 
M04N09.wav, neutral,neutral,sad,angry,happy 
M36S01.wav, sad,sad,angry,neutral,happy 
F30S09.wav, sad,sad,angry,neutral,happy 
M04N37.wav, sad,sad,neutral,angry,happy 
F24A55.wav, happy,happy,angry,sad,neutral 
M11H07.wav, angry,angry,sad,neutral,happy 
M12N42.wav, neutral,neutral,sad,angry,happy 
F01A14.wav, neutral,neutral,angry,sad,happy 
M43H01.wav, sad,sad,happy,neutral,angry 
F24A20.wav, happy,happy,angry,sad,neutral 
M36N03.wav, neutral,neutral,sad,angry,happy 
M28A13.wav, sad,sad,neutral,happy,angry 
F29N07.wav, sad,sad,neutral,angry,happy 
M08N09.wav, sad,sad,angry,neutral,happy 
M17N03.wav, sad,sad,neutral,angry,happy 
M30A05.wav, happy,happy,sad,angry,neutral 
F07N01.wav, angry,angry,happy,neutral,sad 
F10A60.wav, sad,sad,angry,neutral,happy 
M28A11.wav, sad,sad,neutral,happy,angry 
F07N06.wav, sad,sad,happy,neutral,angry 
M42A09.wav, sad,sad,neutral,angry,happy 
F10A09.wav, sad,sad,neutral,happy,angry 
M26N07.wav, sad,sad,neutral,angry,happy 
M46N10.wav, sad,sad,neutral,angry,happy 
M21N03.wav, neutral,neutral,angry,happy,sad 
F03H03.wav, neutral,neutral,sad,angry,happy 
M24A01.wav, sad,sad,happy,neutral,angry 
F24A65.wav, sad,sad,angry,neutral,happy 
M25A43.wav, sad,sad,angry,neutral,happy 
F01A16.wav, neutral,neutral,angry,sad,happy 
M43A10.wav, sad,sad,neutral,angry,happy 
M31N06.wav, angry,angry,sad,neutral,happy 
F02S13.wav, sad,sad,angry,happy,neutral 
M43N03.wav, happy,happy,neutral,sad,angry 
F22S12.wav, sad,sad,angry,happy,neutral 
M04N49.wav, sad,sad,neutral,angry,happy 
F05N47.wav, sad,sad,neutral,angry,happy 
M40N18.wav, sad,sad,neutral,angry,happy 
M43H02.wav, sad,sad,angry,neutral,happy 
F30H02.wav, sad,sad,neutral,angry,happy 
M28A18.wav, sad,sad,happy,neutral,angry 
M53A08.wav, happy,happy,sad,angry,neutral 
F30S06.wav, happy,happy,sad,neutral,angry 
F10A49.wav, happy,happy,angry,neutral,sad 
F24A22.wav, sad,sad,neutral,angry,happy 
M18S01.wav, sad,sad,neutral,angry,happy 
F24A63.wav, angry,angry,happy,neutral,sad 
M30N06.wav, neutral,neutral,angry,sad,happy 
M04N06.wav, sad,sad,angry,neutral,happy 
F12N13.wav, sad,sad,angry,neutral,happy 
M02A03.wav, sad,sad,neutral,happy,angry 
F21S20.wav, sad,sad,neutral,angry,happy 
M04N04.wav, sad,sad,angry,neutral,happy 
M29A15.wav, sad,sad,angry,happy,neutral 
F21H09.wav, sad,sad,angry,neutral,happy 
M03S03.wav, sad,sad,angry,happy,neutral 
M20A01.wav, sad,sad,happy,angry,neutral 
M40N15.wav, sad,sad,neutral,angry,happy 
F21A56.wav, sad,sad,neutral,angry,happy 
M44S03.wav, angry,angry,sad,neutral,happy 
F21S25.wav, neutral,neutral,angry,sad,happy 
F24A56.wav, happy,happy,angry,sad,neutral 
M53A03.wav, sad,sad,angry,happy,neutral 
M25A38.wav, happy,happy,sad,neutral,angry 
F23H01.wav, sad,sad,angry,happy,neutral 
M11N01.wav, sad,sad,neutral,angry,happy 
F24H03.wav, sad,sad,neutral,angry,happy 
F21S16.wav, happy,happy,angry,sad,neutral 
M22N13.wav, neutral,neutral,sad,happy,angry 
M05S09.wav, sad,sad,happy,neutral,angry 
F12N07.wav, sad,sad,happy,neutral,angry 
M02N07.wav, sad,sad,neutral,angry,happy 
M32S04.wav, angry,angry,happy,sad,neutral 
F09H03.wav, sad,sad,happy,neutral,angry 
M16A22.wav, sad,sad,neutral,happy,angry 
M06N03.wav, sad,sad,neutral,angry,happy 
M06N04.wav, happy,happy,angry,sad,neutral 
M12A27.wav, sad,sad,neutral,happy,angry 
M51S02.wav, sad,sad,happy,neutral,angry 
M31N09.wav, sad,sad,angry,neutral,happy 
M04H02.wav, sad,sad,neutral,angry,happy 
M15A03.wav, sad,sad,neutral,angry,happy 
M02N13.wav, happy,happy,sad,angry,neutral 
M25A10.wav, sad,sad,angry,happy,neutral 
F24A06.wav, sad,sad,angry,neutral,happy 
M12A68.wav, angry,angry,happy,neutral,sad 
F23S04.wav, sad,sad,neutral,angry,happy 
M40N27.wav, sad,sad,angry,neutral,happy 
M48A02.wav, neutral,neutral,happy,angry,sad 
M47A08.wav, sad,sad,neutral,angry,happy 
F30S11.wav, sad,sad,neutral,angry,happy 
M05N05.wav, angry,angry,neutral,happy,sad 
M25A11.wav, sad,sad,happy,neutral,angry 
M39H02.wav, neutral,neutral,angry,sad,happy 
M16A27.wav, sad,sad,neutral,angry,happy 
M20A04.wav, neutral,neutral,happy,angry,sad 
M09A02.wav, happy,happy,angry,neutral,sad 
M28A36.wav, sad,sad,angry,neutral,happy 
M30N07.wav, sad,sad,angry,neutral,happy 
F24N07.wav, happy,happy,angry,sad,neutral 
F22A05.wav, sad,sad,neutral,angry,happy 
M55A01.wav, happy,happy,sad,neutral,angry 
M25A42.wav, happy,happy,angry,sad,neutral 
M28A01.wav, sad,sad,angry,neutral,happy 
M25A17.wav, happy,happy,angry,neutral,sad 
M22H01.wav, sad,sad,happy,neutral,angry 
F12A09.wav, happy,happy,angry,neutral,sad 
F24A43.wav, happy,happy,sad,angry,neutral 
M03A41.wav, angry,angry,sad,neutral,happy 
F07A42.wav, happy,happy,sad,neutral,angry 
F07A07.wav, neutral,neutral,happy,sad,angry 
F17S02.wav, sad,sad,happy,neutral,angry 
M25N20.wav, neutral,neutral,angry,sad,happy 
F09N08.wav, angry,angry,happy,neutral,sad 
F13A22.wav, sad,sad,happy,neutral,angry 
M12A34.wav, happy,happy,sad,neutral,angry 
M03H01.wav, happy,happy,sad,neutral,angry 
F05N57.wav, sad,sad,neutral,angry,happy 
M46A02.wav, neutral,neutral,sad,happy,angry 
M18N10.wav, sad,sad,neutral,angry,happy 
F07A03.wav, sad,sad,neutral,angry,happy 
F23A09.wav, happy,happy,angry,neutral,sad 
M49N04.wav, sad,sad,angry,neutral,happy 
F11N05.wav, sad,sad,angry,neutral,happy 
M05N02.wav, happy,happy,angry,sad,neutral 
M26S02.wav, sad,sad,angry,happy,neutral 
F30A01.wav, sad,sad,neutral,happy,angry 
M25S04.wav, sad,sad,angry,neutral,happy 
F10A34.wav, sad,sad,angry,neutral,happy 
F01A04.wav, sad,sad,happy,neutral,angry 
M26A17.wav, angry,angry,happy,sad,neutral 
M12A10.wav, sad,sad,angry,happy,neutral 
F12N09.wav, sad,sad,neutral,happy,angry 
M05N14.wav, sad,sad,angry,happy,neutral 
F21A03.wav, sad,sad,happy,angry,neutral 
M38N02.wav, neutral,neutral,sad,happy,angry 
M37N05.wav, sad,sad,happy,neutral,angry 
F21A26.wav, sad,sad,neutral,angry,happy 
M12N62.wav, sad,sad,angry,neutral,happy 
F17S06.wav, sad,sad,angry,happy,neutral 
M25A59.wav, sad,sad,neutral,happy,angry 
M28A33.wav, neutral,neutral,sad,happy,angry 
F12A13.wav, sad,sad,angry,happy,neutral 
M12N22.wav, neutral,neutral,happy,angry,sad 
M09A24.wav, happy,happy,sad,angry,neutral 
M12N70.wav, sad,sad,neutral,angry,happy 
M28S01.wav, sad,sad,angry,happy,neutral 
M40A01.wav, happy,happy,sad,neutral,angry 
F23N06.wav, sad,sad,happy,neutral,angry 
M12N26.wav, neutral,neutral,angry,sad,happy 
M26A03.wav, happy,happy,angry,neutral,sad 
M53A18.wav, sad,sad,angry,happy,neutral 
M24N04.wav, sad,sad,neutral,angry,happy 
M12S02.wav, happy,happy,sad,neutral,angry 
F29N10.wav, neutral,neutral,sad,angry,happy 
F27N01.wav, sad,sad,neutral,happy,angry 
M05N13.wav, sad,sad,angry,neutral,happy 
M28N12.wav, sad,sad,neutral,happy,angry 
M25N06.wav, sad,sad,neutral,angry,happy 
M04N65.wav, sad,sad,neutral,angry,happy 
F23N11.wav, sad,sad,neutral,angry,happy 
F05N52.wav, sad,sad,neutral,angry,happy 
M16A30.wav, happy,happy,sad,neutral,angry 
M03N04.wav, neutral,neutral,sad,angry,happy 
M52S03.wav, sad,sad,angry,neutral,happy 
F28A13.wav, sad,sad,angry,neutral,happy 
M04N12.wav, sad,sad,neutral,angry,happy 
F09A09.wav, neutral,neutral,angry,happy,sad 
F21H13.wav, sad,sad,neutral,angry,happy 
M25A46.wav, happy,happy,sad,neutral,angry 
M12N49.wav, sad,sad,angry,neutral,happy 
F07S42.wav, sad,sad,angry,neutral,happy 
M12A04.wav, happy,happy,sad,angry,neutral 
M12N33.wav, happy,happy,neutral,sad,angry 
M12A28.wav, happy,happy,angry,neutral,sad 
M44H07.wav, happy,happy,neutral,sad,angry 
F07S37.wav, sad,sad,angry,neutral,happy 
F30A08.wav, sad,sad,neutral,angry,happy 
F21A28.wav, sad,sad,angry,neutral,happy 
F06H03.wav, happy,happy,angry,neutral,sad 
M12A45.wav, sad,sad,happy,neutral,angry 
F01A12.wav, sad,sad,angry,neutral,happy 
M04N78.wav, sad,sad,neutral,angry,happy 
F21A42.wav, happy,happy,angry,neutral,sad 
M47N25.wav, happy,happy,sad,neutral,angry 
M47A15.wav, sad,sad,neutral,angry,happy 
M02N09.wav, sad,sad,neutral,angry,happy 
M02A06.wav, happy,happy,angry,neutral,sad 
M28S03.wav, sad,sad,angry,happy,neutral 
M48A05.wav, neutral,neutral,sad,angry,happy 
F21A54.wav, angry,angry,neutral,sad,happy 
F21N20.wav, happy,happy,sad,neutral,angry 
F30N04.wav, sad,sad,neutral,happy,angry 
F10A01.wav, happy,happy,sad,neutral,angry 
M43A02.wav, happy,happy,angry,neutral,sad 
M47N10.wav, sad,sad,neutral,angry,happy 
M19N01.wav, angry,angry,neutral,sad,happy 
F07S38.wav, happy,happy,angry,sad,neutral 
M33A01.wav, happy,happy,sad,neutral,angry 
M27N33.wav, sad,sad,neutral,angry,happy 
F09S07.wav, angry,angry,sad,happy,neutral 
M12A70.wav, neutral,neutral,happy,angry,sad 
M31A02.wav, sad,sad,neutral,angry,happy 
M47N02.wav, happy,happy,sad,neutral,angry 
M27N30.wav, sad,sad,happy,angry,neutral 
F24A12.wav, angry,angry,happy,sad,neutral 
M29N01.wav, sad,sad,neutral,angry,happy 
M19A02.wav, sad,sad,neutral,angry,happy 
M02N12.wav, neutral,neutral,happy,sad,angry 
M28A10.wav, sad,sad,neutral,angry,happy 
F19N34.wav, angry,angry,neutral,sad,happy 
M12N10.wav, sad,sad,neutral,happy,angry 
M16A20.wav, happy,happy,angry,neutral,sad 
M40N23.wav, angry,angry,neutral,sad,happy 
M40N10.wav, happy,happy,angry,neutral,sad 
M34A08.wav, angry,angry,happy,neutral,sad 
F05N18.wav, sad,sad,angry,neutral,happy 
M02A05.wav, sad,sad,neutral,angry,happy 
M28S10.wav, neutral,neutral,angry,happy,sad 
F20N07.wav, sad,sad,angry,neutral,happy 
M52S01.wav, sad,sad,angry,neutral,happy 
F24H23.wav, neutral,neutral,sad,angry,happy 
M04N74.wav, sad,sad,neutral,angry,happy 
M38N03.wav, sad,sad,neutral,angry,happy 
F07A51.wav, sad,sad,happy,neutral,angry 
F05N08.wav, sad,sad,angry,neutral,happy 
M11N06.wav, sad,sad,neutral,angry,happy 
M28A42.wav, sad,sad,neutral,happy,angry 
M04A04.wav, happy,happy,angry,neutral,sad 
M12A40.wav, sad,sad,happy,angry,neutral 
M40N05.wav, sad,sad,neutral,happy,angry 
F07S40.wav, sad,sad,angry,neutral,happy 
F10A52.wav, sad,sad,happy,neutral,angry 
F31A09.wav, sad,sad,neutral,angry,happy 
M55N04.wav, sad,sad,neutral,angry,happy 
F11N03.wav, neutral,neutral,sad,angry,happy 
F21A49.wav, neutral,neutral,angry,happy,sad 
M40N11.wav, sad,sad,angry,happy,neutral 
F24A52.wav, sad,sad,angry,neutral,happy 
M25N03.wav, sad,sad,neutral,angry,happy 
M53A26.wav, angry,angry,neutral,sad,happy 
F07S28.wav, angry,angry,sad,neutral,happy 
M53N26.wav, neutral,neutral,angry,sad,happy 
M28N19.wav, neutral,neutral,angry,sad,happy 
M26A10.wav, sad,sad,angry,happy,neutral 
F21A24.wav, sad,sad,neutral,angry,happy 
F09S09.wav, neutral,neutral,happy,angry,sad 
M12N84.wav, neutral,neutral,angry,happy,sad 
M34H05.wav, happy,happy,neutral,sad,angry 
M40N20.wav, neutral,neutral,happy,sad,angry 
M12A21.wav, sad,sad,neutral,happy,angry 
F21S23.wav, sad,sad,happy,angry,neutral 
M12A56.wav, sad,sad,angry,happy,neutral 
M47N22.wav, happy,happy,neutral,angry,sad 
M40N22.wav, sad,sad,angry,neutral,happy 
M40N41.wav, sad,sad,angry,neutral,happy 
F22A03.wav, sad,sad,neutral,angry,happy 
M41A04.wav, sad,sad,neutral,happy,angry 
F03A02.wav, happy,happy,sad,neutral,angry 
M51N15.wav, sad,sad,neutral,angry,happy 
F31A04.wav, sad,sad,neutral,happy,angry 
M03A33.wav, sad,sad,angry,happy,neutral 
F13A07.wav, sad,sad,happy,angry,neutral 
M07N07.wav, happy,happy,sad,neutral,angry 
F07A48.wav, sad,sad,happy,neutral,angry 
M55N03.wav, happy,happy,sad,neutral,angry 
M42N01.wav, sad,sad,neutral,angry,happy 
M04N33.wav, sad,sad,neutral,angry,happy 
F21S41.wav, sad,sad,neutral,happy,angry 
M20N07.wav, sad,sad,neutral,angry,happy 
F19N01.wav, angry,angry,sad,neutral,happy 
M12A13.wav, sad,sad,neutral,happy,angry 
F07A31.wav, sad,sad,happy,neutral,angry 
M04N54.wav, sad,sad,neutral,angry,happy 
M04A12.wav, angry,angry,sad,neutral,happy 
F20H02.wav, sad,sad,angry,neutral,happy 
M08N08.wav, neutral,neutral,sad,happy,angry 
M03A28.wav, angry,angry,sad,neutral,happy 
M12S05.wav, sad,sad,neutral,happy,angry 
F05N49.wav, angry,angry,sad,neutral,happy 
M05N07.wav, happy,happy,angry,neutral,sad 
M03A06.wav, happy,happy,angry,neutral,sad 
M20H01.wav, sad,sad,happy,neutral,angry 
F21A38.wav, sad,sad,angry,neutral,happy 
F22H03.wav, angry,angry,sad,neutral,happy 
M53A22.wav, sad,sad,neutral,angry,happy 
F30H01.wav, sad,sad,neutral,angry,happy 
M47A05.wav, sad,sad,angry,happy,neutral 
M53A21.wav, neutral,neutral,angry,happy,sad 
F29N08.wav, neutral,neutral,angry,happy,sad 
M45A01.wav, neutral,neutral,sad,angry,happy 
M16A29.wav, sad,sad,neutral,happy,angry 
M12N30.wav, sad,sad,neutral,angry,happy 
M12A65.wav, happy,happy,neutral,sad,angry 
M02A26.wav, sad,sad,neutral,angry,happy 
M12A54.wav, sad,sad,neutral,happy,angry 
M53A28.wav, sad,sad,neutral,angry,happy 
F07N04.wav, happy,happy,angry,neutral,sad 
F17A02.wav, sad,sad,angry,neutral,happy 
F07S36.wav, sad,sad,neutral,happy,angry 
M20A06.wav, angry,angry,neutral,happy,sad 
F25A05.wav, sad,sad,neutral,angry,happy 
F21N19.wav, happy,happy,angry,neutral,sad 
F28A10.wav, sad,sad,neutral,angry,happy 
M50N01.wav, angry,angry,happy,neutral,sad 
F20H04.wav, sad,sad,neutral,angry,happy 
M25A54.wav, sad,sad,happy,angry,neutral 
F21A07.wav, angry,angry,neutral,happy,sad 
M12A50.wav, sad,sad,neutral,happy,angry 
M12N23.wav, sad,sad,neutral,angry,happy 
F21S13.wav, sad,sad,angry,neutral,happy 
F05S01.wav, neutral,neutral,happy,angry,sad 
F24A24.wav, sad,sad,neutral,angry,happy 
M22N09.wav, happy,happy,sad,angry,neutral 
M56N05.wav, sad,sad,neutral,angry,happy 
M27N08.wav, neutral,neutral,sad,angry,happy 
F04A09.wav, sad,sad,neutral,angry,happy 
M34A05.wav, happy,happy,angry,neutral,sad 
F24S15.wav, sad,sad,angry,happy,neutral 
F19S02.wav, sad,sad,angry,happy,neutral 
F24S05.wav, sad,sad,happy,angry,neutral 
M27N16.wav, sad,sad,neutral,angry,happy 
M42A06.wav, happy,happy,angry,neutral,sad 
M28S23.wav, happy,happy,angry,sad,neutral 
F28A23.wav, happy,happy,neutral,sad,angry 
F18S01.wav, neutral,neutral,angry,happy,sad 
F28S08.wav, neutral,neutral,angry,happy,sad 
M05N12.wav, sad,sad,angry,neutral,happy 
M05S11.wav, sad,sad,angry,neutral,happy 
F09S06.wav, sad,sad,neutral,angry,happy 
M43A17.wav, sad,sad,happy,neutral,angry 
M47A07.wav, happy,happy,angry,neutral,sad 
F21N17.wav, sad,sad,happy,neutral,angry 
F24S03.wav, sad,sad,angry,happy,neutral 
F21A55.wav, sad,sad,angry,neutral,happy 
M24A03.wav, happy,happy,sad,neutral,angry 
F28A24.wav, neutral,neutral,sad,angry,happy 
F24A60.wav, happy,happy,angry,sad,neutral 
F14H02.wav, happy,happy,angry,sad,neutral 
M18N08.wav, sad,sad,happy,neutral,angry 
M11H05.wav, sad,sad,neutral,angry,happy 
M12A31.wav, sad,sad,happy,neutral,angry 
M41N01.wav, angry,angry,sad,happy,neutral 
M41A05.wav, sad,sad,neutral,happy,angry 
M02A19.wav, sad,sad,neutral,angry,happy 
M26S06.wav, angry,angry,neutral,sad,happy 
M26A02.wav, neutral,neutral,sad,angry,happy 
M22N17.wav, sad,sad,happy,neutral,angry 
M28A32.wav, sad,sad,neutral,angry,happy 
M24N01.wav, sad,sad,happy,neutral,angry 
M27N34.wav, neutral,neutral,sad,angry,happy 
F24A16.wav, sad,sad,neutral,angry,happy 
M31N08.wav, sad,sad,angry,neutral,happy 
F19N25.wav, angry,angry,sad,happy,neutral 
F30A07.wav, sad,sad,happy,neutral,angry 
F21S12.wav, sad,sad,angry,happy,neutral 
F24H02.wav, sad,sad,angry,neutral,happy 
F28A07.wav, sad,sad,neutral,angry,happy 
F05N15.wav, sad,sad,angry,neutral,happy 
F10A53.wav, sad,sad,neutral,happy,angry 
M29N02.wav, sad,sad,neutral,angry,happy 
F07A01.wav, happy,happy,neutral,angry,sad 
F03N02.wav, sad,sad,neutral,angry,happy 
F31A08.wav, sad,sad,neutral,angry,happy 
M14N02.wav, sad,sad,neutral,angry,happy 
M28S08.wav, sad,sad,angry,happy,neutral 
F04A05.wav, angry,angry,happy,sad,neutral 
F20N04.wav, happy,happy,angry,neutral,sad 
F30N03.wav, happy,happy,angry,sad,neutral 
F29N06.wav, neutral,neutral,sad,angry,happy 
M12N69.wav, sad,sad,angry,neutral,happy 
M34A06.wav, angry,angry,happy,sad,neutral 
M02A25.wav, sad,sad,neutral,happy,angry 
M11H02.wav, happy,happy,angry,neutral,sad 
M22N24.wav, angry,angry,happy,sad,neutral 
M18N14.wav, sad,sad,angry,happy,neutral 
M40N35.wav, sad,sad,angry,neutral,happy 
M29A16.wav, neutral,neutral,sad,happy,angry 
F22A02.wav, neutral,neutral,happy,angry,sad 
M53A15.wav, happy,happy,angry,sad,neutral 
F05N24.wav, sad,sad,angry,neutral,happy 
M25A12.wav, happy,happy,sad,neutral,angry 
M12S07.wav, sad,sad,neutral,angry,happy 
F24A36.wav, happy,happy,angry,neutral,sad 
F21A34.wav, sad,sad,neutral,angry,happy 
M02N08.wav, neutral,neutral,sad,angry,happy 
M31N12.wav, sad,sad,neutral,angry,happy 
M46N05.wav, sad,sad,neutral,angry,happy 
M12N44.wav, sad,sad,angry,neutral,happy 
M28A21.wav, happy,happy,neutral,sad,angry 
F24A35.wav, sad,sad,angry,neutral,happy 
M16A10.wav, happy,happy,angry,neutral,sad 
M25S09.wav, neutral,neutral,angry,happy,sad 
M40N33.wav, happy,happy,angry,neutral,sad 
M28N18.wav, neutral,neutral,sad,happy,angry 
M25A60.wav, happy,happy,sad,neutral,angry 
F10A16.wav, happy,happy,neutral,sad,angry 
F07S45.wav, sad,sad,neutral,angry,happy 
M53A12.wav, sad,sad,angry,neutral,happy 
M27N36.wav, sad,sad,angry,neutral,happy 
F01A09.wav, happy,happy,neutral,sad,angry 
M25S08.wav, neutral,neutral,sad,angry,happy 
F21A39.wav, happy,happy,angry,sad,neutral 
M03A02.wav, happy,happy,angry,neutral,sad 
F13A24.wav, sad,sad,neutral,angry,happy 
F02S05.wav, neutral,neutral,angry,happy,sad 
F07A23.wav, sad,sad,angry,happy,neutral 
M03S09.wav, sad,sad,angry,neutral,happy 
F01H04.wav, neutral,neutral,angry,sad,happy 
F03H05.wav, sad,sad,neutral,angry,happy 
M56N01.wav, neutral,neutral,angry,sad,happy 
M12A11.wav, sad,sad,neutral,angry,happy 
F07A21.wav, sad,sad,happy,angry,neutral 
F13A14.wav, sad,sad,happy,neutral,angry 
F21A37.wav, sad,sad,angry,neutral,happy 
M02N19.wav, sad,sad,angry,neutral,happy 
M25H04.wav, sad,sad,neutral,angry,happy 
F20N09.wav, sad,sad,angry,neutral,happy 
M22N14.wav, sad,sad,happy,neutral,angry 
M32N02.wav, angry,angry,happy,sad,neutral 
M34H02.wav, happy,happy,angry,neutral,sad 
F21A33.wav, sad,sad,angry,neutral,happy 
M44N01.wav, sad,sad,neutral,angry,happy 
F01A15.wav, neutral,neutral,sad,angry,happy 
M44N04.wav, sad,sad,angry,neutral,happy 
F07A04.wav, happy,happy,angry,sad,neutral 
M47N17.wav, angry,angry,happy,sad,neutral 
F03S17.wav, angry,angry,happy,sad,neutral 
F22A04.wav, neutral,neutral,sad,happy,angry 
M04A09.wav, sad,sad,neutral,happy,angry 
F24H21.wav, happy,happy,sad,angry,neutral 
M09A09.wav, neutral,neutral,sad,happy,angry 
M40N48.wav, sad,sad,angry,neutral,happy 
M11H04.wav, sad,sad,angry,neutral,happy 
M27N09.wav, neutral,neutral,sad,angry,happy 
M12A06.wav, happy,happy,sad,neutral,angry 
M15A01.wav, happy,happy,neutral,sad,angry 
F09S01.wav, sad,sad,neutral,angry,happy 
M12S09.wav, neutral,neutral,happy,sad,angry 
M12A60.wav, happy,happy,sad,neutral,angry 
M03S15.wav, neutral,neutral,angry,happy,sad 
F17H01.wav, sad,sad,neutral,angry,happy 
M50A03.wav, sad,sad,angry,happy,neutral 
M16A19.wav, happy,happy,angry,neutral,sad 
F18A01.wav, sad,sad,angry,neutral,happy 
M40N31.wav, sad,sad,neutral,angry,happy 
M29A06.wav, sad,sad,angry,neutral,happy 
F28H01.wav, sad,sad,neutral,angry,happy 
F17S04.wav, neutral,neutral,sad,angry,happy 
F24S08.wav, happy,happy,sad,angry,neutral 
M54N03.wav, neutral,neutral,angry,sad,happy 
F12A10.wav, sad,sad,angry,neutral,happy 
M40N17.wav, sad,sad,angry,neutral,happy 
M51N01.wav, sad,sad,happy,neutral,angry 
F10A25.wav, sad,sad,neutral,happy,angry 
F21A01.wav, angry,angry,neutral,sad,happy 
F24A68.wav, sad,sad,angry,neutral,happy 
M51N17.wav, angry,angry,sad,happy,neutral 
F17S05.wav, sad,sad,neutral,angry,happy 
M55N05.wav, sad,sad,neutral,angry,happy 
M44N20.wav, sad,sad,neutral,angry,happy 
F03N04.wav, happy,happy,angry,neutral,sad 
M38N11.wav, happy,happy,neutral,sad,angry 
F12N04.wav, happy,happy,angry,sad,neutral 
F17S09.wav, sad,sad,angry,neutral,happy 
M16H07.wav, sad,sad,neutral,happy,angry 
F28A05.wav, sad,sad,neutral,angry,happy 
F26N01.wav, sad,sad,angry,neutral,happy 
F21N10.wav, angry,angry,neutral,sad,happy 
M22A01.wav, neutral,neutral,angry,sad,happy 
M04A07.wav, sad,sad,neutral,angry,happy 
M34H04.wav, happy,happy,angry,sad,neutral 
M53N21.wav, neutral,neutral,angry,happy,sad 
F09A04.wav, happy,happy,angry,neutral,sad 
F07S30.wav, sad,sad,neutral,happy,angry 
M12S12.wav, sad,sad,happy,neutral,angry 
F30S12.wav, sad,sad,neutral,happy,angry 
F01S10.wav, sad,sad,angry,neutral,happy 
F23H02.wav, sad,sad,angry,neutral,happy 
M03S21.wav, sad,sad,angry,neutral,happy 
F14N01.wav, happy,happy,angry,sad,neutral 
M04N45.wav, neutral,neutral,sad,angry,happy 
F05N39.wav, neutral,neutral,angry,sad,happy 
F17N01.wav, neutral,neutral,happy,angry,sad 
F30N06.wav, sad,sad,neutral,angry,happy 
M32H03.wav, neutral,neutral,angry,happy,sad 
F10A32.wav, sad,sad,happy,neutral,angry 
M45N01.wav, happy,happy,neutral,sad,angry 
M03A01.wav, happy,happy,angry,sad,neutral 
F23A04.wav, sad,sad,happy,neutral,angry 
F11N02.wav, sad,sad,neutral,angry,happy 
F24H25.wav, happy,happy,angry,neutral,sad 
M25A24.wav, sad,sad,neutral,happy,angry 
F10A26.wav, sad,sad,neutral,happy,angry 
F09A03.wav, angry,angry,sad,neutral,happy 
M25A37.wav, happy,happy,sad,angry,neutral 
F01N10.wav, happy,happy,angry,neutral,sad 
M28A19.wav, sad,sad,neutral,happy,angry 
F24S04.wav, sad,sad,angry,neutral,happy 
F21S17.wav, happy,happy,angry,sad,neutral 
F24S01.wav, angry,angry,neutral,sad,happy 
M45N05.wav, happy,happy,angry,neutral,sad 
F23A14.wav, happy,happy,angry,neutral,sad 
M12A43.wav, happy,happy,angry,neutral,sad 
M12A32.wav, happy,happy,sad,neutral,angry 
M35A01.wav, sad,sad,happy,neutral,angry 
M29A09.wav, happy,happy,angry,sad,neutral 
M07H01.wav, happy,happy,angry,neutral,sad 
M04S01.wav, neutral,neutral,sad,angry,happy 
M12N59.wav, sad,sad,angry,neutral,happy 
F13A18.wav, sad,sad,neutral,angry,happy 
M03A43.wav, sad,sad,angry,happy,neutral 
F14N08.wav, neutral,neutral,angry,happy,sad 
F24S16.wav, sad,sad,happy,neutral,angry 
F09N01.wav, angry,angry,happy,sad,neutral 
F07A52.wav, happy,happy,sad,neutral,angry 
M22N26.wav, neutral,neutral,sad,angry,happy 
M12N27.wav, happy,happy,neutral,sad,angry 
F28A19.wav, neutral,neutral,angry,sad,happy 
F01N01.wav, happy,happy,angry,neutral,sad 
M15A06.wav, sad,sad,happy,neutral,angry 
M53A17.wav, sad,sad,angry,neutral,happy 
M53S03.wav, sad,sad,angry,neutral,happy 
M26A01.wav, angry,angry,happy,neutral,sad 
M27N46.wav, sad,sad,neutral,angry,happy 
M34S05.wav, sad,sad,angry,happy,neutral 
M15A09.wav, sad,sad,happy,neutral,angry 
M18S02.wav, angry,angry,neutral,sad,happy 
M28A12.wav, sad,sad,angry,neutral,happy 
M04S06.wav, sad,sad,happy,neutral,angry 
M04H01.wav, happy,happy,sad,neutral,angry 
F23A13.wav, happy,happy,angry,sad,neutral 
M29N04.wav, sad,sad,happy,angry,neutral 
M37N07.wav, happy,happy,angry,sad,neutral 
M55A02.wav, sad,sad,happy,neutral,angry 
F28A06.wav, sad,sad,angry,neutral,happy 
F25N01.wav, sad,sad,neutral,happy,angry 
F11S04.wav, sad,sad,angry,neutral,happy 
M05S04.wav, sad,sad,angry,happy,neutral 
F07A09.wav, happy,happy,neutral,sad,angry 
F05N36.wav, angry,angry,neutral,sad,happy 
M20N05.wav, happy,happy,sad,angry,neutral 
F05N37.wav, sad,sad,angry,neutral,happy 
F31A07.wav, sad,sad,angry,neutral,happy 
F05N34.wav, neutral,neutral,angry,sad,happy 
M25A57.wav, sad,sad,happy,neutral,angry 
M25N17.wav, happy,happy,neutral,angry,sad 
M37N16.wav, happy,happy,neutral,sad,angry 
F19N36.wav, angry,angry,neutral,sad,happy 
F22H02.wav, neutral,neutral,happy,sad,angry 
F10A33.wav, sad,sad,angry,neutral,happy 
M03H02.wav, angry,angry,happy,neutral,sad 
F24A01.wav, sad,sad,neutral,angry,happy 
M26A29.wav, happy,happy,angry,neutral,sad 
M25N05.wav, neutral,neutral,angry,sad,happy 
M12A48.wav, sad,sad,happy,neutral,angry 
F28A14.wav, sad,sad,neutral,angry,happy 
F21A22.wav, happy,happy,angry,sad,neutral 
M43N04.wav, sad,sad,neutral,angry,happy 
F21S07.wav, happy,happy,sad,angry,neutral 
M37N11.wav, sad,sad,happy,neutral,angry 
M28A45.wav, happy,happy,angry,neutral,sad 
M16A16.wav, happy,happy,angry,sad,neutral 
M25A07.wav, sad,sad,happy,neutral,angry 
M25N01.wav, sad,sad,neutral,happy,angry 
F21S04.wav, happy,happy,angry,sad,neutral 
M48N08.wav, neutral,neutral,angry,sad,happy 
F01A05.wav, happy,happy,neutral,sad,angry 
M03S06.wav, sad,sad,angry,neutral,happy 
M28A43.wav, sad,sad,happy,neutral,angry 
M12N78.wav, sad,sad,neutral,angry,happy 
F21S26.wav, neutral,neutral,sad,angry,happy 
F07A08.wav, happy,happy,angry,neutral,sad 
M04N38.wav, neutral,neutral,sad,happy,angry 
F21N11.wav, sad,sad,neutral,angry,happy 
F01A10.wav, happy,happy,angry,neutral,sad 
M43N06.wav, happy,happy,angry,neutral,sad 
M26A13.wav, neutral,neutral,sad,happy,angry 
M52S04.wav, sad,sad,neutral,angry,happy 
M12A15.wav, sad,sad,angry,neutral,happy 
F02S14.wav, happy,happy,angry,sad,neutral 
M05S10.wav, sad,sad,angry,neutral,happy 
F24N01.wav, neutral,neutral,angry,sad,happy 
F21S19.wav, sad,sad,angry,happy,neutral 
M29S01.wav, sad,sad,angry,neutral,happy 
M03A42.wav, sad,sad,angry,neutral,happy 
M03A25.wav, sad,sad,happy,neutral,angry 
F21H04.wav, neutral,neutral,angry,sad,happy 
M12S04.wav, happy,happy,neutral,sad,angry 
F07S07.wav, sad,sad,angry,neutral,happy 
F02H02.wav, happy,happy,sad,neutral,angry 
M22N28.wav, neutral,neutral,sad,angry,happy 
M42A08.wav, happy,happy,sad,neutral,angry 
F04A16.wav, angry,angry,neutral,happy,sad 
M18N05.wav, sad,sad,neutral,angry,happy 
F01S03.wav, sad,sad,neutral,angry,happy 
M04S05.wav, neutral,neutral,angry,happy,sad 
M06S01.wav, sad,sad,angry,neutral,happy 
M53A27.wav, neutral,neutral,sad,angry,happy 
M25A48.wav, happy,happy,sad,angry,neutral 
M40N21.wav, sad,sad,neutral,angry,happy 
F01A21.wav, happy,happy,angry,neutral,sad 
M45N02.wav, happy,happy,angry,neutral,sad 
M28A16.wav, happy,happy,neutral,sad,angry 
F04A06.wav, sad,sad,angry,neutral,happy 
M04N60.wav, sad,sad,neutral,angry,happy 
M13A01.wav, neutral,neutral,sad,happy,angry 
M47A10.wav, happy,happy,angry,neutral,sad 
M09A07.wav, happy,happy,angry,sad,neutral 
M11S01.wav, neutral,neutral,angry,sad,happy 
F24N16.wav, neutral,neutral,sad,angry,happy 
M20H02.wav, happy,happy,neutral,sad,angry 
F07S17.wav, sad,sad,angry,happy,neutral 
M05A09.wav, sad,sad,happy,neutral,angry 
F01S14.wav, sad,sad,angry,happy,neutral 
F01A23.wav, neutral,neutral,angry,sad,happy 
F21N05.wav, neutral,neutral,angry,sad,happy 
F07H11.wav, neutral,neutral,angry,sad,happy 
M47A04.wav, sad,sad,angry,neutral,happy 
F06H11.wav, neutral,neutral,angry,sad,happy 
M09A13.wav, neutral,neutral,sad,angry,happy 
M05N04.wav, sad,sad,neutral,angry,happy 
M26A16.wav, sad,sad,neutral,happy,angry 
M28N15.wav, sad,sad,angry,neutral,happy 
M25S14.wav, happy,happy,neutral,angry,sad 
F17S10.wav, angry,angry,happy,sad,neutral 
M35N01.wav, sad,sad,neutral,angry,happy 
F12N06.wav, sad,sad,neutral,happy,angry 
M43A03.wav, happy,happy,neutral,angry,sad 
M26N04.wav, angry,angry,sad,neutral,happy 
M03A34.wav, sad,sad,neutral,happy,angry 
M25A29.wav, happy,happy,sad,neutral,angry 
M06S03.wav, sad,sad,angry,neutral,happy 
M15A02.wav, sad,sad,neutral,happy,angry 
M37N03.wav, sad,sad,neutral,angry,happy 
M05H01.wav, happy,happy,angry,sad,neutral 
M44S05.wav, neutral,neutral,sad,angry,happy 
M25N14.wav, sad,sad,angry,neutral,happy 
M05S03.wav, sad,sad,angry,neutral,happy 
F07S03.wav, happy,happy,angry,neutral,sad 
F01S18.wav, angry,angry,happy,neutral,sad 
M52N01.wav, sad,sad,angry,neutral,happy 
M16N04.wav, sad,sad,neutral,angry,happy 
M28A41.wav, happy,happy,neutral,sad,angry 
M22S03.wav, happy,happy,sad,angry,neutral 
M34S04.wav, sad,sad,angry,happy,neutral 
M49H01.wav, sad,sad,angry,neutral,happy 
M18N06.wav, sad,sad,neutral,happy,angry 
F07A32.wav, sad,sad,neutral,happy,angry 
F30N02.wav, happy,happy,angry,neutral,sad 
M12N57.wav, sad,sad,angry,neutral,happy 
M47A12.wav, sad,sad,neutral,happy,angry 
F24N09.wav, happy,happy,neutral,sad,angry 
M03S13.wav, neutral,neutral,angry,happy,sad 
F05N40.wav, sad,sad,neutral,angry,happy 
F09S16.wav, happy,happy,angry,neutral,sad 
M32S05.wav, sad,sad,angry,neutral,happy 
M12N81.wav, neutral,neutral,happy,sad,angry 
M03A48.wav, sad,sad,angry,neutral,happy 
M53A13.wav, sad,sad,neutral,angry,happy 
F24A34.wav, happy,happy,angry,neutral,sad 
M09A10.wav, happy,happy,neutral,sad,angry 
F01S20.wav, happy,happy,neutral,angry,sad 
F07S15.wav, sad,sad,neutral,angry,happy 
M26N09.wav, neutral,neutral,sad,angry,happy 
F24S10.wav, happy,happy,sad,neutral,angry 
M16H06.wav, angry,angry,neutral,happy,sad 
F24A69.wav, happy,happy,sad,angry,neutral 
F28S06.wav, neutral,neutral,angry,happy,sad 
M40N40.wav, sad,sad,neutral,angry,happy 
F01S22.wav, sad,sad,neutral,angry,happy 
M03A08.wav, sad,sad,neutral,happy,angry 
M22N03.wav, sad,sad,neutral,happy,angry 
F21A21.wav, happy,happy,angry,sad,neutral 
F24S17.wav, happy,happy,angry,neutral,sad 
F03H01.wav, sad,sad,neutral,happy,angry 
F28N01.wav, neutral,neutral,angry,happy,sad 
M25N09.wav, neutral,neutral,sad,angry,happy 
F21N04.wav, sad,sad,happy,neutral,angry 
M53N23.wav, sad,sad,neutral,angry,happy 
M16A09.wav, sad,sad,angry,happy,neutral 
F13A02.wav, sad,sad,neutral,happy,angry 
F06S01.wav, sad,sad,neutral,angry,happy 
F09A11.wav, sad,sad,neutral,angry,happy 
F19N39.wav, sad,sad,angry,neutral,happy 
F20N03.wav, sad,sad,angry,neutral,happy 
F07A40.wav, happy,happy,angry,sad,neutral 
F07A44.wav, sad,sad,neutral,happy,angry 
F10A07.wav, sad,sad,happy,angry,neutral 
M04N59.wav, sad,sad,angry,neutral,happy 
M28A38.wav, happy,happy,sad,neutral,angry 
M47N20.wav, happy,happy,angry,sad,neutral 
F02N03.wav, sad,sad,angry,neutral,happy 
M53N11.wav, sad,sad,neutral,angry,happy 
F26N05.wav, sad,sad,neutral,happy,angry 
M22N02.wav, sad,sad,angry,neutral,happy 
M47N13.wav, happy,happy,sad,angry,neutral 
F24A07.wav, happy,happy,angry,sad,neutral 
M37N12.wav, sad,sad,angry,neutral,happy 
M08H03.wav, sad,sad,angry,neutral,happy 
M02S01.wav, sad,sad,angry,neutral,happy 
M40N12.wav, neutral,neutral,happy,sad,angry 
M47N23.wav, happy,happy,angry,sad,neutral 
M12N19.wav, happy,happy,neutral,angry,sad 
M45N03.wav, sad,sad,happy,neutral,angry 
M16A08.wav, sad,sad,happy,neutral,angry 
M44S01.wav, sad,sad,neutral,angry,happy 
M27N58.wav, sad,sad,neutral,angry,happy 
M03N02.wav, neutral,neutral,sad,happy,angry 
F10A31.wav, happy,happy,sad,angry,neutral 
M47A17.wav, sad,sad,happy,neutral,angry 
M20N03.wav, sad,sad,neutral,happy,angry 
M28N16.wav, angry,angry,happy,sad,neutral 
F28S07.wav, neutral,neutral,angry,sad,happy 
F10A44.wav, sad,sad,neutral,happy,angry 
M03A17.wav, sad,sad,happy,neutral,angry 
F24A26.wav, sad,sad,neutral,happy,angry 
F16S01.wav, happy,happy,sad,neutral,angry 
M44N02.wav, sad,sad,neutral,happy,angry 
F07S02.wav, happy,happy,angry,neutral,sad 
F24A18.wav, sad,sad,neutral,angry,happy 
F07S13.wav, sad,sad,happy,angry,neutral 
M27N37.wav, sad,sad,happy,neutral,angry 
M40N43.wav, sad,sad,angry,neutral,happy 
F23A05.wav, sad,sad,angry,neutral,happy 
M12N03.wav, neutral,neutral,angry,happy,sad 
F10A36.wav, sad,sad,neutral,angry,happy 
M03A40.wav, sad,sad,neutral,happy,angry 
M19N06.wav, neutral,neutral,angry,sad,happy 
F24S18.wav, happy,happy,neutral,angry,sad 
F21A09.wav, sad,sad,angry,neutral,happy 
F21A08.wav, sad,sad,angry,neutral,happy 
F05S02.wav, sad,sad,neutral,angry,happy 
M27N20.wav, sad,sad,angry,neutral,happy 
F23A11.wav, sad,sad,happy,neutral,angry 
F07A64.wav, sad,sad,neutral,angry,happy 
M53N01.wav, sad,sad,neutral,angry,happy 
M29A02.wav, sad,sad,neutral,happy,angry 
M03N03.wav, neutral,neutral,sad,angry,happy 
M24S01.wav, sad,sad,neutral,angry,happy 
M12N74.wav, happy,happy,angry,sad,neutral 
M40N38.wav, sad,sad,neutral,angry,happy 
M03A09.wav, sad,sad,happy,neutral,angry 
F21A40.wav, sad,sad,neutral,happy,angry 
M28N03.wav, happy,happy,sad,angry,neutral 
M51A01.wav, happy,happy,sad,neutral,angry 
M12A51.wav, sad,sad,happy,neutral,angry 
M41H06.wav, sad,sad,angry,neutral,happy 
M37N08.wav, sad,sad,happy,neutral,angry 
M51N03.wav, sad,sad,angry,neutral,happy 
M48A01.wav, sad,sad,neutral,angry,happy 
M04N31.wav, sad,sad,neutral,angry,happy 
M12N63.wav, neutral,neutral,angry,sad,happy 
F06H01.wav, sad,sad,neutral,angry,happy 
M02N04.wav, happy,happy,angry,neutral,sad 
F24S06.wav, sad,sad,happy,angry,neutral 
M41A06.wav, happy,happy,sad,neutral,angry 
F22H01.wav, happy,happy,angry,neutral,sad 
M31A01.wav, angry,angry,neutral,happy,sad 
F20N15.wav, angry,angry,sad,neutral,happy 
F21A23.wav, happy,happy,sad,angry,neutral 
F07H04.wav, neutral,neutral,angry,sad,happy 
F01H01.wav, neutral,neutral,angry,happy,sad 
M28N10.wav, sad,sad,angry,happy,neutral 
M04N69.wav, neutral,neutral,happy,angry,sad 
F07A50.wav, sad,sad,neutral,happy,angry 
F30A05.wav, sad,sad,angry,neutral,happy 
M43A14.wav, sad,sad,neutral,happy,angry 
F07S11.wav, neutral,neutral,happy,angry,sad 
M05S07.wav, sad,sad,happy,neutral,angry 
M18N07.wav, sad,sad,neutral,angry,happy 
F07H08.wav, neutral,neutral,sad,angry,happy 
F07H07.wav, sad,sad,angry,neutral,happy 
M53N07.wav, neutral,neutral,angry,sad,happy 
M02N03.wav, sad,sad,neutral,angry,happy 
M52N02.wav, sad,sad,neutral,angry,happy 
M47A11.wav, sad,sad,neutral,angry,happy 
F01S13.wav, angry,angry,sad,neutral,happy 
F07S43.wav, sad,sad,angry,neutral,happy 
F12A05.wav, happy,happy,sad,neutral,angry 
M50A02.wav, sad,sad,angry,happy,neutral 
M12N14.wav, happy,happy,sad,neutral,angry 
F05N07.wav, sad,sad,angry,neutral,happy 
M17A01.wav, happy,happy,angry,neutral,sad 
F24N03.wav, sad,sad,happy,neutral,angry 
F03S14.wav, happy,happy,angry,neutral,sad 
F21N23.wav, sad,sad,neutral,angry,happy 
F03A05.wav, sad,sad,neutral,happy,angry 
F10A02.wav, sad,sad,neutral,happy,angry 
F22N06.wav, sad,sad,neutral,angry,happy 
M51N06.wav, neutral,neutral,angry,sad,happy 
M24N02.wav, sad,sad,angry,neutral,happy 
F20S02.wav, happy,happy,angry,neutral,sad 
M05A07.wav, happy,happy,angry,sad,neutral 
F30S08.wav, sad,sad,angry,neutral,happy 
M25A27.wav, sad,sad,happy,neutral,angry 
M29A07.wav, sad,sad,angry,neutral,happy 
F21A41.wav, happy,happy,sad,neutral,angry 
F01S02.wav, happy,happy,sad,neutral,angry 
M03A07.wav, happy,happy,angry,neutral,sad 
M04N39.wav, sad,sad,angry,neutral,happy 
M53N18.wav, sad,sad,angry,happy,neutral 
M03A03.wav, happy,happy,angry,neutral,sad 
M12N07.wav, happy,happy,sad,neutral,angry 
F20N01.wav, happy,happy,sad,neutral,angry 
F21A04.wav, sad,sad,neutral,happy,angry 
F04A08.wav, sad,sad,angry,neutral,happy 
M12N79.wav, sad,sad,neutral,angry,happy 
M31A04.wav, sad,sad,angry,neutral,happy 
M28A06.wav, sad,sad,angry,neutral,happy 
M25A05.wav, sad,sad,happy,neutral,angry 
M27N17.wav, sad,sad,neutral,angry,happy 
M25A28.wav, sad,sad,neutral,angry,happy 
M49N02.wav, neutral,neutral,sad,angry,happy 
M36S04.wav, sad,sad,angry,happy,neutral 
F24H22.wav, sad,sad,angry,neutral,happy 
M28A24.wav, sad,sad,happy,angry,neutral 
M44H08.wav, angry,angry,happy,neutral,sad 
M25S05.wav, neutral,neutral,angry,sad,happy 
M43A08.wav, sad,sad,neutral,happy,angry 
F13A05.wav, sad,sad,neutral,happy,angry 
F24A50.wav, happy,happy,neutral,angry,sad 
M31N01.wav, happy,happy,angry,neutral,sad 
M44N12.wav, sad,sad,neutral,angry,happy 
M28N20.wav, angry,angry,happy,neutral,sad 
M25A55.wav, sad,sad,angry,neutral,happy 
M29A17.wav, sad,sad,happy,angry,neutral 
F26N04.wav, happy,happy,angry,neutral,sad 
F01S08.wav, happy,happy,neutral,angry,sad 
M09A01.wav, sad,sad,neutral,angry,happy 
M31N02.wav, sad,sad,neutral,angry,happy 
M05A12.wav, angry,angry,sad,neutral,happy 
F19N08.wav, sad,sad,angry,neutral,happy 
F23A07.wav, sad,sad,happy,neutral,angry 
M16N02.wav, sad,sad,happy,neutral,angry 
F01S15.wav, neutral,neutral,angry,happy,sad 
M11N03.wav, neutral,neutral,angry,sad,happy 
F09N06.wav, happy,happy,sad,neutral,angry 
F24H19.wav, sad,sad,angry,neutral,happy 
M20A03.wav, sad,sad,neutral,angry,happy 
F21S32.wav, sad,sad,angry,neutral,happy 
F16S04.wav, sad,sad,happy,angry,neutral 
F05N28.wav, sad,sad,angry,neutral,happy 
M12A02.wav, happy,happy,angry,sad,neutral 
M11N04.wav, sad,sad,happy,neutral,angry 
F10A14.wav, sad,sad,neutral,happy,angry 
M14N01.wav, happy,happy,sad,neutral,angry 
F02H01.wav, neutral,neutral,happy,angry,sad 
F24A15.wav, happy,happy,sad,angry,neutral 
M31N11.wav, sad,sad,angry,neutral,happy 
F09S04.wav, neutral,neutral,angry,happy,sad 
F24S19.wav, happy,happy,neutral,angry,sad 
F20S01.wav, happy,happy,sad,angry,neutral 
M22N04.wav, happy,happy,sad,angry,neutral 
M46A06.wav, angry,angry,happy,neutral,sad 
F21A50.wav, sad,sad,angry,neutral,happy 
F06H09.wav, sad,sad,angry,neutral,happy 
M22A04.wav, happy,happy,sad,neutral,angry 
M45N04.wav, happy,happy,neutral,angry,sad 
F21S29.wav, neutral,neutral,angry,sad,happy 
M47N16.wav, happy,happy,angry,neutral,sad 
M12A08.wav, sad,sad,angry,neutral,happy 
M27N43.wav, sad,sad,happy,neutral,angry 
F23A08.wav, sad,sad,happy,neutral,angry 
M28A14.wav, neutral,neutral,angry,sad,happy 
M03N01.wav, sad,sad,happy,neutral,angry 
M09A22.wav, neutral,neutral,happy,angry,sad 
F05A02.wav, sad,sad,angry,neutral,happy 
M40N04.wav, neutral,neutral,sad,happy,angry 
M36H01.wav, sad,sad,neutral,angry,happy 
M27N12.wav, sad,sad,neutral,angry,happy 
M37N10.wav, happy,happy,neutral,sad,angry 
M01N01.wav, happy,happy,angry,neutral,sad 
M28S06.wav, angry,angry,neutral,sad,happy 
F10A11.wav, sad,sad,neutral,angry,happy 
M14N04.wav, sad,sad,happy,neutral,angry 
F15A03.wav, sad,sad,angry,neutral,happy 
F21S10.wav, sad,sad,neutral,happy,angry 
M17S01.wav, sad,sad,neutral,angry,happy 
F24N13.wav, happy,happy,sad,angry,neutral 
M50A06.wav, sad,sad,neutral,happy,angry 
F28A18.wav, sad,sad,angry,neutral,happy 
M19A04.wav, sad,sad,neutral,angry,happy 
F13A11.wav, neutral,neutral,angry,happy,sad 
F21S06.wav, happy,happy,angry,sad,neutral 
M28N06.wav, neutral,neutral,sad,happy,angry 
M11H09.wav, happy,happy,angry,sad,neutral 
M26A27.wav, sad,sad,angry,neutral,happy 
M22N05.wav, sad,sad,neutral,angry,happy 
M25A68.wav, happy,happy,angry,neutral,sad 
F24N06.wav, angry,angry,happy,sad,neutral 
M50A08.wav, sad,sad,angry,happy,neutral 
F01A01.wav, happy,happy,angry,neutral,sad 
M21H01.wav, sad,sad,angry,neutral,happy 
M25S07.wav, neutral,neutral,angry,sad,happy 
M04N02.wav, happy,happy,neutral,angry,sad 
M31N07.wav, happy,happy,angry,sad,neutral 
M12N37.wav, neutral,neutral,angry,sad,happy 
M26S03.wav, sad,sad,angry,happy,neutral 
M29A05.wav, sad,sad,angry,neutral,happy 
M30A07.wav, happy,happy,angry,neutral,sad 
F21A30.wav, sad,sad,angry,neutral,happy 
F13A06.wav, sad,sad,neutral,happy,angry 
M12N55.wav, sad,sad,neutral,angry,happy 
F21S18.wav, sad,sad,angry,happy,neutral 
M08N03.wav, angry,angry,happy,sad,neutral 
M12S10.wav, sad,sad,angry,neutral,happy 
M04N18.wav, sad,sad,neutral,angry,happy 
F24S02.wav, sad,sad,angry,neutral,happy 
M03S12.wav, angry,angry,neutral,happy,sad 
M04N20.wav, happy,happy,angry,sad,neutral 
M03A14.wav, angry,angry,happy,neutral,sad 
M27N32.wav, happy,happy,angry,sad,neutral 
M25A65.wav, sad,sad,happy,neutral,angry 
M40N32.wav, sad,sad,angry,neutral,happy 
M19S02.wav, happy,happy,angry,sad,neutral 
M28S04.wav, sad,sad,angry,happy,neutral 
F05N25.wav, sad,sad,angry,neutral,happy 
M17N01.wav, neutral,neutral,happy,angry,sad 
F01N11.wav, neutral,neutral,angry,sad,happy 
F05N41.wav, angry,angry,sad,neutral,happy 
M12N32.wav, happy,happy,neutral,angry,sad 
F10A24.wav, sad,sad,neutral,happy,angry 
M04N52.wav, sad,sad,angry,neutral,happy 
F24A09.wav, sad,sad,neutral,angry,happy 
M25A03.wav, sad,sad,happy,neutral,angry 
M21S01.wav, sad,sad,angry,happy,neutral 
F22S03.wav, happy,happy,sad,angry,neutral 
M06A01.wav, happy,happy,angry,sad,neutral 
M08N01.wav, angry,angry,happy,neutral,sad 
M27N19.wav, sad,sad,neutral,happy,angry 
F25N02.wav, happy,happy,angry,neutral,sad 
F27A03.wav, sad,sad,neutral,angry,happy 
F07A17.wav, happy,happy,angry,sad,neutral 
F21N06.wav, sad,sad,angry,happy,neutral 
M04N73.wav, neutral,neutral,sad,angry,happy 
F01A17.wav, angry,angry,neutral,sad,happy 
M12N64.wav, sad,sad,angry,neutral,happy 
M28N21.wav, sad,sad,happy,neutral,angry 
F09A10.wav, angry,angry,happy,neutral,sad 
F22S10.wav, sad,sad,neutral,angry,happy 
F09S10.wav, sad,sad,happy,neutral,angry 
M26A05.wav, sad,sad,neutral,angry,happy 
F12N02.wav, sad,sad,happy,angry,neutral 
M48N09.wav, sad,sad,angry,neutral,happy 
F19N04.wav, neutral,neutral,sad,angry,happy 
F05S03.wav, sad,sad,angry,neutral,happy 
M25S10.wav, sad,sad,angry,happy,neutral 
M12A05.wav, sad,sad,happy,angry,neutral 
M15N04.wav, neutral,neutral,sad,happy,angry 
F06S04.wav, sad,sad,neutral,angry,happy 
M28A44.wav, angry,angry,sad,neutral,happy 
M38N06.wav, sad,sad,happy,neutral,angry 
F01S05.wav, angry,angry,happy,neutral,sad 
F25A08.wav, happy,happy,sad,neutral,angry 
F21S22.wav, sad,sad,happy,neutral,angry 
M53N06.wav, sad,sad,neutral,angry,happy 
M44N22.wav, sad,sad,happy,neutral,angry 
F04A12.wav, neutral,neutral,happy,angry,sad 
F07S21.wav, sad,sad,angry,happy,neutral 
M28A05.wav, sad,sad,angry,neutral,happy 
M12N18.wav, sad,sad,angry,happy,neutral 
M27N14.wav, sad,sad,neutral,angry,happy 
F31A11.wav, sad,sad,angry,neutral,happy 
F25A07.wav, neutral,neutral,happy,sad,angry 
M19A05.wav, neutral,neutral,angry,sad,happy 
M39N01.wav, neutral,neutral,happy,angry,sad 
F10A08.wav, sad,sad,neutral,happy,angry 
F01N05.wav, happy,happy,sad,neutral,angry 
F05N04.wav, sad,sad,angry,neutral,happy 
M25H03.wav, sad,sad,neutral,angry,happy 
M40N08.wav, sad,sad,angry,neutral,happy 
F21H07.wav, sad,sad,angry,neutral,happy 
M27N21.wav, sad,sad,neutral,angry,happy 
M31N10.wav, sad,sad,neutral,angry,happy 
F10A06.wav, sad,sad,happy,neutral,angry 
M08N05.wav, sad,sad,neutral,angry,happy 
M47A16.wav, sad,sad,neutral,angry,happy 
M12N06.wav, happy,happy,angry,neutral,sad 
M44N05.wav, sad,sad,happy,neutral,angry 
F03S16.wav, neutral,neutral,sad,angry,happy 
F24H13.wav, sad,sad,happy,angry,neutral 
F07A60.wav, happy,happy,sad,neutral,angry 
M40N34.wav, happy,happy,angry,sad,neutral 
M09A17.wav, neutral,neutral,sad,happy,angry 
F03S10.wav, happy,happy,angry,neutral,sad 
M04N68.wav, neutral,neutral,angry,happy,sad 
F28A04.wav, sad,sad,neutral,angry,happy 
F21S31.wav, happy,happy,sad,neutral,angry 
M06N02.wav, happy,happy,sad,neutral,angry 
M40N49.wav, sad,sad,angry,neutral,happy 
M04N56.wav, sad,sad,angry,neutral,happy 
F10A55.wav, sad,sad,neutral,happy,angry 
M05S14.wav, neutral,neutral,angry,happy,sad 
M03A10.wav, happy,happy,angry,neutral,sad 
F28A27.wav, neutral,neutral,angry,happy,sad 
F24A31.wav, happy,happy,angry,neutral,sad 
F10A04.wav, happy,happy,angry,sad,neutral 
M19N05.wav, neutral,neutral,angry,sad,happy 
M05S13.wav, sad,sad,angry,neutral,happy 
F24A32.wav, happy,happy,angry,neutral,sad 
M38N08.wav, sad,sad,neutral,angry,happy 
M02A27.wav, sad,sad,angry,neutral,happy 
M15A08.wav, happy,happy,sad,neutral,angry 
F24N02.wav, happy,happy,neutral,sad,angry 
M48N03.wav, sad,sad,angry,neutral,happy 
F07S35.wav, angry,angry,happy,neutral,sad 
M04N63.wav, sad,sad,angry,neutral,happy 
F05N20.wav, sad,sad,angry,neutral,happy 
M53A25.wav, sad,sad,neutral,happy,angry 
F10A48.wav, sad,sad,angry,neutral,happy 
F05N42.wav, sad,sad,neutral,angry,happy 
M47N18.wav, sad,sad,angry,neutral,happy 
M04N80.wav, sad,sad,neutral,angry,happy 
F23N04.wav, angry,angry,neutral,sad,happy 
M47N24.wav, happy,happy,sad,angry,neutral 
M34S03.wav, sad,sad,happy,angry,neutral 
F01A22.wav, happy,happy,neutral,sad,angry 
M44S02.wav, sad,sad,neutral,angry,happy 
F21A15.wav, happy,happy,angry,sad,neutral 
M10A01.wav, sad,sad,neutral,angry,happy 
F07A24.wav, sad,sad,happy,neutral,angry 
M47A06.wav, sad,sad,neutral,angry,happy 
M12A23.wav, sad,sad,happy,neutral,angry 
F07A15.wav, happy,happy,angry,neutral,sad 
M03A20.wav, happy,happy,sad,neutral,angry 
F07H02.wav, angry,angry,neutral,happy,sad 
M09A21.wav, sad,sad,neutral,angry,happy 
F07S41.wav, sad,sad,neutral,angry,happy 
M43A15.wav, sad,sad,neutral,angry,happy 
F07S01.wav, happy,happy,sad,neutral,angry 
F01A13.wav, angry,angry,happy,neutral,sad 
F10A37.wav, happy,happy,angry,sad,neutral 
M06S06.wav, sad,sad,angry,neutral,happy 
F24S07.wav, sad,sad,happy,neutral,angry 
F30N05.wav, happy,happy,angry,neutral,sad 
F23A18.wav, happy,happy,sad,angry,neutral 
F12A04.wav, happy,happy,angry,neutral,sad 
F22A06.wav, sad,sad,neutral,angry,happy 
M28A17.wav, happy,happy,sad,neutral,angry 
F10A50.wav, sad,sad,neutral,angry,happy 
F19N05.wav, sad,sad,angry,neutral,happy 
M48N01.wav, sad,sad,neutral,happy,angry 
M28N05.wav, sad,sad,neutral,angry,happy 
M37N09.wav, happy,happy,sad,angry,neutral 
M31N13.wav, angry,angry,neutral,happy,sad 
M47N21.wav, happy,happy,angry,sad,neutral 
F01A20.wav, happy,happy,neutral,angry,sad 
F29N09.wav, happy,happy,angry,sad,neutral 
M16A15.wav, sad,sad,neutral,happy,angry 
M27N57.wav, sad,sad,angry,neutral,happy 
F11N04.wav, neutral,neutral,sad,angry,happy 
M05A04.wav, happy,happy,angry,sad,neutral 
M40N42.wav, angry,angry,sad,neutral,happy 
F21S30.wav, sad,sad,angry,happy,neutral 
M16N03.wav, happy,happy,angry,neutral,sad 
M27N51.wav, sad,sad,neutral,angry,happy 
F24A10.wav, neutral,neutral,happy,sad,angry 
M28H02.wav, neutral,neutral,angry,sad,happy 
F05N03.wav, sad,sad,angry,neutral,happy 
M03A26.wav, sad,sad,neutral,happy,angry 
F07S31.wav, sad,sad,neutral,angry,happy 
M02A04.wav, sad,sad,neutral,angry,happy 
F10A39.wav, sad,sad,happy,neutral,angry 
F23A01.wav, sad,sad,neutral,angry,happy 
M03A35.wav, sad,sad,neutral,happy,angry 
M04N15.wav, sad,sad,neutral,angry,happy 
F21A51.wav, sad,sad,neutral,angry,happy 
F23N12.wav, sad,sad,neutral,happy,angry 
M30A02.wav, happy,happy,sad,neutral,angry 
M25A58.wav, happy,happy,sad,neutral,angry 
F21H03.wav, angry,angry,happy,sad,neutral 
M12N24.wav, sad,sad,angry,neutral,happy 
M24S03.wav, sad,sad,neutral,happy,angry 
F09H04.wav, happy,happy,neutral,angry,sad 
M07N05.wav, sad,sad,neutral,happy,angry 
M27N24.wav, sad,sad,angry,neutral,happy 
F24A49.wav, sad,sad,neutral,angry,happy 
F19N21.wav, angry,angry,happy,sad,neutral 
F07A54.wav, happy,happy,neutral,angry,sad 
M16A05.wav, sad,sad,happy,neutral,angry 
M04N17.wav, sad,sad,angry,neutral,happy 
F21A10.wav, sad,sad,angry,neutral,happy 
F10A54.wav, happy,happy,angry,neutral,sad 
F10A10.wav, sad,sad,angry,happy,neutral 
F24N10.wav, happy,happy,sad,angry,neutral 
M40N14.wav, sad,sad,angry,neutral,happy 
F07A13.wav, happy,happy,angry,neutral,sad 
M06S02.wav, sad,sad,neutral,angry,happy 
M51N02.wav, neutral,neutral,sad,angry,happy 
M12N76.wav, happy,happy,sad,neutral,angry 
M09A06.wav, neutral,neutral,sad,angry,happy 
M02N16.wav, neutral,neutral,angry,sad,happy 
M28A07.wav, sad,sad,neutral,angry,happy 
M38A01.wav, sad,sad,angry,neutral,happy 
F22N02.wav, neutral,neutral,sad,angry,happy 
F07S04.wav, neutral,neutral,angry,sad,happy 
F30N01.wav, happy,happy,angry,sad,neutral 
F07A33.wav, sad,sad,neutral,happy,angry 
M40N02.wav, sad,sad,neutral,angry,happy 
F05N27.wav, neutral,neutral,angry,sad,happy 
M11H06.wav, happy,happy,angry,sad,neutral 
F21S02.wav, sad,sad,angry,happy,neutral 
F21S24.wav, happy,happy,sad,neutral,angry 
M16N01.wav, happy,happy,angry,neutral,sad 
F10A20.wav, sad,sad,angry,neutral,happy 
F28A09.wav, angry,angry,neutral,sad,happy 
M26A12.wav, happy,happy,angry,sad,neutral 
F10A21.wav, sad,sad,neutral,happy,angry 
F23N10.wav, neutral,neutral,angry,happy,sad 
F03S02.wav, sad,sad,happy,angry,neutral 
F23A06.wav, sad,sad,happy,angry,neutral 
F07S27.wav, happy,happy,angry,neutral,sad 
M40N01.wav, sad,sad,neutral,angry,happy 
M44H04.wav, neutral,neutral,angry,sad,happy 
M27N54.wav, sad,sad,angry,neutral,happy 
M38N12.wav, happy,happy,angry,neutral,sad 
F09N04.wav, sad,sad,neutral,angry,happy 
M12N51.wav, sad,sad,angry,neutral,happy 
F03S06.wav, sad,sad,angry,happy,neutral 
F07A49.wav, happy,happy,angry,sad,neutral 
M12S01.wav, sad,sad,angry,neutral,happy 
M43N05.wav, neutral,neutral,sad,happy,angry 
M38N10.wav, happy,happy,sad,neutral,angry 
M27N22.wav, neutral,neutral,angry,happy,sad 
F25A02.wav, sad,sad,neutral,happy,angry 
F21H12.wav, sad,sad,angry,neutral,happy 
F02S08.wav, sad,sad,angry,neutral,happy 
F29H01.wav, neutral,neutral,angry,sad,happy 
F28A16.wav, neutral,neutral,angry,sad,happy 
M04N77.wav, sad,sad,neutral,angry,happy 
F24A40.wav, sad,sad,neutral,happy,angry 
M34N03.wav, happy,happy,angry,sad,neutral 
F28S04.wav, happy,happy,angry,sad,neutral 
F21N02.wav, sad,sad,neutral,angry,happy 
M12A46.wav, sad,sad,happy,neutral,angry 
F10A45.wav, sad,sad,happy,neutral,angry 
M04N30.wav, sad,sad,angry,neutral,happy 
F24S11.wav, angry,angry,sad,neutral,happy 
F21N03.wav, happy,happy,angry,neutral,sad 
M51N04.wav, sad,sad,angry,neutral,happy 
F05N58.wav, sad,sad,neutral,angry,happy 
F20N14.wav, neutral,neutral,angry,happy,sad 
M42A03.wav, happy,happy,angry,sad,neutral 
M46N01.wav, sad,sad,angry,happy,neutral 
M25A41.wav, sad,sad,angry,neutral,happy 
M19N03.wav, angry,angry,sad,neutral,happy 
F05N06.wav, sad,sad,neutral,angry,happy 
M40N51.wav, sad,sad,angry,neutral,happy 
M25H05.wav, happy,happy,neutral,angry,sad 
F05A01.wav, neutral,neutral,happy,angry,sad 
F01H06.wav, neutral,neutral,sad,happy,angry 
F07S46.wav, sad,sad,happy,neutral,angry 
F28A26.wav, sad,sad,angry,neutral,happy 
F07A19.wav, sad,sad,angry,happy,neutral 
F19N28.wav, neutral,neutral,angry,sad,happy 
M40N46.wav, sad,sad,angry,happy,neutral 
F24A02.wav, sad,sad,neutral,angry,happy 
F24S13.wav, sad,sad,angry,neutral,happy 
F07A26.wav, happy,happy,sad,neutral,angry 
M27A02.wav, sad,sad,neutral,angry,happy 
M28A26.wav, sad,sad,neutral,angry,happy 
M02H01.wav, neutral,neutral,sad,angry,happy 
F28S03.wav, sad,sad,neutral,angry,happy 
F13A15.wav, neutral,neutral,happy,sad,angry 
F24A46.wav, sad,sad,neutral,happy,angry 
F05N55.wav, sad,sad,angry,neutral,happy 
M42A10.wav, happy,happy,angry,neutral,sad 
F24A48.wav, sad,sad,neutral,angry,happy 
M05A03.wav, sad,sad,neutral,angry,happy 
M03S04.wav, sad,sad,happy,neutral,angry 
M05S12.wav, sad,sad,angry,happy,neutral 
M07N02.wav, happy,happy,angry,neutral,sad 
M04N23.wav, sad,sad,neutral,angry,happy 
M03S18.wav, happy,happy,angry,sad,neutral 
M16A33.wav, sad,sad,angry,neutral,happy 
M13H02.wav, angry,angry,neutral,happy,sad 
F24A14.wav, happy,happy,angry,sad,neutral 
F19N14.wav, sad,sad,angry,neutral,happy 
M25A63.wav, sad,sad,happy,neutral,angry 
M55A04.wav, sad,sad,neutral,angry,happy 
M44H05.wav, sad,sad,angry,neutral,happy 
F07H03.wav, neutral,neutral,angry,sad,happy 
M05S06.wav, sad,sad,happy,neutral,angry 
M44S04.wav, sad,sad,angry,neutral,happy 
M28A02.wav, sad,sad,neutral,happy,angry 
F22A09.wav, sad,sad,neutral,angry,happy 
M04N81.wav, sad,sad,neutral,angry,happy 
M51N21.wav, sad,sad,angry,neutral,happy 
F12A11.wav, sad,sad,neutral,happy,angry 
M28S18.wav, sad,sad,angry,neutral,happy 
M12A66.wav, happy,happy,sad,angry,neutral 
F21S44.wav, sad,sad,angry,neutral,happy 
M54S01.wav, sad,sad,angry,neutral,happy 
M04N26.wav, sad,sad,neutral,happy,angry 
M12N29.wav, neutral,neutral,sad,angry,happy 
F04A10.wav, sad,sad,angry,neutral,happy 
F05N16.wav, sad,sad,angry,neutral,happy 
M43H03.wav, sad,sad,angry,neutral,happy 
F22S06.wav, happy,happy,neutral,angry,sad 
M52N03.wav, happy,happy,neutral,angry,sad 
M03S14.wav, neutral,neutral,angry,sad,happy 
F07S33.wav, sad,sad,angry,neutral,happy 
M04N64.wav, neutral,neutral,angry,happy,sad 
F07A12.wav, happy,happy,neutral,sad,angry 
F20N13.wav, happy,happy,angry,sad,neutral 
F09S08.wav, angry,angry,happy,sad,neutral 
M26A11.wav, happy,happy,sad,neutral,angry 
M03A23.wav, happy,happy,angry,sad,neutral 
M02A10.wav, sad,sad,neutral,angry,happy 
M41H04.wav, sad,sad,neutral,happy,angry 
F07S25.wav, sad,sad,angry,happy,neutral 
F06H07.wav, neutral,neutral,sad,angry,happy 
F21S37.wav, neutral,neutral,sad,happy,angry 
F10A42.wav, sad,sad,happy,neutral,angry 
F10A30.wav, happy,happy,sad,neutral,angry 
M24S04.wav, sad,sad,angry,happy,neutral 
F07S39.wav, sad,sad,angry,neutral,happy 
F12N03.wav, happy,happy,angry,sad,neutral 
F22S02.wav, sad,sad,happy,angry,neutral 
F05N14.wav, sad,sad,neutral,angry,happy 
F01A11.wav, angry,angry,neutral,happy,sad 
F07A02.wav, happy,happy,angry,sad,neutral 
F02H03.wav, sad,sad,happy,neutral,angry 
M12N12.wav, neutral,neutral,angry,sad,happy 
F24A17.wav, happy,happy,angry,neutral,sad 
M44A01.wav, angry,angry,happy,neutral,sad 
M22N01.wav, sad,sad,neutral,happy,angry 
F22A01.wav, neutral,neutral,happy,angry,sad 
F05N26.wav, neutral,neutral,angry,sad,happy 
M12A24.wav, happy,happy,sad,neutral,angry 
M12N68.wav, sad,sad,angry,neutral,happy 
M55A03.wav, happy,happy,angry,sad,neutral 
M04N71.wav, sad,sad,happy,neutral,angry 
F07A56.wav, sad,sad,happy,neutral,angry 
M12N05.wav, sad,sad,neutral,happy,angry 
F12A07.wav, sad,sad,angry,neutral,happy 
M12N65.wav, sad,sad,angry,neutral,happy 
M17S02.wav, happy,happy,sad,angry,neutral 
M05A08.wav, sad,sad,happy,neutral,angry 
M40N54.wav, sad,sad,angry,neutral,happy 
M25A26.wav, happy,happy,sad,angry,neutral 
F02S03.wav, sad,sad,angry,happy,neutral 
M23H02.wav, sad,sad,neutral,angry,happy 
F03N03.wav, neutral,neutral,sad,angry,happy 
F09A07.wav, sad,sad,neutral,angry,happy 
F13A08.wav, happy,happy,angry,sad,neutral 
M25A49.wav, sad,sad,happy,neutral,angry 
M50A12.wav, sad,sad,happy,neutral,angry 
M04A08.wav, sad,sad,angry,neutral,happy 
M40N24.wav, sad,sad,neutral,angry,happy 
M53N15.wav, neutral,neutral,angry,happy,sad 
F07N09.wav, happy,happy,neutral,angry,sad 
F07S48.wav, sad,sad,happy,angry,neutral 
F21A14.wav, sad,sad,happy,neutral,angry 
F20N16.wav, sad,sad,angry,neutral,happy 
M16A31.wav, angry,angry,happy,sad,neutral 
M41H02.wav, sad,sad,angry,neutral,happy 
F17S07.wav, sad,sad,neutral,angry,happy 
M25A50.wav, happy,happy,angry,sad,neutral 
M02A11.wav, angry,angry,happy,sad,neutral 
M46A03.wav, happy,happy,sad,angry,neutral 
F01H02.wav, neutral,neutral,angry,sad,happy 
F02N01.wav, neutral,neutral,happy,sad,angry 
M05N16.wav, sad,sad,angry,neutral,happy 
F09S12.wav, sad,sad,angry,neutral,happy 
F05N43.wav, sad,sad,angry,neutral,happy 
M48N10.wav, sad,sad,angry,happy,neutral 
F19N06.wav, sad,sad,neutral,angry,happy 
F19N20.wav, sad,sad,angry,happy,neutral 
M02A18.wav, sad,sad,angry,neutral,happy 
M38N07.wav, sad,sad,neutral,angry,happy 
F23H07.wav, sad,sad,happy,neutral,angry 
M12A36.wav, happy,happy,sad,neutral,angry 
M03A19.wav, sad,sad,happy,neutral,angry 
F05A03.wav, happy,happy,angry,neutral,sad 
F24S21.wav, happy,happy,angry,neutral,sad 
F10A41.wav, sad,sad,neutral,angry,happy 
M32N01.wav, neutral,neutral,angry,sad,happy 
M53N17.wav, neutral,neutral,sad,angry,happy 
M14N05.wav, sad,sad,neutral,angry,happy 
F29N01.wav, sad,sad,neutral,angry,happy 
M28A23.wav, happy,happy,sad,neutral,angry 
M04N67.wav, happy,happy,neutral,angry,sad 
M53N20.wav, sad,sad,neutral,angry,happy 
M43A06.wav, sad,sad,happy,neutral,angry 
F15A02.wav, sad,sad,happy,neutral,angry 
M07S01.wav, sad,sad,neutral,happy,angry 
M32S03.wav, sad,sad,neutral,angry,happy 
F10A13.wav, sad,sad,angry,neutral,happy 
M41A03.wav, sad,sad,angry,neutral,happy 
F07S08.wav, sad,sad,neutral,angry,happy 
M53A16.wav, sad,sad,happy,neutral,angry 
M02A14.wav, sad,sad,angry,neutral,happy 
M16A28.wav, sad,sad,neutral,happy,angry 
F07A45.wav, sad,sad,neutral,happy,angry 
F02S01.wav, sad,sad,angry,neutral,happy 
M29A12.wav, sad,sad,happy,neutral,angry 
M27N53.wav, sad,sad,angry,neutral,happy 
M04N76.wav, angry,angry,sad,neutral,happy 
F22S08.wav, sad,sad,angry,happy,neutral 
F20N12.wav, angry,angry,neutral,sad,happy 
M34A02.wav, neutral,neutral,angry,happy,sad 
M30N01.wav, happy,happy,sad,neutral,angry 
F30A02.wav, sad,sad,neutral,happy,angry 
F16S02.wav, sad,sad,happy,angry,neutral 
M53A02.wav, sad,sad,angry,neutral,happy 
M12A55.wav, sad,sad,happy,neutral,angry 
F01S19.wav, sad,sad,angry,neutral,happy 
M50A01.wav, angry,angry,sad,neutral,happy 
F04A04.wav, neutral,neutral,angry,happy,sad 
M12N13.wav, neutral,neutral,happy,sad,angry 
M22N21.wav, angry,angry,neutral,sad,happy 
M25N08.wav, sad,sad,angry,neutral,happy 
M44N14.wav, happy,happy,angry,neutral,sad 
M27N02.wav, sad,sad,neutral,happy,angry 
F24H04.wav, happy,happy,angry,neutral,sad 
M09S01.wav, happy,happy,neutral,angry,sad 
M16A21.wav, sad,sad,neutral,angry,happy 
M04N34.wav, sad,sad,angry,neutral,happy 
M28S02.wav, sad,sad,neutral,angry,happy 
F12A02.wav, sad,sad,angry,neutral,happy 
F03N05.wav, neutral,neutral,sad,angry,happy 
F21A53.wav, sad,sad,angry,neutral,happy 
F14N06.wav, happy,happy,neutral,angry,sad 
M43A18.wav, happy,happy,angry,neutral,sad 
M12A53.wav, sad,sad,angry,neutral,happy 
M27N55.wav, sad,sad,neutral,angry,happy 
F24H10.wav, happy,happy,sad,neutral,angry 
M22N16.wav, sad,sad,neutral,happy,angry 
F12N11.wav, sad,sad,happy,angry,neutral 
F28A25.wav, happy,happy,angry,neutral,sad 
F20N05.wav, happy,happy,angry,sad,neutral 
M48S01.wav, sad,sad,angry,neutral,happy 
M16A06.wav, happy,happy,angry,neutral,sad 
M47N19.wav, sad,sad,neutral,angry,happy 
M22A05.wav, happy,happy,sad,neutral,angry 
F24A47.wav, sad,sad,neutral,happy,angry 
F10A12.wav, happy,happy,sad,angry,neutral 
M22N23.wav, sad,sad,angry,happy,neutral 
M26A36.wav, sad,sad,neutral,happy,angry 
M26N01.wav, happy,happy,sad,neutral,angry 
F21S34.wav, sad,sad,neutral,angry,happy 
M50A09.wav, angry,angry,sad,neutral,happy 
M24N03.wav, happy,happy,neutral,angry,sad 
F10A40.wav, happy,happy,angry,neutral,sad 
F07A16.wav, sad,sad,neutral,happy,angry 
F05N09.wav, sad,sad,angry,neutral,happy 
F07A20.wav, happy,happy,neutral,angry,sad 
M22N25.wav, happy,happy,angry,sad,neutral 
M41N02.wav, happy,happy,sad,neutral,angry 
F21A13.wav, angry,angry,happy,neutral,sad 
M04A03.wav, angry,angry,neutral,happy,sad 
F21N15.wav, neutral,neutral,sad,happy,angry 
M16H02.wav, sad,sad,neutral,angry,happy 
M25A56.wav, happy,happy,angry,neutral,sad 
M26A21.wav, happy,happy,angry,neutral,sad 
M53N10.wav, neutral,neutral,angry,sad,happy 
F19N29.wav, neutral,neutral,angry,sad,happy 
M03A12.wav, sad,sad,neutral,happy,angry 
M06A02.wav, sad,sad,neutral,happy,angry 
F29N05.wav, neutral,neutral,sad,angry,happy 
F07H05.wav, sad,sad,angry,happy,neutral 
F07S24.wav, sad,sad,neutral,angry,happy 
M28A09.wav, sad,sad,neutral,happy,angry 
M44N21.wav, sad,sad,angry,neutral,happy 
M28A27.wav, sad,sad,neutral,happy,angry 
M12H01.wav, happy,happy,neutral,angry,sad 
F03S13.wav, happy,happy,neutral,angry,sad 
M41A02.wav, angry,angry,happy,sad,neutral 
M44N07.wav, neutral,neutral,angry,sad,happy 
F09A05.wav, happy,happy,neutral,angry,sad 
M16A14.wav, happy,happy,neutral,angry,sad 
F04A15.wav, sad,sad,angry,neutral,happy 
F22S04.wav, sad,sad,angry,neutral,happy 
F02S10.wav, sad,sad,neutral,angry,happy 
M25N13.wav, sad,sad,neutral,angry,happy 
F07S09.wav, happy,happy,angry,neutral,sad 
M02N05.wav, neutral,neutral,angry,happy,sad 
M51N05.wav, sad,sad,neutral,angry,happy 
M12A62.wav, sad,sad,happy,neutral,angry 
F22S09.wav, sad,sad,neutral,happy,angry 
F27A02.wav, sad,sad,neutral,happy,angry 
F09S03.wav, sad,sad,neutral,angry,happy 
F03A07.wav, neutral,neutral,sad,happy,angry 
M28A22.wav, sad,sad,neutral,angry,happy 
M08S01.wav, happy,happy,angry,neutral,sad 
M47A20.wav, sad,sad,angry,neutral,happy 
F07S22.wav, neutral,neutral,angry,happy,sad 
M34A09.wav, angry,angry,happy,neutral,sad 
F05N17.wav, sad,sad,angry,neutral,happy 
M41H03.wav, angry,angry,sad,neutral,happy 
F24S09.wav, sad,sad,neutral,angry,happy 
M31N04.wav, sad,sad,angry,neutral,happy 
F19N35.wav, sad,sad,neutral,angry,happy 
M21N08.wav, happy,happy,angry,sad,neutral 
M40A05.wav, happy,happy,angry,neutral,sad 
F21A11.wav, happy,happy,sad,neutral,angry 
M03A38.wav, angry,angry,sad,happy,neutral 
F24H06.wav, sad,sad,happy,neutral,angry 
F13A04.wav, happy,happy,sad,angry,neutral 
M03S11.wav, happy,happy,sad,neutral,angry 
F21S08.wav, sad,sad,happy,neutral,angry 
M27N11.wav, happy,happy,neutral,angry,sad 
F13A19.wav, sad,sad,neutral,angry,happy 
M26A33.wav, happy,happy,sad,angry,neutral 
M12N45.wav, sad,sad,angry,neutral,happy 
M40S02.wav, sad,sad,neutral,angry,happy 
M12A38.wav, sad,sad,neutral,happy,angry 
M51N09.wav, sad,sad,angry,happy,neutral 
M04N57.wav, sad,sad,neutral,angry,happy 
M42A05.wav, happy,happy,sad,angry,neutral 
M46A01.wav, sad,sad,neutral,angry,happy 
F21H05.wav, happy,happy,angry,neutral,sad 
F23S03.wav, happy,happy,angry,sad,neutral 
M47N03.wav, neutral,neutral,happy,angry,sad 
F24A29.wav, happy,happy,sad,neutral,angry 
M50S01.wav, sad,sad,neutral,happy,angry 
M40N06.wav, neutral,neutral,angry,happy,sad 
F28A15.wav, neutral,neutral,angry,sad,happy 
F24H15.wav, sad,sad,angry,neutral,happy 
F01A06.wav, happy,happy,neutral,angry,sad 
F15A06.wav, sad,sad,neutral,happy,angry 
M12N60.wav, angry,angry,sad,neutral,happy 
M09A14.wav, sad,sad,neutral,angry,happy 
M12N09.wav, neutral,neutral,happy,sad,angry 
M28N25.wav, happy,happy,sad,neutral,angry 
F07A05.wav, happy,happy,angry,neutral,sad 
F17A03.wav, happy,happy,neutral,angry,sad 
F05N38.wav, sad,sad,angry,neutral,happy 
M21N07.wav, happy,happy,angry,neutral,sad 
M03A27.wav, sad,sad,angry,neutral,happy 
M51N12.wav, neutral,neutral,angry,sad,happy 
F07A59.wav, happy,happy,angry,neutral,sad 
M04A05.wav, sad,sad,happy,neutral,angry 
M40N45.wav, sad,sad,neutral,angry,happy 
M43A04.wav, happy,happy,sad,neutral,angry 
M09A20.wav, sad,sad,neutral,angry,happy 
F19N38.wav, sad,sad,angry,neutral,happy 
M25H02.wav, sad,sad,happy,neutral,angry 
M12N82.wav, sad,sad,neutral,happy,angry 
M14S02.wav, happy,happy,angry,neutral,sad 
F04A07.wav, sad,sad,neutral,angry,happy 
M05A13.wav, angry,angry,neutral,sad,happy 
F19N11.wav, angry,angry,neutral,sad,happy 
F01S12.wav, sad,sad,angry,neutral,happy 
F05N21.wav, sad,sad,angry,neutral,happy 
F21A47.wav, neutral,neutral,sad,angry,happy 
F06H05.wav, angry,angry,happy,neutral,sad 
M16A03.wav, happy,happy,angry,sad,neutral 
M06S07.wav, happy,happy,angry,neutral,sad 
M19A01.wav, sad,sad,neutral,angry,happy 
M04N27.wav, sad,sad,angry,neutral,happy 
M12N53.wav, sad,sad,angry,neutral,happy 
M27N01.wav, sad,sad,neutral,angry,happy 
M32H02.wav, angry,angry,neutral,sad,happy 
M04N25.wav, sad,sad,angry,neutral,happy 
F04N02.wav, sad,sad,neutral,angry,happy 
M26N10.wav, happy,happy,sad,neutral,angry 
M18N13.wav, angry,angry,sad,neutral,happy 
F09S11.wav, sad,sad,happy,angry,neutral 
F07A62.wav, sad,sad,neutral,happy,angry 
M44N11.wav, neutral,neutral,angry,happy,sad 
M12N85.wav, neutral,neutral,angry,sad,happy 
F06S06.wav, neutral,neutral,angry,sad,happy 
M11H08.wav, sad,sad,happy,neutral,angry 
F21S40.wav, sad,sad,neutral,happy,angry 
F23H05.wav, happy,happy,angry,neutral,sad 
F21A12.wav, sad,sad,happy,neutral,angry 
F12N10.wav, happy,happy,sad,angry,neutral 
M02A23.wav, neutral,neutral,happy,angry,sad 
M12N20.wav, neutral,neutral,angry,happy,sad 
M12N31.wav, angry,angry,sad,neutral,happy 
F10A35.wav, sad,sad,neutral,happy,angry 
M24S02.wav, sad,sad,angry,neutral,happy 
M02H02.wav, neutral,neutral,sad,angry,happy 
M20S01.wav, sad,sad,angry,neutral,happy 
M15N02.wav, happy,happy,neutral,angry,sad 
F03A10.wav, happy,happy,angry,neutral,sad 
M12N08.wav, neutral,neutral,angry,sad,happy 
F02S12.wav, happy,happy,angry,neutral,sad 
M39A01.wav, neutral,neutral,angry,sad,happy 
M29A03.wav, sad,sad,happy,neutral,angry 
M32A01.wav, angry,angry,sad,neutral,happy 
M56A01.wav, sad,sad,neutral,happy,angry 
F17A01.wav, sad,sad,neutral,angry,happy 
M16A23.wav, happy,happy,angry,neutral,sad 
F19N24.wav, sad,sad,angry,neutral,happy 
M16H08.wav, happy,happy,angry,neutral,sad 
M46N08.wav, angry,angry,sad,neutral,happy 
M20N08.wav, sad,sad,happy,angry,neutral 
M16H03.wav, sad,sad,happy,neutral,angry 
M12N01.wav, neutral,neutral,happy,angry,sad 
M26A07.wav, sad,sad,neutral,angry,happy 
M27N56.wav, sad,sad,angry,neutral,happy 
F19S01.wav, sad,sad,angry,neutral,happy 
M25A33.wav, sad,sad,happy,neutral,angry 
F19N27.wav, angry,angry,sad,neutral,happy 
F07H13.wav, neutral,neutral,angry,sad,happy 
M28N02.wav, sad,sad,neutral,angry,happy 
M51N19.wav, neutral,neutral,angry,sad,happy 
M04S08.wav, sad,sad,neutral,angry,happy 
F19N32.wav, sad,sad,angry,neutral,happy 
F21S43.wav, happy,happy,sad,neutral,angry 
F03N07.wav, sad,sad,neutral,angry,happy 
F24A42.wav, sad,sad,happy,neutral,angry 
M40N47.wav, sad,sad,angry,neutral,happy 
F28A08.wav, sad,sad,neutral,angry,happy 
M02N15.wav, sad,sad,angry,neutral,happy 
F28S05.wav, sad,sad,angry,neutral,happy 
M48A04.wav, happy,happy,angry,neutral,sad 
F03S04.wav, sad,sad,angry,happy,neutral 
M17H01.wav, sad,sad,happy,angry,neutral 
M04A06.wav, sad,sad,neutral,happy,angry 
M09A03.wav, happy,happy,angry,neutral,sad 
M25A01.wav, sad,sad,happy,neutral,angry 
M15A07.wav, sad,sad,happy,neutral,angry 
F02N05.wav, sad,sad,neutral,happy,angry 
F21S14.wav, sad,sad,neutral,happy,angry 
M53A04.wav, happy,happy,sad,neutral,angry 
F02S07.wav, neutral,neutral,sad,happy,angry 
M26A31.wav, sad,sad,angry,neutral,happy 
F04A01.wav, angry,angry,neutral,sad,happy 
F30A06.wav, sad,sad,happy,neutral,angry 
M47A19.wav, sad,sad,angry,neutral,happy 
M34A07.wav, happy,happy,sad,angry,neutral 
M27N44.wav, sad,sad,neutral,angry,happy 
M34H03.wav, sad,sad,neutral,angry,happy 
F21N18.wav, happy,happy,neutral,sad,angry 
F01S17.wav, sad,sad,angry,neutral,happy 
M44N15.wav, sad,sad,neutral,angry,happy 
M42A07.wav, sad,sad,neutral,happy,angry 
F24N15.wav, happy,happy,sad,neutral,angry 
F30S05.wav, sad,sad,angry,neutral,happy 
M22A03.wav, angry,angry,sad,happy,neutral 
M28A37.wav, happy,happy,neutral,sad,angry 
M04N75.wav, happy,happy,neutral,sad,angry 
M02A16.wav, happy,happy,neutral,angry,sad 
M24N05.wav, sad,sad,angry,neutral,happy 
F01H05.wav, neutral,neutral,angry,sad,happy 
F31A06.wav, happy,happy,angry,sad,neutral 
M05S08.wav, sad,sad,happy,angry,neutral 
F10A43.wav, sad,sad,neutral,happy,angry 
F10A23.wav, sad,sad,angry,neutral,happy 
M53A05.wav, happy,happy,angry,neutral,sad 
M22N11.wav, happy,happy,angry,neutral,sad 
M02A21.wav, sad,sad,neutral,angry,happy 
F01A08.wav, sad,sad,neutral,angry,happy 
F21S38.wav, sad,sad,angry,happy,neutral 
M04N01.wav, happy,happy,neutral,angry,sad 
M02A15.wav, angry,angry,neutral,sad,happy 
M02N18.wav, angry,angry,sad,neutral,happy 
M22N08.wav, sad,sad,happy,neutral,angry 
M04N41.wav, sad,sad,neutral,angry,happy 
M54A01.wav, sad,sad,happy,neutral,angry 
M12N04.wav, happy,happy,angry,neutral,sad 
M12A09.wav, sad,sad,happy,angry,neutral 
F07A27.wav, sad,sad,neutral,happy,angry 
F01A18.wav, sad,sad,neutral,angry,happy 
M34N04.wav, neutral,neutral,sad,angry,happy 
F24H26.wav, sad,sad,happy,angry,neutral 
M37A01.wav, sad,sad,neutral,happy,angry 
F07N10.wav, happy,happy,angry,neutral,sad 
M43A07.wav, happy,happy,sad,neutral,angry 
F22N05.wav, sad,sad,neutral,angry,happy 
M04N53.wav, angry,angry,sad,neutral,happy 
M48N07.wav, sad,sad,angry,neutral,happy 
M44N25.wav, neutral,neutral,angry,sad,happy 
M03A39.wav, sad,sad,happy,neutral,angry 
F13A13.wav, happy,happy,neutral,sad,angry 
M08N10.wav, sad,sad,angry,neutral,happy 
M28H03.wav, neutral,neutral,angry,sad,happy 
F24A33.wav, sad,sad,neutral,angry,happy 
M07H02.wav, sad,sad,neutral,happy,angry 
M04S07.wav, neutral,neutral,happy,angry,sad 
F03A09.wav, sad,sad,neutral,happy,angry 
M26A26.wav, sad,sad,happy,neutral,angry 
M03N06.wav, neutral,neutral,angry,happy,sad 
F07A11.wav, sad,sad,angry,neutral,happy 
M26N05.wav, neutral,neutral,sad,happy,angry 
F10A15.wav, sad,sad,neutral,angry,happy 
M25A52.wav, sad,sad,angry,neutral,happy 
M43A16.wav, sad,sad,neutral,angry,happy 
F09H01.wav, sad,sad,angry,neutral,happy 
F09S13.wav, sad,sad,angry,neutral,happy 
F19N10.wav, neutral,neutral,sad,angry,happy 
F07A53.wav, happy,happy,angry,neutral,sad 
F01A19.wav, happy,happy,angry,neutral,sad 
F24H17.wav, sad,sad,angry,neutral,happy 
M12A52.wav, sad,sad,happy,neutral,angry 
M16A24.wav, sad,sad,neutral,angry,happy 
M12A16.wav, sad,sad,neutral,happy,angry 
F04N01.wav, happy,happy,neutral,angry,sad 
F24A21.wav, sad,sad,neutral,happy,angry 
F23S02.wav, sad,sad,neutral,happy,angry 
F07A39.wav, happy,happy,sad,neutral,angry 
M47A02.wav, sad,sad,neutral,angry,happy 
M12N86.wav, happy,happy,angry,neutral,sad 
F21S01.wav, angry,angry,happy,sad,neutral 
F01N03.wav, neutral,neutral,sad,happy,angry 
M02A22.wav, sad,sad,neutral,angry,happy 
F05N05.wav, sad,sad,angry,neutral,happy 
M09A23.wav, sad,sad,angry,neutral,happy 
M51N08.wav, sad,sad,neutral,angry,happy 
M26N03.wav, sad,sad,neutral,angry,happy 
F02S11.wav, neutral,neutral,happy,sad,angry 
M22N22.wav, sad,sad,neutral,happy,angry 
M03A24.wav, sad,sad,neutral,happy,angry 
M43A11.wav, happy,happy,sad,angry,neutral 
M25N18.wav, angry,angry,happy,neutral,sad 
M21N02.wav, neutral,neutral,angry,sad,happy 
M28A04.wav, sad,sad,neutral,angry,happy 
M12N83.wav, happy,happy,neutral,sad,angry 
M22N12.wav, sad,sad,neutral,angry,happy 
F03S08.wav, neutral,neutral,happy,sad,angry 
M27N23.wav, sad,sad,neutral,angry,happy 
F06H10.wav, neutral,neutral,angry,sad,happy 
M04N13.wav, sad,sad,angry,neutral,happy 
M40A03.wav, sad,sad,happy,neutral,angry 
F14S01.wav, neutral,neutral,angry,sad,happy 
M05A10.wav, sad,sad,happy,neutral,angry 
F05N46.wav, sad,sad,angry,neutral,happy 
F23N01.wav, happy,happy,angry,neutral,sad 
M25A16.wav, sad,sad,neutral,happy,angry 
F31A03.wav, happy,happy,sad,neutral,angry 
M28S21.wav, sad,sad,angry,happy,neutral 
M29N05.wav, happy,happy,neutral,sad,angry 
M44N18.wav, neutral,neutral,angry,sad,happy 
M40S03.wav, sad,sad,angry,neutral,happy 
F28A03.wav, angry,angry,sad,neutral,happy 
M12N38.wav, sad,sad,happy,angry,neutral 
F28A02.wav, neutral,neutral,sad,angry,happy 
M44N06.wav, happy,happy,angry,neutral,sad 
M27N41.wav, sad,sad,neutral,happy,angry 
M12N46.wav, sad,sad,angry,neutral,happy 
M04N50.wav, sad,sad,angry,happy,neutral 
M47A13.wav, sad,sad,angry,neutral,happy 
M03A32.wav, sad,sad,neutral,angry,happy 
M28N11.wav, sad,sad,happy,neutral,angry 
F19N22.wav, sad,sad,neutral,angry,happy 
M26S01.wav, happy,happy,angry,neutral,sad 
F22S15.wav, sad,sad,angry,happy,neutral 
F28A22.wav, neutral,neutral,angry,happy,sad 
F28S02.wav, neutral,neutral,angry,sad,happy 
M42A02.wav, sad,sad,neutral,happy,angry 
M12A25.wav, sad,sad,happy,neutral,angry 
M27N28.wav, sad,sad,neutral,happy,angry 
M28A08.wav, sad,sad,happy,neutral,angry 
M38N04.wav, angry,angry,neutral,happy,sad 
F07A18.wav, sad,sad,angry,happy,neutral 
M18N15.wav, sad,sad,neutral,angry,happy 
F23N05.wav, happy,happy,neutral,sad,angry 
F07S26.wav, sad,sad,neutral,angry,happy 
F23A20.wav, happy,happy,angry,neutral,sad 
F05N51.wav, sad,sad,angry,neutral,happy 
F24H11.wav, sad,sad,angry,neutral,happy 
M55N01.wav, sad,sad,neutral,happy,angry 
M47N05.wav, sad,sad,happy,neutral,angry 
M12N67.wav, sad,sad,angry,neutral,happy 
F05N13.wav, sad,sad,neutral,angry,happy 
F09S02.wav, sad,sad,happy,angry,neutral 
M21N10.wav, happy,happy,neutral,angry,sad 
F21A18.wav, sad,sad,angry,neutral,happy 
F24A62.wav, happy,happy,sad,neutral,angry 
M28H01.wav, sad,sad,angry,neutral,happy 
F17S08.wav, sad,sad,angry,neutral,happy 
M03S10.wav, angry,angry,neutral,sad,happy 
M03S01.wav, happy,happy,angry,sad,neutral 
M02A12.wav, happy,happy,angry,neutral,sad 
M28S07.wav, sad,sad,happy,neutral,angry 
M02A08.wav, sad,sad,neutral,happy,angry 
M12N54.wav, sad,sad,angry,neutral,happy 
M02S02.wav, sad,sad,neutral,angry,happy 
M27N42.wav, neutral,neutral,sad,angry,happy 
F09S05.wav, sad,sad,angry,neutral,happy 
M17N04.wav, neutral,neutral,angry,happy,sad 
M12N25.wav, sad,sad,angry,neutral,happy 
M44N10.wav, sad,sad,angry,neutral,happy 
M03N07.wav, angry,angry,neutral,happy,sad 
M51N07.wav, sad,sad,neutral,angry,happy 
M02A28.wav, sad,sad,happy,neutral,angry 
F21A35.wav, happy,happy,neutral,sad,angry 
M33N01.wav, happy,happy,sad,neutral,angry 
M12A49.wav, happy,happy,sad,neutral,angry 
F23A17.wav, sad,sad,angry,neutral,happy 
F03H04.wav, neutral,neutral,sad,angry,happy 
F21A17.wav, happy,happy,angry,neutral,sad 
F05N22.wav, sad,sad,angry,neutral,happy 
F09S18.wav, happy,happy,angry,neutral,sad 
M29A01.wav, happy,happy,angry,sad,neutral 
M12N77.wav, sad,sad,neutral,happy,angry 
M01N02.wav, sad,sad,happy,neutral,angry 
M27N49.wav, sad,sad,happy,neutral,angry 
F07S19.wav, sad,sad,angry,neutral,happy 
M08H04.wav, sad,sad,happy,angry,neutral 
F19N17.wav, sad,sad,neutral,angry,happy 
M02N06.wav, sad,sad,angry,neutral,happy 
M25A36.wav, happy,happy,neutral,sad,angry 
F07H01.wav, sad,sad,neutral,angry,happy 
M39H01.wav, angry,angry,neutral,sad,happy 
M53N24.wav, neutral,neutral,angry,happy,sad 
F01N09.wav, sad,sad,neutral,angry,happy 
M25A09.wav, sad,sad,happy,neutral,angry 
M27N06.wav, happy,happy,angry,neutral,sad 
F18N01.wav, angry,angry,neutral,happy,sad 
M56N03.wav, sad,sad,neutral,happy,angry 
M08N06.wav, happy,happy,angry,sad,neutral 
M40N19.wav, sad,sad,angry,neutral,happy 
M47N12.wav, happy,happy,angry,neutral,sad 
F24A41.wav, happy,happy,neutral,sad,angry 
F07N08.wav, neutral,neutral,angry,happy,sad 
M25A25.wav, happy,happy,angry,sad,neutral 
M53N16.wav, happy,happy,neutral,sad,angry 
M33A02.wav, sad,sad,happy,neutral,angry 
F07A22.wav, sad,sad,happy,neutral,angry 
M12N43.wav, angry,angry,neutral,sad,happy 
M14S01.wav, sad,sad,angry,neutral,happy 
F24A23.wav, sad,sad,angry,neutral,happy 
M04N05.wav, sad,sad,angry,neutral,happy 
M11N02.wav, happy,happy,angry,neutral,sad 
M12A44.wav, happy,happy,sad,neutral,angry 
M04N07.wav, sad,sad,angry,neutral,happy 
F09A12.wav, sad,sad,neutral,angry,happy 
M05N11.wav, sad,sad,neutral,angry,happy 
M53N13.wav, sad,sad,neutral,angry,happy 
M18A01.wav, sad,sad,angry,neutral,happy 
M03A18.wav, sad,sad,happy,neutral,angry 
F09N09.wav, sad,sad,happy,neutral,angry 
M04N19.wav, sad,sad,angry,neutral,happy 
M26A14.wav, happy,happy,neutral,angry,sad 
F06S08.wav, sad,sad,neutral,angry,happy 
M47N26.wav, neutral,neutral,sad,happy,angry 
M27N26.wav, happy,happy,sad,angry,neutral 
F28A21.wav, neutral,neutral,angry,happy,sad 
M28N08.wav, happy,happy,angry,neutral,sad 
F09S14.wav, happy,happy,sad,angry,neutral 
M51N18.wav, sad,sad,angry,neutral,happy 
M31S01.wav, sad,sad,angry,happy,neutral 
M02H03.wav, sad,sad,happy,neutral,angry 
F24A44.wav, sad,sad,angry,neutral,happy 
M16A13.wav, neutral,neutral,happy,sad,angry 
M37N02.wav, sad,sad,neutral,happy,angry 
M12N71.wav, sad,sad,angry,neutral,happy 
F24A53.wav, sad,sad,angry,neutral,happy 
F27A01.wav, neutral,neutral,happy,sad,angry 
F30S03.wav, sad,sad,happy,neutral,angry 
F13A01.wav, neutral,neutral,sad,angry,happy 
M53N04.wav, happy,happy,neutral,angry,sad 
M16A04.wav, sad,sad,neutral,angry,happy 
M43A12.wav, happy,happy,sad,neutral,angry 
F21H01.wav, sad,sad,happy,angry,neutral 
F21A20.wav, angry,angry,happy,sad,neutral 
M04N46.wav, sad,sad,neutral,happy,angry 
M12N34.wav, sad,sad,neutral,angry,happy 
M28A28.wav, sad,sad,neutral,angry,happy 
F05N11.wav, sad,sad,angry,neutral,happy 
F22S11.wav, sad,sad,angry,happy,neutral 
M12A47.wav, sad,sad,neutral,happy,angry 
F28N03.wav, sad,sad,neutral,angry,happy 
M38A02.wav, sad,sad,neutral,happy,angry 
M25N21.wav, angry,angry,neutral,sad,happy 
F15A01.wav, sad,sad,happy,neutral,angry 
M37S03.wav, happy,happy,sad,neutral,angry 
M12A39.wav, sad,sad,happy,neutral,angry 
F07S44.wav, sad,sad,happy,neutral,angry 
M12N02.wav, sad,sad,neutral,angry,happy 
F30H03.wav, sad,sad,angry,happy,neutral 
M41A01.wav, sad,sad,neutral,happy,angry 
M01H01.wav, neutral,neutral,angry,happy,sad 
F21H02.wav, happy,happy,sad,neutral,angry 
F19N03.wav, sad,sad,neutral,angry,happy 
M34S01.wav, neutral,neutral,angry,happy,sad 
M09A16.wav, sad,sad,neutral,angry,happy 
M44N17.wav, neutral,neutral,sad,angry,happy 
F07A36.wav, sad,sad,angry,happy,neutral 
F07S06.wav, neutral,neutral,angry,happy,sad 
M31A05.wav, sad,sad,neutral,angry,happy 
M12N17.wav, happy,happy,neutral,angry,sad 
M21N09.wav, happy,happy,angry,neutral,sad 
M02A24.wav, happy,happy,neutral,angry,sad 
M53S02.wav, sad,sad,angry,neutral,happy 
M53N03.wav, sad,sad,neutral,angry,happy 
M16H04.wav, sad,sad,neutral,angry,happy 
F31A02.wav, sad,sad,happy,neutral,angry 
M12N75.wav, sad,sad,neutral,happy,angry 
M53N25.wav, sad,sad,angry,neutral,happy 
M36S02.wav, sad,sad,angry,neutral,happy 
F09S15.wav, happy,happy,sad,neutral,angry 
F21N07.wav, sad,sad,happy,neutral,angry 
F22N04.wav, sad,sad,angry,happy,neutral 
M46N02.wav, sad,sad,angry,neutral,happy 
M03S19.wav, angry,angry,neutral,sad,happy 
F24A27.wav, sad,sad,neutral,angry,happy 
F22A08.wav, sad,sad,angry,happy,neutral 
F09S17.wav, sad,sad,neutral,angry,happy 
F07S47.wav, neutral,neutral,angry,sad,happy 
F24A64.wav, sad,sad,happy,angry,neutral 
M32H01.wav, neutral,neutral,angry,sad,happy 
M37N01.wav, happy,happy,sad,neutral,angry 
M42A11.wav, sad,sad,neutral,angry,happy 
F01N02.wav, happy,happy,angry,neutral,sad 
F19N07.wav, sad,sad,angry,neutral,happy 
M12A59.wav, sad,sad,angry,happy,neutral 
F05N30.wav, neutral,neutral,angry,sad,happy 
M28S17.wav, sad,sad,angry,happy,neutral 
F01N06.wav, angry,angry,neutral,happy,sad 
F13A17.wav, sad,sad,happy,neutral,angry 
M47N06.wav, sad,sad,angry,neutral,happy 
M44H01.wav, sad,sad,angry,neutral,happy 
M15N03.wav, sad,sad,neutral,happy,angry 
F21N09.wav, happy,happy,sad,angry,neutral 
M04N11.wav, angry,angry,neutral,sad,happy 
M03S08.wav, sad,sad,angry,happy,neutral 
M31N03.wav, neutral,neutral,sad,angry,happy 
M12N21.wav, neutral,neutral,happy,angry,sad 
F01S04.wav, happy,happy,sad,neutral,angry 
M48A03.wav, sad,sad,angry,neutral,happy 
M19N02.wav, happy,happy,angry,sad,neutral 
F03H02.wav, angry,angry,neutral,happy,sad 
F24N14.wav, sad,sad,happy,neutral,angry 
F07S10.wav, happy,happy,sad,neutral,angry 
F03S09.wav, sad,sad,angry,happy,neutral 
M47N04.wav, neutral,neutral,sad,happy,angry 
M22N30.wav, sad,sad,neutral,angry,happy 
M47N14.wav, sad,sad,neutral,happy,angry 
F24H24.wav, happy,happy,neutral,sad,angry 
M28S09.wav, sad,sad,happy,neutral,angry 
M43N02.wav, neutral,neutral,happy,angry,sad 
M12A61.wav, sad,sad,neutral,happy,angry 
M25A04.wav, sad,sad,happy,neutral,angry 
M25A13.wav, sad,sad,happy,neutral,angry 
M51N23.wav, happy,happy,sad,neutral,angry 
M05N10.wav, sad,sad,neutral,angry,happy 
M28S19.wav, angry,angry,neutral,sad,happy 
M06N05.wav, sad,sad,neutral,angry,happy 
M04N10.wav, sad,sad,neutral,angry,happy 
M04A01.wav, happy,happy,sad,neutral,angry 
M16H09.wav, sad,sad,neutral,happy,angry 
M43A01.wav, sad,sad,neutral,happy,angry 
M21N05.wav, happy,happy,angry,neutral,sad 
M29A18.wav, sad,sad,neutral,angry,happy 
M43A09.wav, sad,sad,angry,neutral,happy 
M02N11.wav, happy,happy,sad,angry,neutral 
M27N29.wav, sad,sad,neutral,angry,happy 
F07A47.wav, happy,happy,neutral,angry,sad 
M09A04.wav, happy,happy,sad,neutral,angry 
M44N16.wav, angry,angry,sad,neutral,happy 
F21H11.wav, neutral,neutral,sad,angry,happy 
F07A30.wav, happy,happy,sad,neutral,angry 
M05N09.wav, sad,sad,neutral,angry,happy 
M41H05.wav, happy,happy,neutral,sad,angry 
M53S01.wav, sad,sad,angry,happy,neutral 
M27N13.wav, neutral,neutral,angry,sad,happy 
M25N12.wav, sad,sad,neutral,angry,happy 
M25S02.wav, sad,sad,happy,angry,neutral 
F07S32.wav, sad,sad,angry,neutral,happy 
M10N01.wav, happy,happy,angry,neutral,sad 
F24A04.wav, neutral,neutral,sad,angry,happy 
M53A24.wav, sad,sad,neutral,angry,happy 
F25A03.wav, happy,happy,angry,neutral,sad 
M03S02.wav, sad,sad,happy,neutral,angry 
F09S19.wav, angry,angry,neutral,happy,sad 
F24A30.wav, sad,sad,angry,neutral,happy 
F24A58.wav, happy,happy,angry,sad,neutral 
F21N25.wav, sad,sad,neutral,happy,angry 
F09A08.wav, sad,sad,neutral,happy,angry 
F19N26.wav, sad,sad,angry,neutral,happy 
M29N03.wav, happy,happy,sad,neutral,angry 
M40N03.wav, sad,sad,angry,neutral,happy 
F23A10.wav, sad,sad,neutral,angry,happy 
M12S06.wav, happy,happy,neutral,sad,angry 
F09N05.wav, happy,happy,angry,sad,neutral 
M05A01.wav, sad,sad,happy,neutral,angry 
M28N24.wav, sad,sad,neutral,angry,happy 
M25A15.wav, happy,happy,angry,neutral,sad 
F28A17.wav, angry,angry,happy,sad,neutral 
M05N15.wav, sad,sad,neutral,angry,happy 
M25N02.wav, sad,sad,neutral,happy,angry 
M47N09.wav, sad,sad,angry,neutral,happy 
M36S06.wav, sad,sad,happy,neutral,angry 
F19N37.wav, neutral,neutral,angry,sad,happy 
M37N06.wav, sad,sad,neutral,happy,angry 
M22N15.wav, sad,sad,neutral,angry,happy 
F12N05.wav, sad,sad,happy,neutral,angry 
M04S03.wav, sad,sad,angry,happy,neutral 
F28A01.wav, neutral,neutral,angry,sad,happy 
F25A06.wav, happy,happy,neutral,sad,angry 
F24A19.wav, sad,sad,happy,angry,neutral 
M19A03.wav, sad,sad,angry,neutral,happy 
F06S02.wav, neutral,neutral,angry,sad,happy 
M25S12.wav, neutral,neutral,angry,sad,happy 
M28S14.wav, sad,sad,angry,neutral,happy 
M49N01.wav, neutral,neutral,angry,happy,sad 
F24A51.wav, sad,sad,neutral,angry,happy 
F09N03.wav, sad,sad,happy,neutral,angry 
M27N04.wav, neutral,neutral,sad,angry,happy 
M02A09.wav, sad,sad,neutral,happy,angry 
F05N35.wav, neutral,neutral,sad,angry,happy 
M28S20.wav, sad,sad,angry,happy,neutral 
M16H01.wav, neutral,neutral,happy,sad,angry 
F13A16.wav, happy,happy,neutral,sad,angry 
F10A29.wav, neutral,neutral,happy,sad,angry 
F28S01.wav, sad,sad,neutral,angry,happy 
M17N05.wav, sad,sad,angry,neutral,happy 
M28N14.wav, sad,sad,happy,neutral,angry 
M25A21.wav, sad,sad,happy,neutral,angry 
M49N05.wav, sad,sad,neutral,angry,happy 
M26A09.wav, happy,happy,angry,neutral,sad 
M04S09.wav, sad,sad,angry,happy,neutral 
M12A42.wav, sad,sad,happy,neutral,angry 
M02H04.wav, sad,sad,neutral,angry,happy 
M15A11.wav, sad,sad,neutral,happy,angry 
M13H03.wav, sad,sad,happy,neutral,angry 
F02S06.wav, neutral,neutral,sad,happy,angry 
M16A17.wav, happy,happy,angry,neutral,sad 
F05N31.wav, sad,sad,angry,neutral,happy 
M26A24.wav, happy,happy,neutral,angry,sad 
M12N11.wav, neutral,neutral,angry,sad,happy 
F30A04.wav, happy,happy,angry,sad,neutral 
M27N31.wav, neutral,neutral,sad,angry,happy 
M20A02.wav, sad,sad,neutral,angry,happy 
M46A04.wav, sad,sad,angry,neutral,happy 
F19N23.wav, sad,sad,angry,neutral,happy 
F11N09.wav, neutral,neutral,sad,angry,happy 
M12A41.wav, happy,happy,sad,angry,neutral 
F02A02.wav, neutral,neutral,happy,sad,angry 
M04N82.wav, sad,sad,neutral,happy,angry 
M11N05.wav, sad,sad,angry,neutral,happy 
M36S05.wav, happy,happy,angry,sad,neutral 
F17S03.wav, neutral,neutral,happy,angry,sad 
F10A22.wav, happy,happy,neutral,sad,angry 
M12A58.wav, happy,happy,sad,neutral,angry 
M12A22.wav, sad,sad,happy,neutral,angry 
F24S20.wav, happy,happy,angry,neutral,sad 
F05S04.wav, angry,angry,neutral,sad,happy 
M53N02.wav, angry,angry,sad,neutral,happy 
F12A12.wav, sad,sad,neutral,happy,angry 
M28N04.wav, happy,happy,angry,neutral,sad 
F24H09.wav, sad,sad,neutral,angry,happy 
M12A19.wav, sad,sad,happy,neutral,angry 
F05N02.wav, sad,sad,angry,neutral,happy 
F24H08.wav, sad,sad,angry,neutral,happy 
M03S20.wav, happy,happy,angry,neutral,sad 
M22N07.wav, sad,sad,neutral,angry,happy 
M47A09.wav, happy,happy,angry,neutral,sad 
M52S02.wav, sad,sad,angry,neutral,happy 
M30N02.wav, sad,sad,neutral,angry,happy 
F02S04.wav, neutral,neutral,sad,happy,angry 
F23N08.wav, happy,happy,angry,neutral,sad 
M40N13.wav, angry,angry,neutral,sad,happy 
M05A02.wav, sad,sad,happy,neutral,angry 
M53A01.wav, sad,sad,happy,neutral,angry 
M54N02.wav, happy,happy,neutral,sad,angry 
M07N03.wav, neutral,neutral,sad,angry,happy 
F10A27.wav, sad,sad,neutral,happy,angry 
M37N17.wav, sad,sad,happy,neutral,angry 
M25A45.wav, sad,sad,angry,neutral,happy 
F21N21.wav, sad,sad,happy,neutral,angry 
M37N15.wav, happy,happy,sad,angry,neutral 
F21N16.wav, sad,sad,happy,angry,neutral 
F13A10.wav, sad,sad,neutral,angry,happy 
F04A13.wav, neutral,neutral,angry,happy,sad 
F21S42.wav, sad,sad,neutral,happy,angry 
F10A17.wav, neutral,neutral,sad,angry,happy 
M53N05.wav, sad,sad,angry,neutral,happy 
M05N01.wav, happy,happy,angry,neutral,sad 
M48N05.wav, sad,sad,happy,angry,neutral 
M20N02.wav, sad,sad,neutral,angry,happy 
F19N30.wav, sad,sad,neutral,happy,angry 
F21S27.wav, sad,sad,angry,neutral,happy 
M05N06.wav, sad,sad,angry,happy,neutral 
M05N18.wav, sad,sad,neutral,happy,angry 
M12N52.wav, sad,sad,angry,neutral,happy 
M27N39.wav, happy,happy,angry,sad,neutral 
F19N02.wav, sad,sad,angry,neutral,happy 
F07H12.wav, sad,sad,neutral,angry,happy 
M28N17.wav, happy,happy,angry,sad,neutral 
F01H03.wav, neutral,neutral,angry,happy,sad 
F10A03.wav, neutral,neutral,sad,angry,happy 
M53N08.wav, neutral,neutral,sad,angry,happy 
M29A13.wav, happy,happy,sad,neutral,angry 
F15A04.wav, sad,sad,happy,neutral,angry 
M47A01.wav, sad,sad,neutral,angry,happy 
M12N36.wav, neutral,neutral,happy,angry,sad 
M05N19.wav, angry,angry,happy,neutral,sad 
F30S04.wav, angry,angry,neutral,sad,happy 
F24A08.wav, angry,angry,happy,neutral,sad 
M20S02.wav, happy,happy,angry,neutral,sad 
F19S03.wav, happy,happy,sad,neutral,angry 
F06N01.wav, neutral,neutral,sad,happy,angry 
M18N03.wav, sad,sad,neutral,happy,angry 
F24N12.wav, sad,sad,happy,neutral,angry 
F05N19.wav, sad,sad,angry,neutral,happy 
M18N09.wav, angry,angry,sad,neutral,happy 
M04N72.wav, neutral,neutral,sad,angry,happy 
M12N48.wav, sad,sad,angry,neutral,happy 
F22S07.wav, sad,sad,angry,happy,neutral 
M12A67.wav, happy,happy,sad,neutral,angry 
M50A04.wav, sad,sad,neutral,happy,angry 
M04N47.wav, sad,sad,neutral,angry,happy 
F07A55.wav, sad,sad,neutral,happy,angry 
M02A01.wav, sad,sad,angry,neutral,happy 
M53N19.wav, sad,sad,neutral,angry,happy 
M25A53.wav, sad,sad,neutral,happy,angry 
M02A13.wav, angry,angry,neutral,sad,happy 
M26A35.wav, happy,happy,sad,neutral,angry 
F21A48.wav, neutral,neutral,angry,happy,sad 
M04N08.wav, sad,sad,neutral,angry,happy 
F03A03.wav, happy,happy,angry,neutral,sad 
M46N03.wav, sad,sad,neutral,angry,happy 
F14N03.wav, angry,angry,happy,neutral,sad 
M28A35.wav, sad,sad,happy,neutral,angry 
M08H02.wav, neutral,neutral,sad,happy,angry 
F04A02.wav, neutral,neutral,angry,sad,happy 
F10A19.wav, sad,sad,happy,neutral,angry 
M54N01.wav, happy,happy,angry,neutral,sad 
M12N72.wav, sad,sad,angry,neutral,happy 
M27N48.wav, sad,sad,angry,neutral,happy 
M05S05.wav, sad,sad,angry,happy,neutral 
F11S01.wav, neutral,neutral,angry,happy,sad 
M08N07.wav, happy,happy,angry,sad,neutral 
M40N39.wav, sad,sad,angry,neutral,happy 
M48N04.wav, sad,sad,neutral,angry,happy 
M07N04.wav, neutral,neutral,happy,sad,angry 
F23N02.wav, sad,sad,neutral,happy,angry 
F12N12.wav, sad,sad,happy,neutral,angry 
M27N45.wav, sad,sad,neutral,angry,happy 
F01N08.wav, happy,happy,neutral,sad,angry 
M40N53.wav, sad,sad,angry,neutral,happy 
F07A28.wav, happy,happy,angry,neutral,sad 
M08N11.wav, happy,happy,sad,angry,neutral 
M44N09.wav, sad,sad,angry,neutral,happy 
M05H02.wav, sad,sad,happy,neutral,angry 
M21A02.wav, sad,sad,happy,neutral,angry 
M27N38.wav, sad,sad,angry,neutral,happy 
F07N03.wav, sad,sad,happy,neutral,angry 
M21N04.wav, sad,sad,happy,neutral,angry 
M15A10.wav, happy,happy,neutral,sad,angry 
F02H04.wav, angry,angry,sad,happy,neutral 
F03N06.wav, neutral,neutral,sad,happy,angry 
F01S09.wav, neutral,neutral,happy,sad,angry 
M42A01.wav, happy,happy,sad,neutral,angry 
F21A16.wav, happy,happy,sad,neutral,angry 
M26A19.wav, happy,happy,neutral,angry,sad 
M12A57.wav, sad,sad,neutral,happy,angry 
F13A03.wav, sad,sad,neutral,happy,angry 
M40N30.wav, angry,angry,neutral,sad,happy 
M53N22.wav, neutral,neutral,angry,sad,happy 
F05N29.wav, angry,angry,sad,neutral,happy 
F24A39.wav, happy,happy,neutral,sad,angry 
F19N31.wav, sad,sad,neutral,angry,happy 
M25H01.wav, sad,sad,happy,neutral,angry 
F07A14.wav, sad,sad,neutral,happy,angry 
F19N13.wav, sad,sad,neutral,angry,happy 
M12A20.wav, sad,sad,happy,neutral,angry 
M47N08.wav, happy,happy,sad,angry,neutral 
M29S02.wav, happy,happy,angry,sad,neutral 
F21N13.wav, happy,happy,neutral,sad,angry 
M26A20.wav, sad,sad,happy,neutral,angry 
M34H06.wav, sad,sad,neutral,angry,happy 
M53N12.wav, sad,sad,neutral,happy,angry 
M28A03.wav, sad,sad,neutral,angry,happy 
M34H01.wav, neutral,neutral,happy,angry,sad 
M04N29.wav, sad,sad,angry,neutral,happy 
M04N58.wav, neutral,neutral,sad,angry,happy 
F27H01.wav, neutral,neutral,happy,sad,angry 
M27N10.wav, sad,sad,neutral,angry,happy 
F23A03.wav, happy,happy,sad,angry,neutral 
M21A01.wav, happy,happy,neutral,sad,angry 
M43A13.wav, happy,happy,neutral,sad,angry 
F10A38.wav, sad,sad,happy,angry,neutral 
F09H02.wav, happy,happy,neutral,angry,sad 
M25A34.wav, sad,sad,happy,neutral,angry 
F10A58.wav, neutral,neutral,happy,angry,sad 
M28A31.wav, sad,sad,neutral,happy,angry 
F14N07.wav, happy,happy,sad,neutral,angry 
M25A67.wav, sad,sad,happy,neutral,angry 
M20A05.wav, sad,sad,neutral,happy,angry 
M05N03.wav, sad,sad,happy,neutral,angry 
M29A08.wav, sad,sad,angry,happy,neutral 
F31A01.wav, sad,sad,happy,neutral,angry 
M25A23.wav, sad,sad,happy,neutral,angry 
M40N52.wav, sad,sad,neutral,angry,happy 
F21S05.wav, sad,sad,happy,angry,neutral 
F07S20.wav, sad,sad,angry,happy,neutral 
M28A20.wav, happy,happy,sad,neutral,angry 
F31A05.wav, sad,sad,happy,neutral,angry 
F12N01.wav, sad,sad,neutral,happy,angry 
M09A12.wav, sad,sad,neutral,angry,happy 
M47N07.wav, neutral,neutral,happy,angry,sad 
M55N06.wav, neutral,neutral,angry,sad,happy 
F07H09.wav, neutral,neutral,angry,sad,happy 
M31A03.wav, sad,sad,neutral,angry,happy 
F09A01.wav, sad,sad,neutral,happy,angry 
F13A12.wav, sad,sad,neutral,angry,happy 
F25A01.wav, happy,happy,neutral,angry,sad 
M04N35.wav, sad,sad,neutral,angry,happy 
M51N22.wav, sad,sad,neutral,angry,happy 
F23A15.wav, sad,sad,angry,neutral,happy 
M02A02.wav, angry,angry,sad,neutral,happy 
M21N01.wav, happy,happy,sad,neutral,angry 
F02S09.wav, sad,sad,angry,happy,neutral 
M18N11.wav, sad,sad,angry,neutral,happy 
M26N08.wav, happy,happy,neutral,angry,sad 
F30H04.wav, sad,sad,angry,neutral,happy 
M44N23.wav, sad,sad,neutral,angry,happy 
F06H02.wav, neutral,neutral,sad,angry,happy 
M25A08.wav, sad,sad,happy,neutral,angry 
F24A28.wav, sad,sad,neutral,happy,angry 
M37N14.wav, sad,sad,happy,neutral,angry 
F07A29.wav, happy,happy,sad,angry,neutral 
F24A37.wav, sad,sad,happy,neutral,angry 
M12A07.wav, sad,sad,angry,neutral,happy 
F22N01.wav, sad,sad,neutral,angry,happy 
M12A26.wav, happy,happy,angry,neutral,sad 
M21N06.wav, neutral,neutral,happy,sad,angry 
F24N05.wav, neutral,neutral,sad,angry,happy 
F09N07.wav, neutral,neutral,angry,sad,happy 
F26S01.wav, sad,sad,angry,neutral,happy 
M03A44.wav, sad,sad,angry,neutral,happy 
M09A15.wav, sad,sad,neutral,angry,happy 
F01A07.wav, sad,sad,neutral,happy,angry 
M22A06.wav, angry,angry,neutral,sad,happy 
M25A70.wav, neutral,neutral,sad,angry,happy 
M04N55.wav, sad,sad,angry,neutral,happy 
M03S16.wav, sad,sad,neutral,angry,happy 
M29A11.wav, sad,sad,neutral,angry,happy 
M23A02.wav, sad,sad,neutral,happy,angry 
F10A46.wav, sad,sad,neutral,angry,happy 
M25A51.wav, sad,sad,neutral,happy,angry 
M55H01.wav, happy,happy,angry,neutral,sad 
M21A04.wav, angry,angry,happy,neutral,sad 
M27N50.wav, sad,sad,neutral,angry,happy 
M02N17.wav, sad,sad,neutral,angry,happy 
F08N01.wav, neutral,neutral,sad,angry,happy 
M32S01.wav, neutral,neutral,angry,sad,happy 
M03A36.wav, sad,sad,neutral,happy,angry 
F22N03.wav, happy,happy,angry,sad,neutral 
M46N09.wav, sad,sad,neutral,happy,angry 
F07A37.wav, sad,sad,angry,neutral,happy 
M40N36.wav, sad,sad,angry,neutral,happy 
F01S16.wav, sad,sad,neutral,angry,happy 
M40A02.wav, happy,happy,sad,neutral,angry 
M26N02.wav, neutral,neutral,sad,angry,happy 
M27A01.wav, happy,happy,sad,angry,neutral 
M12N87.wav, happy,happy,neutral,angry,sad 
M20N06.wav, sad,sad,neutral,angry,happy 
M24A02.wav, angry,angry,neutral,sad,happy 
M25A31.wav, sad,sad,happy,angry,neutral 
F07H10.wav, sad,sad,happy,neutral,angry 
M32S02.wav, angry,angry,sad,neutral,happy 
M25A64.wav, happy,happy,angry,sad,neutral 
F30H05.wav, neutral,neutral,angry,sad,happy 
M26A06.wav, sad,sad,angry,neutral,happy 
M37S02.wav, sad,sad,neutral,happy,angry 
F05N01.wav, neutral,neutral,angry,happy,sad 
M28A34.wav, happy,happy,neutral,sad,angry 
F04A03.wav, sad,sad,angry,neutral,happy 
F03A01.wav, sad,sad,angry,happy,neutral 
F22A07.wav, sad,sad,angry,neutral,happy 
M34A03.wav, sad,sad,neutral,happy,angry 
M03A22.wav, happy,happy,sad,angry,neutral 
F26N02.wav, sad,sad,neutral,happy,angry 
M44H03.wav, angry,angry,sad,neutral,happy 
M27N60.wav, sad,sad,angry,neutral,happy 
F24A61.wav, happy,happy,angry,neutral,sad 
F21A31.wav, sad,sad,happy,neutral,angry 
M26A28.wav, neutral,neutral,sad,happy,angry 
F24A54.wav, happy,happy,angry,neutral,sad 
F21S09.wav, sad,sad,happy,angry,neutral 
M04N79.wav, sad,sad,neutral,angry,happy 
M43N01.wav, happy,happy,neutral,sad,angry 
F07A61.wav, sad,sad,happy,neutral,angry 
M26A30.wav, happy,happy,sad,neutral,angry 
M29A04.wav, happy,happy,angry,sad,neutral 
F18S02.wav, happy,happy,neutral,angry,sad 
M25S03.wav, sad,sad,angry,neutral,happy 
F21A57.wav, sad,sad,angry,neutral,happy 
M26N06.wav, sad,sad,happy,neutral,angry 
M51N16.wav, neutral,neutral,sad,angry,happy 
M25A06.wav, happy,happy,angry,neutral,sad 
M05S02.wav, sad,sad,happy,neutral,angry 
M18N04.wav, sad,sad,neutral,angry,happy 
F09A02.wav, neutral,neutral,angry,happy,sad 
M34N01.wav, neutral,neutral,angry,happy,sad 
F11A01.wav, angry,angry,sad,neutral,happy 
M42A13.wav, sad,sad,happy,neutral,angry 
M12A35.wav, happy,happy,sad,neutral,angry 
M12S08.wav, sad,sad,neutral,angry,happy 
M16A02.wav, neutral,neutral,sad,happy,angry 
M25A35.wav, sad,sad,neutral,happy,angry 
F29N04.wav, sad,sad,angry,neutral,happy 
M48N02.wav, angry,angry,happy,sad,neutral 
F21A43.wav, angry,angry,happy,neutral,sad 
F21A27.wav, sad,sad,neutral,happy,angry 
M04N22.wav, sad,sad,neutral,angry,happy 
M19N04.wav, neutral,neutral,angry,sad,happy 
M26A25.wav, happy,happy,angry,neutral,sad 
M12S03.wav, sad,sad,angry,happy,neutral 
