M26A01.wav, angry,angry,sad,neutral,happy,surprised,fearful
M26W04.wav, sad,sad,angry,neutral,happy,surprised,fearful
M44H04.wav, neutral,neutral,sad,angry,happy,surprised,fearful
M27N13.wav, sad,sad,neutral,angry,happy,surprised,fearful
F21N16.wav, sad,sad,neutral,angry,happy,surprised,fearful
M09A14.wav, neutral,neutral,sad,angry,happy,surprised,fearful
M55N04.wav, sad,sad,neutral,angry,happy,surprised,fearful
M19A02.wav, neutral,neutral,sad,angry,happy,surprised,fearful
F03A02.wav, angry,angry,neutral,sad,happy,surprised,fearful
F05N46.wav, sad,sad,neutral,angry,happy,surprised,fearful
M40A02.wav, neutral,neutral,angry,sad,happy,surprised,fearful
M25A25.wav, sad,sad,angry,neutral,happy,surprised,fearful
M09A05.wav, neutral,neutral,sad,angry,happy,surprised,fearful
M11H02.wav, sad,sad,neutral,angry,happy,surprised,fearful
M25A29.wav, neutral,neutral,angry,sad,happy,surprised,fearful
F10A02.wav, sad,sad,neutral,angry,happy,surprised,fearful
M29A01.wav, sad,sad,angry,neutral,happy,surprised,fearful
F06H01.wav, sad,sad,neutral,angry,happy,surprised,fearful
F17S01.wav, sad,sad,neutral,angry,surprised,happy,fearful
M19N02.wav, sad,sad,neutral,angry,happy,surprised,fearful
F17S10.wav, sad,sad,angry,neutral,surprised,happy,fearful
M43W06.wav, sad,sad,neutral,angry,surprised,happy,fearful
F21S30.wav, sad,sad,neutral,angry,happy,surprised,fearful
M12W09.wav, neutral,neutral,sad,angry,happy,surprised,fearful
M22S01.wav, sad,sad,neutral,angry,happy,surprised,fearful
M27A01.wav, sad,sad,angry,neutral,happy,surprised,fearful
F29N02.wav, sad,sad,neutral,angry,happy,surprised,fearful
M28N10.wav, sad,sad,neutral,angry,happy,surprised,fearful
F10A15.wav, sad,sad,neutral,angry,happy,surprised,fearful
M47N14.wav, neutral,neutral,sad,angry,happy,surprised,fearful
M50A11.wav, sad,sad,angry,neutral,happy,surprised,fearful
M26A02.wav, sad,sad,neutral,angry,happy,surprised,fearful
F15A06.wav, neutral,neutral,sad,angry,happy,surprised,fearful
F07S33.wav, sad,sad,neutral,angry,happy,surprised,fearful
M25N02.wav, neutral,neutral,angry,sad,happy,surprised,fearful
F30H04.wav, neutral,neutral,sad,angry,happy,surprised,fearful
M22A04.wav, neutral,neutral,sad,angry,happy,surprised,fearful
M03A31.wav, neutral,neutral,sad,angry,happy,surprised,fearful
M53N14.wav, sad,sad,neutral,angry,happy,surprised,fearful
M04N58.wav, neutral,neutral,sad,angry,happy,surprised,fearful
M05N14.wav, sad,sad,neutral,angry,happy,surprised,fearful
F21W14.wav, angry,angry,neutral,sad,happy,surprised,fearful
M04S03.wav, sad,sad,neutral,surprised,angry,happy,fearful
M37N06.wav, sad,sad,neutral,angry,happy,surprised,fearful
M16A28.wav, neutral,neutral,sad,angry,happy,surprised,fearful
F24A29.wav, neutral,neutral,sad,angry,happy,surprised,fearful
M15A13.wav, neutral,neutral,sad,angry,happy,surprised,fearful
F10A29.wav, sad,sad,neutral,angry,happy,surprised,fearful
M32S02.wav, sad,sad,neutral,angry,surprised,happy,fearful
M21N10.wav, sad,sad,neutral,angry,happy,surprised,fearful
F03A01.wav, neutral,neutral,angry,sad,happy,surprised,fearful
M22N01.wav, sad,sad,neutral,angry,happy,surprised,fearful
M28S08.wav, sad,sad,neutral,surprised,angry,happy,fearful
F21W02.wav, sad,sad,neutral,angry,happy,surprised,fearful
M41A01.wav, neutral,neutral,angry,sad,happy,surprised,fearful
F09S18.wav, sad,sad,neutral,angry,happy,surprised,fearful
F28H01.wav, sad,sad,neutral,angry,surprised,happy,fearful
M12N69.wav, neutral,neutral,sad,angry,happy,surprised,fearful
M26A38.wav, neutral,neutral,sad,angry,happy,surprised,fearful
M16N01.wav, sad,sad,angry,neutral,happy,surprised,fearful
M12S05.wav, neutral,neutral,sad,angry,happy,surprised,fearful
F21A57.wav, sad,sad,neutral,angry,surprised,happy,fearful
M10N01.wav, angry,angry,neutral,sad,happy,surprised,fearful
F09A06.wav, sad,sad,neutral,angry,happy,surprised,fearful
M26A18.wav, sad,sad,angry,neutral,happy,surprised,fearful
M49N05.wav, sad,sad,neutral,angry,surprised,happy,fearful
M28A15.wav, sad,sad,neutral,angry,happy,surprised,fearful
F02S15.wav, sad,sad,neutral,angry,happy,surprised,fearful
M28N06.wav, sad,sad,neutral,angry,happy,surprised,fearful
M28N07.wav, neutral,neutral,sad,angry,happy,surprised,fearful
M47N10.wav, neutral,neutral,sad,angry,happy,surprised,fearful
M02N08.wav, sad,sad,neutral,angry,happy,surprised,fearful
M27N17.wav, sad,sad,neutral,angry,happy,surprised,fearful
F21A23.wav, sad,sad,neutral,angry,happy,surprised,fearful
F24W22.wav, sad,sad,neutral,angry,happy,surprised,fearful
M07H02.wav, neutral,neutral,sad,angry,happy,surprised,fearful
M25W10.wav, sad,sad,neutral,angry,happy,surprised,fearful
F21A11.wav, neutral,neutral,sad,angry,happy,surprised,fearful
M02N03.wav, neutral,neutral,sad,angry,happy,surprised,fearful
M20W03.wav, sad,sad,neutral,angry,happy,surprised,fearful
F01H03.wav, sad,sad,neutral,angry,surprised,happy,fearful
F05N33.wav, sad,sad,neutral,angry,happy,surprised,fearful
M48A04.wav, sad,sad,angry,neutral,happy,surprised,fearful
F07A29.wav, sad,sad,angry,neutral,happy,surprised,fearful
M12N14.wav, neutral,neutral,sad,angry,happy,surprised,fearful
M02A12.wav, angry,angry,sad,neutral,happy,surprised,fearful
F06H04.wav, sad,sad,neutral,angry,happy,surprised,fearful
F24W25.wav, sad,sad,neutral,angry,happy,surprised,fearful
M28N05.wav, sad,sad,neutral,angry,happy,surprised,fearful
M28A16.wav, angry,angry,neutral,sad,happy,surprised,fearful
M43A11.wav, sad,sad,angry,neutral,happy,surprised,fearful
M08H03.wav, sad,sad,neutral,angry,surprised,happy,fearful
F22H01.wav, sad,sad,angry,neutral,happy,surprised,fearful
M40N38.wav, neutral,neutral,sad,angry,happy,surprised,fearful
M31N09.wav, sad,sad,neutral,angry,surprised,happy,fearful
M04N57.wav, neutral,neutral,sad,angry,happy,surprised,fearful
F27A02.wav, neutral,neutral,sad,angry,happy,surprised,fearful
F21W20.wav, sad,sad,angry,neutral,surprised,happy,fearful
M25A65.wav, neutral,neutral,angry,sad,happy,surprised,fearful
M50A04.wav, neutral,neutral,angry,sad,happy,surprised,fearful
M20N05.wav, sad,sad,neutral,angry,happy,surprised,fearful
M43A17.wav, sad,sad,neutral,angry,happy,surprised,fearful
M45W01.wav, sad,sad,neutral,angry,happy,surprised,fearful
F19N25.wav, sad,sad,neutral,angry,happy,surprised,fearful
M14S01.wav, sad,sad,neutral,surprised,angry,happy,fearful
M12S07.wav, sad,sad,neutral,angry,happy,surprised,fearful
M46N07.wav, sad,sad,neutral,angry,happy,surprised,fearful
M53N06.wav, neutral,neutral,sad,angry,happy,surprised,fearful
M30N04.wav, neutral,neutral,angry,sad,happy,surprised,fearful
M03A17.wav, sad,sad,neutral,angry,happy,surprised,fearful
F05N55.wav, sad,sad,neutral,angry,happy,surprised,fearful
M51N03.wav, sad,sad,neutral,angry,happy,surprised,fearful
F24A52.wav, neutral,neutral,sad,angry,happy,surprised,fearful
F30S02.wav, neutral,neutral,sad,angry,happy,surprised,fearful
M33A01.wav, angry,angry,neutral,sad,happy,surprised,fearful
M12N45.wav, sad,sad,neutral,angry,surprised,happy,fearful
M16H05.wav, sad,sad,neutral,angry,surprised,happy,fearful
M44N22.wav, neutral,neutral,sad,angry,happy,surprised,fearful
M11H06.wav, sad,sad,neutral,angry,happy,surprised,fearful
F28A04.wav, neutral,neutral,sad,angry,happy,surprised,fearful
M25A07.wav, neutral,neutral,angry,sad,happy,surprised,fearful
M02N11.wav, neutral,neutral,angry,sad,happy,surprised,fearful
F12A02.wav, neutral,neutral,sad,angry,happy,surprised,fearful
M12A11.wav, neutral,neutral,angry,sad,happy,surprised,fearful
M20A05.wav, neutral,neutral,sad,angry,happy,surprised,fearful
M15N03.wav, sad,sad,neutral,angry,happy,surprised,fearful
M12A08.wav, neutral,neutral,sad,angry,happy,surprised,fearful
M48S02.wav, sad,sad,neutral,angry,happy,surprised,fearful
F12A12.wav, sad,sad,neutral,angry,happy,surprised,fearful
M05S04.wav, sad,sad,neutral,angry,surprised,happy,fearful
M27N40.wav, neutral,neutral,sad,angry,surprised,happy,fearful
M28N22.wav, sad,sad,neutral,angry,happy,surprised,fearful
M48N06.wav, sad,sad,neutral,angry,surprised,happy,fearful
F10A31.wav, sad,sad,neutral,angry,happy,surprised,fearful
F02S01.wav, sad,sad,neutral,angry,happy,surprised,fearful
F22S12.wav, sad,sad,neutral,angry,surprised,happy,fearful
M50A07.wav, sad,sad,neutral,angry,happy,surprised,fearful
F01S23.wav, sad,sad,neutral,angry,happy,surprised,fearful
F12N02.wav, sad,sad,neutral,angry,happy,surprised,fearful
F22S04.wav, sad,sad,neutral,angry,happy,surprised,fearful
M32S03.wav, sad,sad,neutral,angry,surprised,happy,fearful
F05N07.wav, sad,sad,neutral,angry,happy,surprised,fearful
M19S03.wav, sad,sad,neutral,angry,happy,surprised,fearful
M22N19.wav, sad,sad,neutral,angry,happy,surprised,fearful
F30F02.wav, sad,sad,neutral,angry,happy,surprised,fearful
M25A27.wav, neutral,neutral,angry,sad,happy,surprised,fearful
M04N77.wav, sad,sad,neutral,angry,happy,surprised,fearful
F13A01.wav, sad,sad,neutral,angry,happy,surprised,fearful
F05N11.wav, sad,sad,neutral,angry,happy,surprised,fearful
M29A17.wav, sad,sad,neutral,angry,happy,surprised,fearful
M03S12.wav, sad,sad,angry,neutral,happy,surprised,fearful
M03A46.wav, angry,angry,neutral,sad,happy,surprised,fearful
F03A10.wav, angry,angry,sad,neutral,happy,surprised,fearful
M41A06.wav, neutral,neutral,angry,sad,happy,surprised,fearful
M26N06.wav, neutral,neutral,sad,angry,happy,surprised,fearful
F21H13.wav, sad,sad,neutral,angry,happy,surprised,fearful
M03A44.wav, sad,sad,neutral,angry,happy,surprised,fearful
F07H13.wav, sad,sad,neutral,angry,happy,surprised,fearful
F22S09.wav, sad,sad,neutral,angry,happy,surprised,fearful
F24H13.wav, neutral,neutral,sad,angry,happy,surprised,fearful
F24N01.wav, sad,sad,neutral,angry,happy,surprised,fearful
M28A06.wav, neutral,neutral,sad,angry,happy,surprised,fearful
F22S03.wav, sad,sad,neutral,angry,happy,surprised,fearful
F28A26.wav, sad,sad,neutral,angry,happy,surprised,fearful
F03W01.wav, angry,angry,sad,neutral,happy,surprised,fearful
F21S07.wav, neutral,neutral,angry,sad,happy,surprised,fearful
M02N02.wav, sad,sad,neutral,angry,happy,surprised,fearful
M18N13.wav, neutral,neutral,sad,angry,happy,surprised,fearful
F07N03.wav, neutral,neutral,sad,angry,happy,surprised,fearful
F07H10.wav, neutral,neutral,sad,angry,happy,surprised,fearful
F22S08.wav, sad,sad,neutral,angry,surprised,happy,fearful
F14N01.wav, sad,sad,neutral,surprised,angry,happy,fearful
M21F01.wav, neutral,neutral,sad,angry,happy,surprised,fearful
M45N03.wav, neutral,neutral,sad,angry,happy,surprised,fearful
F30N06.wav, sad,sad,neutral,angry,happy,surprised,fearful
M50A10.wav, neutral,neutral,sad,angry,happy,surprised,fearful
F12N08.wav, sad,sad,neutral,angry,happy,surprised,fearful
F02S12.wav, sad,sad,neutral,angry,happy,surprised,fearful
M28S22.wav, neutral,neutral,sad,angry,happy,surprised,fearful
M04S04.wav, sad,sad,neutral,angry,happy,surprised,fearful
F24S11.wav, sad,sad,neutral,angry,happy,surprised,fearful
M18N09.wav, neutral,neutral,sad,angry,happy,surprised,fearful
M25A46.wav, neutral,neutral,angry,sad,happy,surprised,fearful
M28N25.wav, sad,sad,neutral,angry,happy,surprised,fearful
M26W01.wav, sad,sad,neutral,angry,happy,surprised,fearful
F20H02.wav, neutral,neutral,sad,angry,happy,surprised,fearful
M09S01.wav, sad,sad,neutral,angry,happy,surprised,fearful
M53N25.wav, sad,sad,neutral,angry,surprised,happy,fearful
F21A29.wav, sad,sad,neutral,angry,happy,surprised,fearful
M40N21.wav, sad,sad,neutral,angry,happy,surprised,fearful
F02S05.wav, sad,sad,angry,neutral,happy,surprised,fearful
M43N01.wav, sad,sad,neutral,angry,happy,surprised,fearful
M45N04.wav, sad,sad,neutral,angry,happy,surprised,fearful
M28A05.wav, neutral,neutral,sad,angry,happy,surprised,fearful
F05N40.wav, sad,sad,neutral,angry,happy,surprised,fearful
F07A37.wav, neutral,neutral,angry,sad,happy,surprised,fearful
F02H01.wav, sad,sad,neutral,angry,happy,surprised,fearful
M44N10.wav, neutral,neutral,sad,angry,happy,surprised,fearful
M51N07.wav, sad,sad,neutral,angry,surprised,happy,fearful
F03W07.wav, sad,sad,neutral,angry,happy,surprised,fearful
F24W16.wav, neutral,neutral,sad,angry,happy,surprised,fearful
M12N73.wav, angry,angry,sad,neutral,happy,surprised,fearful
M27N02.wav, sad,sad,neutral,angry,happy,surprised,fearful
F05N13.wav, sad,sad,neutral,angry,happy,surprised,fearful
F11N07.wav, sad,sad,neutral,angry,surprised,happy,fearful
M07N07.wav, sad,sad,neutral,angry,happy,surprised,fearful
F05W02.wav, neutral,neutral,sad,angry,happy,surprised,fearful
F28A07.wav, sad,sad,neutral,angry,happy,surprised,fearful
F07A64.wav, sad,sad,neutral,angry,happy,surprised,fearful
M12A17.wav, angry,angry,neutral,sad,happy,surprised,fearful
F21H06.wav, sad,sad,neutral,angry,happy,surprised,fearful
M16A04.wav, sad,sad,neutral,angry,happy,surprised,fearful
F25A06.wav, angry,angry,neutral,sad,happy,surprised,fearful
M04S02.wav, sad,sad,neutral,angry,happy,surprised,fearful
F10A43.wav, neutral,neutral,sad,angry,happy,surprised,fearful
M50N01.wav, angry,angry,sad,neutral,happy,surprised,fearful
M12N78.wav, neutral,neutral,sad,angry,happy,surprised,fearful
F06H11.wav, sad,sad,neutral,angry,happy,surprised,fearful
M48W01.wav, sad,sad,neutral,angry,surprised,happy,fearful
M44H08.wav, sad,sad,neutral,angry,happy,surprised,fearful
M22N15.wav, sad,sad,neutral,angry,happy,surprised,fearful
M27N53.wav, sad,sad,neutral,angry,happy,surprised,fearful
F05N41.wav, sad,sad,neutral,angry,happy,surprised,fearful
M27N41.wav, neutral,neutral,sad,angry,happy,surprised,fearful
M28A32.wav, neutral,neutral,sad,angry,happy,surprised,fearful
M28S16.wav, sad,sad,neutral,angry,happy,surprised,fearful
M25N14.wav, neutral,neutral,sad,angry,happy,surprised,fearful
M32W01.wav, sad,sad,neutral,angry,happy,surprised,fearful
M03N06.wav, neutral,neutral,angry,sad,happy,surprised,fearful
F24S20.wav, sad,sad,neutral,angry,happy,surprised,fearful
F24H03.wav, neutral,neutral,sad,angry,happy,surprised,fearful
M27N20.wav, sad,sad,neutral,angry,surprised,happy,fearful
F21H12.wav, sad,sad,neutral,angry,happy,surprised,fearful
M12N13.wav, neutral,neutral,sad,angry,happy,surprised,fearful
M03A34.wav, neutral,neutral,sad,angry,happy,surprised,fearful
M29A06.wav, neutral,neutral,sad,angry,happy,surprised,fearful
M22N31.wav, sad,sad,neutral,angry,happy,surprised,fearful
F24A57.wav, neutral,neutral,sad,angry,happy,surprised,fearful
F22H04.wav, sad,sad,neutral,angry,happy,surprised,fearful
M44N20.wav, sad,sad,neutral,angry,happy,surprised,fearful
F21F02.wav, sad,sad,neutral,angry,happy,surprised,fearful
M21H01.wav, sad,sad,neutral,angry,happy,surprised,fearful
M28N16.wav, sad,sad,neutral,angry,surprised,happy,fearful
M38N08.wav, sad,sad,neutral,angry,happy,surprised,fearful
M05A02.wav, neutral,neutral,angry,sad,happy,surprised,fearful
M28S07.wav, sad,sad,neutral,surprised,angry,happy,fearful
F07H05.wav, sad,sad,neutral,angry,happy,surprised,fearful
F21W03.wav, angry,angry,sad,neutral,happy,surprised,fearful
M28S14.wav, sad,sad,neutral,angry,surprised,happy,fearful
M36S04.wav, sad,sad,neutral,angry,surprised,happy,fearful
M04N17.wav, neutral,neutral,sad,angry,happy,surprised,fearful
M43A16.wav, sad,sad,neutral,angry,happy,surprised,fearful
F17S07.wav, sad,sad,neutral,angry,happy,surprised,fearful
M44N04.wav, sad,sad,neutral,angry,surprised,happy,fearful
M09A15.wav, sad,sad,neutral,angry,happy,surprised,fearful
M04A08.wav, neutral,neutral,sad,angry,happy,surprised,fearful
M28S06.wav, sad,sad,neutral,angry,surprised,happy,fearful
M53A04.wav, sad,sad,angry,neutral,happy,surprised,fearful
M02S01.wav, sad,sad,neutral,angry,happy,surprised,fearful
F24H08.wav, neutral,neutral,sad,angry,happy,surprised,fearful
M12A24.wav, angry,angry,neutral,sad,happy,surprised,fearful
M12A32.wav, angry,angry,neutral,sad,happy,surprised,fearful
F02A03.wav, sad,sad,neutral,angry,happy,surprised,fearful
F28A18.wav, sad,sad,neutral,angry,happy,surprised,fearful
M12N76.wav, sad,sad,neutral,angry,happy,surprised,fearful
M12N34.wav, neutral,neutral,sad,angry,happy,surprised,fearful
M51N01.wav, sad,sad,neutral,angry,surprised,happy,fearful
M27N15.wav, neutral,neutral,sad,angry,happy,surprised,fearful
M25S08.wav, sad,sad,neutral,angry,happy,surprised,fearful
F05N29.wav, sad,sad,neutral,angry,happy,surprised,fearful
F24A54.wav, angry,angry,neutral,sad,happy,surprised,fearful
M30A04.wav, neutral,neutral,sad,angry,happy,surprised,fearful
F09H01.wav, sad,sad,neutral,angry,happy,surprised,fearful
F24A35.wav, sad,sad,neutral,angry,surprised,happy,fearful
F09H04.wav, sad,sad,angry,neutral,happy,surprised,fearful
F19N37.wav, sad,sad,neutral,angry,happy,surprised,fearful
M36N03.wav, neutral,neutral,sad,angry,happy,surprised,fearful
M53N03.wav, sad,sad,neutral,angry,happy,surprised,fearful
M12A48.wav, angry,angry,neutral,sad,happy,surprised,fearful
M12A53.wav, sad,sad,neutral,angry,happy,surprised,fearful
F19N32.wav, neutral,neutral,sad,angry,happy,surprised,fearful
M12A37.wav, neutral,neutral,sad,angry,happy,surprised,fearful
F01W02.wav, sad,sad,neutral,angry,surprised,happy,fearful
M27N38.wav, sad,sad,neutral,angry,surprised,happy,fearful
M22N24.wav, sad,sad,neutral,angry,surprised,happy,fearful
M17S01.wav, sad,sad,neutral,angry,surprised,happy,fearful
M41W02.wav, sad,sad,neutral,angry,surprised,happy,fearful
F24S12.wav, neutral,neutral,sad,angry,happy,surprised,fearful
F22A04.wav, neutral,neutral,sad,angry,happy,surprised,fearful
F24W05.wav, sad,sad,angry,neutral,happy,surprised,fearful
M12A27.wav, neutral,neutral,sad,angry,happy,surprised,fearful
F04A11.wav, sad,sad,neutral,angry,happy,surprised,fearful
M12S04.wav, angry,angry,neutral,sad,happy,surprised,fearful
M06S07.wav, sad,sad,neutral,angry,happy,surprised,fearful
F21N06.wav, sad,sad,neutral,angry,happy,surprised,fearful
M25A48.wav, neutral,neutral,sad,angry,happy,surprised,fearful
F24H18.wav, sad,sad,neutral,angry,happy,surprised,fearful
F23A09.wav, angry,angry,neutral,sad,happy,surprised,fearful
F29H01.wav, sad,sad,neutral,angry,happy,surprised,fearful
F03A08.wav, neutral,neutral,sad,angry,happy,surprised,fearful
M21A01.wav, sad,sad,neutral,angry,happy,surprised,fearful
M38N04.wav, sad,sad,neutral,angry,happy,surprised,fearful
M55N03.wav, sad,sad,neutral,angry,happy,surprised,fearful
F03A07.wav, angry,angry,sad,neutral,happy,surprised,fearful
F21S39.wav, neutral,neutral,sad,angry,happy,surprised,fearful
F21H01.wav, neutral,neutral,sad,angry,happy,surprised,fearful
F12N05.wav, sad,sad,neutral,angry,happy,surprised,fearful
M28A36.wav, neutral,neutral,sad,angry,happy,surprised,fearful
M04A10.wav, neutral,neutral,sad,angry,happy,surprised,fearful
M13H03.wav, sad,sad,neutral,angry,happy,surprised,fearful
M09A12.wav, neutral,neutral,sad,angry,happy,surprised,fearful
M42A03.wav, sad,sad,angry,neutral,happy,surprised,fearful
M12N35.wav, neutral,neutral,sad,angry,happy,surprised,fearful
F21A49.wav, sad,sad,neutral,angry,happy,surprised,fearful
F03N04.wav, sad,sad,neutral,angry,happy,surprised,fearful
M22N29.wav, sad,sad,neutral,angry,happy,surprised,fearful
M28N14.wav, neutral,neutral,sad,angry,happy,surprised,fearful
F24H09.wav, sad,sad,neutral,angry,happy,surprised,fearful
M27W01.wav, sad,sad,neutral,angry,happy,surprised,fearful
F10A16.wav, neutral,neutral,sad,angry,happy,surprised,fearful
M18S01.wav, neutral,neutral,sad,angry,happy,surprised,fearful
M31N13.wav, sad,sad,neutral,angry,happy,surprised,fearful
M38N11.wav, angry,angry,sad,neutral,happy,surprised,fearful
M05W02.wav, sad,sad,neutral,angry,happy,surprised,fearful
M50A02.wav, sad,sad,neutral,angry,surprised,happy,fearful
M24S02.wav, sad,sad,neutral,angry,happy,surprised,fearful
M04N37.wav, neutral,neutral,sad,angry,happy,surprised,fearful
M04N49.wav, neutral,neutral,sad,angry,happy,surprised,fearful
M25A51.wav, neutral,neutral,sad,angry,happy,surprised,fearful
M40N15.wav, sad,sad,neutral,angry,happy,surprised,fearful
F07A19.wav, neutral,neutral,sad,angry,happy,surprised,fearful
M53A11.wav, sad,sad,neutral,angry,happy,surprised,fearful
F07A40.wav, sad,sad,angry,neutral,happy,surprised,fearful
M24S01.wav, sad,sad,neutral,angry,surprised,happy,fearful
F05N37.wav, sad,sad,neutral,angry,happy,surprised,fearful
M26A31.wav, neutral,neutral,sad,angry,happy,surprised,fearful
M48N02.wav, sad,sad,neutral,angry,surprised,happy,fearful
M12A12.wav, sad,sad,neutral,angry,happy,surprised,fearful
M41W03.wav, angry,angry,neutral,sad,happy,surprised,fearful
F22A09.wav, sad,sad,neutral,angry,happy,surprised,fearful
F24W03.wav, sad,sad,neutral,angry,happy,surprised,fearful
M26A12.wav, sad,sad,neutral,angry,happy,surprised,fearful
M39H01.wav, neutral,neutral,sad,angry,happy,surprised,fearful
M04N34.wav, neutral,neutral,sad,angry,happy,surprised,fearful
M44F01.wav, sad,sad,neutral,angry,surprised,happy,fearful
M20N01.wav, sad,sad,neutral,angry,happy,surprised,fearful
F10A05.wav, neutral,neutral,sad,angry,happy,surprised,fearful
M31A02.wav, neutral,neutral,sad,angry,happy,surprised,fearful
M25A19.wav, neutral,neutral,angry,sad,happy,surprised,fearful
M12N82.wav, neutral,neutral,angry,sad,happy,surprised,fearful
F13W03.wav, sad,sad,neutral,angry,surprised,happy,fearful
M04N08.wav, neutral,neutral,sad,angry,happy,surprised,fearful
F07S35.wav, sad,sad,neutral,angry,happy,surprised,fearful
F30S01.wav, neutral,neutral,sad,angry,happy,surprised,fearful
M37N12.wav, sad,sad,neutral,angry,happy,surprised,fearful
M27N10.wav, sad,sad,neutral,angry,happy,surprised,fearful
F05N09.wav, neutral,neutral,sad,angry,happy,surprised,fearful
M12A69.wav, sad,sad,neutral,angry,happy,surprised,fearful
M03S01.wav, sad,sad,angry,neutral,happy,surprised,fearful
F07S34.wav, sad,sad,angry,neutral,happy,surprised,fearful
F21A56.wav, sad,sad,neutral,angry,surprised,happy,fearful
M40N26.wav, sad,sad,neutral,angry,happy,surprised,fearful
M34A03.wav, sad,sad,neutral,angry,happy,surprised,fearful
F04A10.wav, sad,sad,neutral,angry,happy,surprised,fearful
M25A34.wav, neutral,neutral,sad,angry,happy,surprised,fearful
M04N13.wav, neutral,neutral,sad,angry,happy,surprised,fearful
F11N08.wav, sad,sad,neutral,angry,surprised,happy,fearful
F31A11.wav, sad,sad,neutral,angry,happy,surprised,fearful
F22A02.wav, sad,sad,angry,neutral,happy,surprised,fearful
M04N76.wav, sad,sad,neutral,angry,happy,surprised,fearful
M21N04.wav, sad,sad,neutral,angry,happy,surprised,fearful
F01S18.wav, sad,sad,neutral,angry,surprised,happy,fearful
M46A06.wav, sad,sad,neutral,angry,happy,surprised,fearful
M17A01.wav, sad,sad,angry,neutral,happy,surprised,fearful
F09A09.wav, sad,sad,neutral,angry,happy,surprised,fearful
M12N79.wav, neutral,neutral,angry,sad,happy,surprised,fearful
M18N08.wav, sad,sad,neutral,angry,happy,surprised,fearful
F21A39.wav, sad,sad,neutral,angry,happy,surprised,fearful
M10A02.wav, sad,sad,neutral,angry,happy,surprised,fearful
M02N14.wav, neutral,neutral,sad,angry,happy,surprised,fearful
M40N23.wav, sad,sad,neutral,angry,happy,surprised,fearful
F24A20.wav, sad,sad,angry,neutral,happy,surprised,fearful
F17W01.wav, angry,angry,neutral,sad,happy,surprised,fearful
M28N12.wav, sad,sad,neutral,angry,happy,surprised,fearful
F22A08.wav, neutral,neutral,sad,angry,happy,surprised,fearful
M20W02.wav, sad,sad,neutral,angry,surprised,happy,fearful
M16A20.wav, sad,sad,angry,neutral,happy,surprised,fearful
M37N08.wav, neutral,neutral,sad,angry,happy,surprised,fearful
F21A36.wav, sad,sad,neutral,angry,happy,surprised,fearful
F31A10.wav, sad,sad,neutral,angry,happy,surprised,fearful
M12S03.wav, sad,sad,neutral,angry,happy,surprised,fearful
M12A01.wav, angry,angry,neutral,sad,happy,surprised,fearful
M12N86.wav, sad,sad,angry,neutral,happy,surprised,fearful
F19N31.wav, sad,sad,neutral,angry,happy,surprised,fearful
F23N03.wav, sad,sad,neutral,angry,happy,surprised,fearful
F10N01.wav, neutral,neutral,sad,angry,happy,surprised,fearful
F24S08.wav, sad,sad,neutral,angry,happy,surprised,fearful
F01N05.wav, sad,sad,neutral,angry,happy,surprised,fearful
M25A63.wav, neutral,neutral,sad,angry,happy,surprised,fearful
M25H03.wav, neutral,neutral,sad,angry,happy,surprised,fearful
F23H05.wav, angry,angry,sad,neutral,happy,surprised,fearful
M49N01.wav, sad,sad,neutral,angry,happy,surprised,fearful
F11W01.wav, sad,sad,neutral,angry,happy,surprised,fearful
F21N21.wav, neutral,neutral,sad,angry,happy,surprised,fearful
M47S01.wav, sad,sad,neutral,angry,happy,surprised,fearful
F19N26.wav, neutral,neutral,sad,angry,happy,surprised,fearful
M03A06.wav, sad,sad,angry,neutral,happy,surprised,fearful
F19N38.wav, neutral,neutral,sad,angry,happy,surprised,fearful
F21A42.wav, angry,angry,sad,neutral,happy,surprised,fearful
F12A11.wav, neutral,neutral,sad,angry,happy,surprised,fearful
F14N06.wav, sad,sad,neutral,angry,happy,surprised,fearful
M04N66.wav, sad,sad,neutral,angry,happy,surprised,fearful
F07A34.wav, neutral,neutral,sad,angry,happy,surprised,fearful
M52N01.wav, sad,sad,neutral,angry,happy,surprised,fearful
M53A06.wav, neutral,neutral,sad,angry,happy,surprised,fearful
M17N08.wav, sad,sad,neutral,angry,happy,surprised,fearful
F01A01.wav, sad,sad,neutral,angry,happy,surprised,fearful
F07S26.wav, sad,sad,neutral,angry,surprised,happy,fearful
M22N23.wav, sad,sad,neutral,angry,happy,surprised,fearful
M47N08.wav, sad,sad,neutral,angry,happy,surprised,fearful
M52N02.wav, sad,sad,neutral,angry,happy,surprised,fearful
M02A16.wav, sad,sad,angry,neutral,happy,surprised,fearful
M16A18.wav, sad,sad,angry,neutral,happy,surprised,fearful
F24H24.wav, sad,sad,neutral,angry,happy,surprised,fearful
M27N14.wav, sad,sad,neutral,angry,happy,surprised,fearful
M03H01.wav, sad,sad,neutral,angry,happy,surprised,fearful
M15A07.wav, neutral,neutral,sad,angry,happy,surprised,fearful
F21A15.wav, sad,sad,angry,neutral,happy,surprised,fearful
M26N01.wav, neutral,neutral,sad,angry,happy,surprised,fearful
M40N41.wav, sad,sad,neutral,angry,happy,surprised,fearful
M40N42.wav, neutral,neutral,sad,angry,happy,surprised,fearful
M27N09.wav, sad,sad,neutral,angry,happy,surprised,fearful
F24S19.wav, angry,angry,sad,neutral,happy,surprised,fearful
M28A24.wav, sad,sad,neutral,angry,happy,surprised,fearful
M40N37.wav, neutral,neutral,sad,angry,happy,surprised,fearful
M03W08.wav, sad,sad,neutral,angry,happy,surprised,fearful
M31N02.wav, sad,sad,neutral,angry,happy,surprised,fearful
F11S02.wav, sad,sad,neutral,angry,happy,surprised,fearful
M29A07.wav, neutral,neutral,sad,angry,happy,surprised,fearful
M03A14.wav, angry,angry,sad,neutral,happy,surprised,fearful
F07A63.wav, angry,angry,sad,neutral,happy,surprised,fearful
M03A12.wav, sad,sad,neutral,angry,happy,surprised,fearful
F21W16.wav, sad,sad,neutral,angry,happy,surprised,fearful
F12N11.wav, sad,sad,neutral,angry,happy,surprised,fearful
F21A46.wav, sad,sad,neutral,angry,happy,surprised,fearful
F21S06.wav, sad,sad,neutral,angry,happy,surprised,fearful
F03S06.wav, sad,sad,neutral,angry,surprised,happy,fearful
M47N23.wav, sad,sad,neutral,angry,happy,surprised,fearful
F22H03.wav, sad,sad,neutral,angry,happy,surprised,fearful
M36S02.wav, sad,sad,neutral,angry,happy,surprised,fearful
F17S04.wav, sad,sad,neutral,angry,happy,surprised,fearful
M16A02.wav, sad,sad,neutral,angry,happy,surprised,fearful
F21S25.wav, sad,sad,neutral,angry,happy,surprised,fearful
F09S19.wav, sad,sad,neutral,angry,happy,surprised,fearful
M50A09.wav, neutral,neutral,sad,angry,happy,surprised,fearful
M26A32.wav, neutral,neutral,sad,angry,happy,surprised,fearful
M53A03.wav, sad,sad,neutral,angry,happy,surprised,fearful
M56N05.wav, sad,sad,neutral,angry,happy,surprised,fearful
M28A31.wav, neutral,neutral,sad,angry,happy,surprised,fearful
F30H01.wav, sad,sad,neutral,angry,happy,surprised,fearful
M53N12.wav, neutral,neutral,sad,angry,happy,surprised,fearful
M12N43.wav, sad,sad,neutral,angry,happy,surprised,fearful
F19N02.wav, neutral,neutral,sad,happy,angry,surprised,fearful
M22A06.wav, sad,sad,neutral,angry,happy,surprised,fearful
F07S11.wav, sad,sad,neutral,angry,happy,surprised,fearful
M03A32.wav, sad,sad,neutral,angry,happy,surprised,fearful
F02A02.wav, sad,sad,neutral,angry,happy,surprised,fearful
F04A05.wav, sad,sad,neutral,angry,happy,surprised,fearful
F29W01.wav, sad,sad,neutral,angry,happy,surprised,fearful
M40N08.wav, neutral,neutral,sad,angry,happy,surprised,fearful
F24W09.wav, sad,sad,neutral,angry,happy,surprised,fearful
M26A26.wav, sad,sad,neutral,angry,happy,surprised,fearful
M40N40.wav, neutral,neutral,sad,angry,happy,surprised,fearful
M04H01.wav, neutral,neutral,sad,angry,happy,surprised,fearful
M28H03.wav, sad,sad,neutral,surprised,angry,happy,fearful
M28N04.wav, sad,sad,neutral,angry,happy,surprised,fearful
F09N01.wav, sad,sad,neutral,angry,surprised,happy,fearful
F30N02.wav, sad,sad,neutral,angry,happy,surprised,fearful
M03W07.wav, sad,sad,neutral,angry,happy,surprised,fearful
M04N09.wav, neutral,neutral,sad,angry,happy,surprised,fearful
M04S08.wav, sad,sad,neutral,angry,happy,surprised,fearful
F07S36.wav, neutral,neutral,sad,angry,happy,surprised,fearful
M44N11.wav, sad,sad,neutral,angry,happy,surprised,fearful
M02A25.wav, neutral,neutral,sad,angry,happy,surprised,fearful
M12A34.wav, angry,angry,neutral,sad,happy,surprised,fearful
M20N08.wav, sad,sad,neutral,angry,happy,surprised,fearful
M04N15.wav, neutral,neutral,sad,angry,happy,surprised,fearful
F19N12.wav, sad,sad,neutral,angry,happy,surprised,fearful
M25A10.wav, neutral,neutral,sad,angry,happy,surprised,fearful
F03H02.wav, sad,sad,angry,neutral,happy,surprised,fearful
M01N01.wav, angry,angry,neutral,sad,happy,surprised,fearful
M07H01.wav, sad,sad,neutral,angry,happy,surprised,fearful
F10A60.wav, neutral,neutral,sad,angry,happy,surprised,fearful
M22S02.wav, neutral,neutral,sad,angry,happy,surprised,fearful
M37N10.wav, sad,sad,neutral,angry,happy,surprised,fearful
F06S09.wav, sad,sad,neutral,angry,happy,surprised,fearful
F07H03.wav, sad,sad,neutral,angry,happy,surprised,fearful
M25S03.wav, sad,sad,neutral,angry,surprised,happy,fearful
M47N16.wav, sad,sad,neutral,angry,surprised,happy,fearful
M37N15.wav, neutral,neutral,sad,angry,happy,surprised,fearful
M25S10.wav, neutral,neutral,sad,angry,happy,surprised,fearful
M29A12.wav, angry,angry,neutral,sad,happy,surprised,fearful
F02S07.wav, sad,sad,neutral,angry,happy,surprised,fearful
F01S01.wav, sad,sad,neutral,angry,happy,surprised,fearful
F01S07.wav, sad,sad,neutral,angry,happy,surprised,fearful
M53A12.wav, neutral,neutral,sad,angry,happy,surprised,fearful
M05S14.wav, sad,sad,neutral,angry,happy,surprised,fearful
F21A18.wav, neutral,neutral,sad,angry,happy,surprised,fearful
M44N07.wav, neutral,neutral,sad,angry,happy,surprised,fearful
M12S09.wav, neutral,neutral,sad,angry,happy,surprised,fearful
M35W01.wav, sad,sad,neutral,angry,surprised,happy,fearful
M29A14.wav, neutral,neutral,sad,angry,happy,surprised,fearful
M12N09.wav, neutral,neutral,sad,angry,happy,surprised,fearful
F01S03.wav, neutral,neutral,sad,angry,happy,surprised,fearful
F03A03.wav, sad,sad,angry,neutral,happy,surprised,fearful
M26N07.wav, neutral,neutral,sad,angry,happy,surprised,fearful
F22A06.wav, sad,sad,neutral,angry,happy,surprised,fearful
F21N20.wav, angry,angry,sad,neutral,happy,surprised,fearful
F05N18.wav, sad,sad,neutral,angry,happy,surprised,fearful
F21N24.wav, sad,sad,neutral,angry,happy,surprised,fearful
F20W06.wav, sad,sad,neutral,angry,happy,surprised,fearful
M43W04.wav, angry,angry,sad,neutral,happy,surprised,fearful
M26A20.wav, sad,sad,neutral,angry,happy,surprised,fearful
F23A03.wav, sad,sad,neutral,angry,happy,surprised,fearful
F24A31.wav, sad,sad,angry,neutral,happy,surprised,fearful
M21A02.wav, neutral,neutral,sad,angry,happy,surprised,fearful
M28A37.wav, angry,angry,sad,neutral,happy,surprised,fearful
F22N01.wav, sad,sad,neutral,angry,happy,surprised,fearful
F07S07.wav, sad,sad,neutral,angry,happy,surprised,fearful
M16A23.wav, angry,angry,sad,neutral,happy,surprised,fearful
M06N04.wav, sad,sad,neutral,angry,happy,surprised,fearful
F20W02.wav, neutral,neutral,sad,angry,happy,surprised,fearful
M05S03.wav, sad,sad,neutral,angry,surprised,happy,fearful
M28A46.wav, neutral,neutral,sad,angry,happy,surprised,fearful
M04N07.wav, neutral,neutral,sad,angry,happy,surprised,fearful
M04N42.wav, sad,sad,neutral,angry,happy,surprised,fearful
M51N17.wav, sad,sad,neutral,angry,happy,surprised,fearful
M22N04.wav, sad,sad,neutral,angry,happy,surprised,fearful
F21W25.wav, sad,sad,neutral,angry,surprised,happy,fearful
F24S13.wav, sad,sad,neutral,angry,happy,surprised,fearful
F23S04.wav, neutral,neutral,sad,angry,happy,surprised,fearful
F23H03.wav, neutral,neutral,sad,angry,happy,surprised,fearful
F22W03.wav, sad,sad,angry,neutral,happy,surprised,fearful
F07S08.wav, sad,sad,neutral,angry,happy,surprised,fearful
M22N26.wav, sad,sad,neutral,angry,happy,surprised,fearful
M04N30.wav, neutral,neutral,sad,angry,happy,surprised,fearful
F28A15.wav, sad,sad,neutral,angry,happy,surprised,fearful
F02H02.wav, sad,sad,neutral,angry,happy,surprised,fearful
M26A24.wav, angry,angry,sad,neutral,happy,surprised,fearful
M06N02.wav, sad,sad,neutral,angry,happy,surprised,fearful
F14W01.wav, sad,sad,neutral,angry,happy,surprised,fearful
M40N28.wav, neutral,neutral,sad,angry,happy,surprised,fearful
M34H05.wav, sad,sad,neutral,angry,happy,surprised,fearful
F03W03.wav, sad,sad,angry,neutral,happy,surprised,fearful
M12A33.wav, angry,angry,neutral,sad,happy,surprised,fearful
M28N17.wav, sad,sad,neutral,angry,surprised,happy,fearful
F02S02.wav, neutral,neutral,sad,angry,happy,surprised,fearful
M16A07.wav, neutral,neutral,sad,angry,happy,surprised,fearful
M12A23.wav, neutral,neutral,sad,angry,happy,surprised,fearful
F24S10.wav, neutral,neutral,sad,angry,happy,surprised,fearful
F09S14.wav, sad,sad,neutral,angry,happy,surprised,fearful
M19A05.wav, sad,sad,neutral,angry,happy,surprised,fearful
M05N03.wav, sad,sad,neutral,angry,happy,surprised,fearful
M53N01.wav, sad,sad,neutral,angry,happy,surprised,fearful
F21W21.wav, sad,sad,neutral,angry,happy,surprised,fearful
F21N14.wav, sad,sad,neutral,angry,happy,surprised,fearful
M11H05.wav, neutral,neutral,sad,angry,happy,surprised,fearful
F23A16.wav, sad,sad,neutral,angry,happy,surprised,fearful
M31A01.wav, sad,sad,angry,neutral,happy,surprised,fearful
F10A18.wav, sad,sad,neutral,angry,happy,surprised,fearful
F20N04.wav, sad,sad,neutral,angry,happy,surprised,fearful
M03A38.wav, neutral,neutral,sad,angry,happy,surprised,fearful
M15A11.wav, neutral,neutral,sad,angry,happy,surprised,fearful
M11N03.wav, sad,sad,neutral,angry,happy,surprised,fearful
M03W06.wav, sad,sad,neutral,angry,surprised,happy,fearful
M53A18.wav, sad,sad,neutral,angry,happy,surprised,fearful
F07S03.wav, sad,sad,angry,neutral,happy,surprised,fearful
M27N60.wav, sad,sad,neutral,angry,happy,surprised,fearful
M50N02.wav, angry,angry,neutral,sad,happy,surprised,fearful
F24A02.wav, sad,sad,neutral,angry,happy,surprised,fearful
F21S05.wav, sad,sad,neutral,angry,happy,surprised,fearful
M03A33.wav, neutral,neutral,sad,angry,happy,surprised,fearful
M28A44.wav, sad,sad,neutral,angry,happy,surprised,fearful
F05N08.wav, neutral,neutral,sad,angry,happy,surprised,fearful
F24S16.wav, neutral,neutral,angry,sad,happy,surprised,fearful
F19N15.wav, sad,sad,neutral,angry,happy,surprised,fearful
M15A05.wav, neutral,neutral,angry,sad,happy,surprised,fearful
F07S31.wav, sad,sad,neutral,angry,happy,surprised,fearful
M12A49.wav, angry,angry,sad,neutral,happy,surprised,fearful
M51S02.wav, sad,sad,neutral,angry,surprised,happy,fearful
F12N13.wav, neutral,neutral,sad,angry,happy,surprised,fearful
M40N12.wav, sad,sad,neutral,angry,happy,surprised,fearful
M05H01.wav, sad,sad,neutral,angry,happy,surprised,fearful
F21A12.wav, neutral,neutral,sad,angry,happy,surprised,fearful
M49N02.wav, sad,sad,neutral,angry,surprised,happy,fearful
M56N01.wav, sad,sad,neutral,angry,happy,surprised,fearful
F01S19.wav, neutral,neutral,sad,angry,happy,surprised,fearful
M07N04.wav, neutral,neutral,sad,angry,happy,surprised,fearful
F12N06.wav, sad,sad,neutral,angry,happy,surprised,fearful
M04N06.wav, neutral,neutral,sad,angry,happy,surprised,fearful
F21N07.wav, neutral,neutral,sad,angry,happy,surprised,fearful
M29N03.wav, sad,sad,neutral,angry,happy,surprised,fearful
M14N02.wav, sad,sad,neutral,angry,happy,surprised,fearful
F22S10.wav, sad,sad,neutral,angry,happy,surprised,fearful
M28A26.wav, neutral,neutral,sad,angry,happy,surprised,fearful
M12N05.wav, neutral,neutral,sad,angry,happy,surprised,fearful
M28A14.wav, neutral,neutral,sad,angry,happy,surprised,fearful
M47A20.wav, sad,sad,neutral,angry,happy,surprised,fearful
M05W01.wav, sad,sad,neutral,angry,happy,surprised,fearful
F07A31.wav, neutral,neutral,sad,angry,happy,surprised,fearful
M03A27.wav, neutral,neutral,sad,angry,happy,surprised,fearful
M21W03.wav, sad,sad,neutral,angry,surprised,happy,fearful
M28H02.wav, sad,sad,neutral,surprised,angry,happy,fearful
M16H06.wav, sad,sad,neutral,angry,surprised,happy,fearful
M32S04.wav, sad,sad,neutral,angry,happy,surprised,fearful
M29N04.wav, sad,sad,neutral,angry,happy,surprised,fearful
M50A06.wav, neutral,neutral,sad,angry,happy,surprised,fearful
M26A27.wav, neutral,neutral,sad,angry,happy,surprised,fearful
F07S14.wav, neutral,neutral,sad,angry,happy,surprised,fearful
M13H02.wav, sad,sad,neutral,angry,happy,surprised,fearful
F27A01.wav, sad,sad,neutral,angry,happy,surprised,fearful
F16F01.wav, angry,angry,neutral,sad,happy,surprised,fearful
M12N75.wav, neutral,neutral,sad,angry,happy,surprised,fearful
M25A32.wav, sad,sad,neutral,angry,happy,surprised,fearful
M44W03.wav, sad,sad,neutral,angry,happy,surprised,fearful
M04N73.wav, sad,sad,neutral,angry,happy,surprised,fearful
M55A02.wav, neutral,neutral,sad,angry,happy,surprised,fearful
M25A21.wav, neutral,neutral,sad,angry,happy,surprised,fearful
M05N13.wav, sad,sad,neutral,angry,happy,surprised,fearful
M09A09.wav, sad,sad,neutral,angry,happy,surprised,fearful
M05N05.wav, sad,sad,neutral,angry,surprised,happy,fearful
F06S04.wav, sad,sad,neutral,angry,surprised,happy,fearful
M42A02.wav, angry,angry,neutral,sad,happy,surprised,fearful
F24A58.wav, sad,sad,neutral,angry,happy,surprised,fearful
M38N01.wav, neutral,neutral,sad,angry,happy,surprised,fearful
F01S21.wav, sad,sad,neutral,angry,surprised,happy,fearful
F06H08.wav, sad,sad,neutral,angry,happy,surprised,fearful
F07H09.wav, sad,sad,neutral,angry,happy,surprised,fearful
F20H04.wav, neutral,neutral,sad,angry,happy,surprised,fearful
F21A28.wav, neutral,neutral,sad,angry,happy,surprised,fearful
F07A23.wav, neutral,neutral,sad,angry,happy,surprised,fearful
F16S04.wav, neutral,neutral,sad,angry,happy,surprised,fearful
M19S02.wav, sad,sad,neutral,angry,happy,surprised,fearful
M46N08.wav, sad,sad,neutral,angry,happy,surprised,fearful
M42A11.wav, neutral,neutral,angry,sad,happy,surprised,fearful
M05A10.wav, neutral,neutral,sad,angry,happy,surprised,fearful
F24H21.wav, sad,sad,neutral,angry,happy,surprised,fearful
M09A01.wav, neutral,neutral,sad,angry,happy,surprised,fearful
F01S14.wav, sad,sad,neutral,angry,surprised,happy,fearful
M27N26.wav, neutral,neutral,sad,angry,happy,surprised,fearful
F21S37.wav, sad,sad,neutral,angry,happy,surprised,fearful
M43H03.wav, neutral,neutral,sad,angry,happy,surprised,fearful
M12N30.wav, neutral,neutral,sad,angry,happy,surprised,fearful
M25A01.wav, neutral,neutral,angry,sad,happy,surprised,fearful
F19S02.wav, sad,sad,neutral,angry,happy,surprised,fearful
M25A47.wav, neutral,neutral,angry,sad,happy,surprised,fearful
M03S06.wav, sad,sad,neutral,angry,surprised,happy,fearful
M04N70.wav, sad,sad,neutral,angry,happy,surprised,fearful
M03A35.wav, neutral,neutral,sad,angry,happy,surprised,fearful
M40N51.wav, neutral,neutral,sad,angry,happy,surprised,fearful
M30N01.wav, angry,angry,neutral,sad,happy,surprised,fearful
M03W05.wav, sad,sad,angry,neutral,happy,surprised,fearful
M42A07.wav, sad,sad,neutral,angry,happy,surprised,fearful
M54N02.wav, neutral,neutral,sad,angry,happy,surprised,fearful
F10A27.wav, neutral,neutral,sad,angry,happy,surprised,fearful
F23S02.wav, sad,sad,neutral,angry,happy,surprised,fearful
M53N08.wav, sad,sad,neutral,angry,happy,surprised,fearful
M02N16.wav, neutral,neutral,sad,angry,happy,surprised,fearful
F31A04.wav, neutral,neutral,sad,angry,happy,surprised,fearful
F03S02.wav, sad,sad,neutral,angry,surprised,happy,fearful
M25S12.wav, neutral,neutral,sad,angry,happy,surprised,fearful
M40N34.wav, sad,sad,neutral,angry,happy,surprised,fearful
M12N68.wav, neutral,neutral,sad,angry,happy,surprised,fearful
F21N25.wav, neutral,neutral,sad,angry,happy,surprised,fearful
M26A19.wav, sad,sad,neutral,angry,happy,surprised,fearful
M04N74.wav, neutral,neutral,sad,angry,happy,surprised,fearful
M40S03.wav, sad,sad,neutral,angry,happy,surprised,fearful
M02A18.wav, neutral,neutral,sad,angry,happy,surprised,fearful
F21W08.wav, neutral,neutral,angry,sad,happy,surprised,fearful
M48A03.wav, sad,sad,neutral,angry,happy,surprised,fearful
F24A27.wav, neutral,neutral,sad,angry,happy,surprised,fearful
M31N06.wav, sad,sad,neutral,angry,happy,surprised,fearful
M29N01.wav, sad,sad,neutral,angry,happy,surprised,fearful
F29N08.wav, sad,sad,neutral,angry,happy,surprised,fearful
F01N07.wav, sad,sad,neutral,angry,happy,surprised,fearful
F09W03.wav, sad,sad,neutral,angry,surprised,happy,fearful
F27A03.wav, sad,sad,neutral,angry,happy,surprised,fearful
M47A03.wav, neutral,neutral,sad,angry,happy,surprised,fearful
F30S07.wav, neutral,neutral,sad,angry,happy,surprised,fearful
M32N02.wav, sad,sad,neutral,angry,surprised,happy,fearful
F07S25.wav, sad,sad,neutral,angry,surprised,happy,fearful
F07N07.wav, sad,sad,neutral,angry,happy,surprised,fearful
M27N23.wav, sad,sad,neutral,angry,happy,surprised,fearful
M48N07.wav, sad,sad,neutral,angry,happy,surprised,fearful
M03A30.wav, neutral,neutral,sad,angry,happy,surprised,fearful
M27N12.wav, sad,sad,neutral,angry,happy,surprised,fearful
M29A16.wav, sad,sad,neutral,angry,happy,surprised,fearful
M40N27.wav, neutral,neutral,sad,angry,happy,surprised,fearful
F10A52.wav, sad,sad,neutral,angry,happy,surprised,fearful
M27N52.wav, sad,sad,neutral,angry,happy,surprised,fearful
F21S33.wav, sad,sad,neutral,angry,happy,surprised,fearful
M02H02.wav, neutral,neutral,sad,angry,happy,surprised,fearful
M25S05.wav, sad,sad,neutral,angry,surprised,happy,fearful
F07N11.wav, sad,sad,neutral,angry,happy,surprised,fearful
F10A17.wav, sad,sad,angry,neutral,happy,surprised,fearful
F01F01.wav, neutral,neutral,sad,angry,happy,surprised,fearful
M18N10.wav, neutral,neutral,sad,angry,happy,surprised,fearful
F13A05.wav, neutral,neutral,sad,angry,happy,surprised,fearful
M44N01.wav, neutral,neutral,sad,angry,happy,surprised,fearful
F21N10.wav, sad,sad,neutral,angry,surprised,happy,fearful
F07A25.wav, neutral,neutral,sad,angry,happy,surprised,fearful
M17N05.wav, neutral,neutral,sad,angry,happy,surprised,fearful
M25N15.wav, sad,sad,neutral,angry,happy,surprised,fearful
M53S01.wav, neutral,neutral,sad,angry,happy,surprised,fearful
M43A01.wav, neutral,neutral,sad,angry,happy,surprised,fearful
F03W06.wav, angry,angry,sad,neutral,happy,surprised,fearful
M08N02.wav, sad,sad,neutral,angry,surprised,happy,fearful
M12N36.wav, neutral,neutral,sad,angry,happy,surprised,fearful
M06N05.wav, neutral,neutral,sad,angry,happy,surprised,fearful
M47A19.wav, neutral,neutral,sad,angry,happy,surprised,fearful
M44N23.wav, neutral,neutral,sad,angry,happy,surprised,fearful
M41W05.wav, neutral,neutral,sad,angry,happy,surprised,fearful
M03S02.wav, sad,sad,neutral,angry,happy,surprised,fearful
F26N01.wav, neutral,neutral,sad,angry,happy,surprised,fearful
M22N25.wav, sad,sad,angry,neutral,surprised,happy,fearful
M04A05.wav, sad,sad,neutral,angry,happy,surprised,fearful
F21A07.wav, sad,sad,neutral,angry,happy,surprised,fearful
F24W14.wav, angry,angry,sad,neutral,happy,surprised,fearful
F03W05.wav, angry,angry,neutral,sad,happy,surprised,fearful
F24H25.wav, sad,sad,neutral,angry,happy,surprised,fearful
F09F02.wav, sad,sad,neutral,angry,happy,surprised,fearful
F10A33.wav, sad,sad,neutral,angry,happy,surprised,fearful
M48N03.wav, sad,sad,neutral,angry,happy,surprised,fearful
M03A15.wav, neutral,neutral,angry,sad,happy,surprised,fearful
F24A19.wav, sad,sad,neutral,angry,happy,surprised,fearful
M53A15.wav, sad,sad,angry,neutral,surprised,happy,fearful
M22N28.wav, sad,sad,neutral,angry,happy,surprised,fearful
F17S05.wav, sad,sad,neutral,angry,happy,surprised,fearful
F21A01.wav, neutral,neutral,sad,angry,happy,surprised,fearful
F10A55.wav, sad,sad,neutral,angry,happy,surprised,fearful
F07S02.wav, sad,sad,angry,neutral,happy,surprised,fearful
M27N33.wav, sad,sad,neutral,angry,happy,surprised,fearful
F21S21.wav, sad,sad,neutral,angry,surprised,happy,fearful
M03A42.wav, neutral,neutral,sad,angry,happy,surprised,fearful
M28A20.wav, angry,angry,neutral,sad,happy,surprised,fearful
M32A01.wav, sad,sad,neutral,angry,happy,surprised,fearful
F22S05.wav, sad,sad,neutral,angry,surprised,happy,fearful
M03S05.wav, sad,sad,neutral,angry,surprised,happy,fearful
M12W08.wav, sad,sad,neutral,angry,surprised,happy,fearful
M51N21.wav, sad,sad,neutral,angry,happy,surprised,fearful
M54S01.wav, sad,sad,neutral,angry,happy,surprised,fearful
M28A22.wav, neutral,neutral,sad,angry,happy,surprised,fearful
M09A19.wav, neutral,neutral,sad,angry,happy,surprised,fearful
M03A20.wav, angry,angry,neutral,sad,happy,surprised,fearful
M04A12.wav, sad,sad,neutral,angry,happy,surprised,fearful
M26A34.wav, neutral,neutral,sad,angry,happy,surprised,fearful
M04N43.wav, neutral,neutral,sad,angry,happy,surprised,fearful
M05S02.wav, neutral,neutral,sad,angry,happy,surprised,fearful
F11N06.wav, sad,sad,neutral,surprised,angry,happy,fearful
M25N09.wav, neutral,neutral,sad,angry,happy,surprised,fearful
F22H02.wav, sad,sad,neutral,angry,happy,surprised,fearful
F21S20.wav, sad,sad,neutral,angry,happy,surprised,fearful
M04N11.wav, sad,sad,neutral,angry,happy,surprised,fearful
M12W02.wav, sad,sad,neutral,angry,surprised,happy,fearful
F01S20.wav, sad,sad,neutral,angry,surprised,happy,fearful
M48N01.wav, sad,sad,neutral,angry,surprised,happy,fearful
F10W02.wav, sad,sad,angry,neutral,happy,surprised,fearful
F26F01.wav, neutral,neutral,angry,sad,happy,surprised,fearful
F05N22.wav, sad,sad,neutral,angry,happy,surprised,fearful
F13A03.wav, neutral,neutral,sad,angry,happy,surprised,fearful
M26A33.wav, angry,angry,sad,neutral,happy,surprised,fearful
M12A19.wav, neutral,neutral,angry,sad,happy,surprised,fearful
F19N11.wav, neutral,neutral,sad,angry,happy,surprised,fearful
F04N01.wav, sad,sad,neutral,angry,happy,surprised,fearful
M36S03.wav, neutral,neutral,sad,angry,happy,surprised,fearful
M04N59.wav, sad,sad,neutral,angry,happy,surprised,fearful
F19S04.wav, sad,sad,neutral,angry,happy,surprised,fearful
F07S09.wav, sad,sad,neutral,angry,happy,surprised,fearful
M09A21.wav, neutral,neutral,sad,angry,happy,surprised,fearful
M43A14.wav, sad,sad,neutral,angry,happy,surprised,fearful
F07A52.wav, neutral,neutral,sad,angry,happy,surprised,fearful
F05S01.wav, sad,sad,neutral,angry,happy,surprised,fearful
M43A04.wav, neutral,neutral,sad,angry,happy,surprised,fearful
M25A28.wav, neutral,neutral,sad,angry,happy,surprised,fearful
F25A07.wav, angry,angry,sad,neutral,happy,surprised,fearful
F25N03.wav, sad,sad,angry,neutral,happy,surprised,fearful
M12N26.wav, neutral,neutral,sad,angry,happy,surprised,fearful
M25N20.wav, sad,sad,neutral,angry,happy,surprised,fearful
F07S43.wav, sad,sad,neutral,angry,happy,surprised,fearful
M27N35.wav, sad,sad,neutral,angry,happy,surprised,fearful
F05S02.wav, sad,sad,neutral,angry,happy,surprised,fearful
M43A18.wav, neutral,neutral,sad,angry,happy,surprised,fearful
M16A14.wav, neutral,neutral,angry,sad,happy,surprised,fearful
F07A02.wav, sad,sad,neutral,angry,happy,surprised,fearful
F24A48.wav, sad,sad,neutral,angry,happy,surprised,fearful
M44W01.wav, sad,sad,neutral,angry,happy,surprised,fearful
M53N07.wav, sad,sad,neutral,angry,surprised,happy,fearful
F24A22.wav, neutral,neutral,sad,angry,happy,surprised,fearful
M03A09.wav, sad,sad,neutral,angry,happy,surprised,fearful
M04N72.wav, neutral,neutral,sad,angry,happy,surprised,fearful
M21N07.wav, sad,sad,neutral,angry,happy,surprised,fearful
M12N04.wav, angry,angry,sad,neutral,happy,surprised,fearful
F01N02.wav, sad,sad,neutral,angry,happy,surprised,fearful
F13W01.wav, sad,sad,neutral,angry,surprised,happy,fearful
M27N06.wav, sad,sad,neutral,angry,happy,surprised,fearful
M32H01.wav, sad,sad,neutral,surprised,angry,happy,fearful
M53A25.wav, sad,sad,neutral,angry,happy,surprised,fearful
F07A06.wav, neutral,neutral,sad,angry,happy,surprised,fearful
M08N01.wav, sad,sad,angry,neutral,happy,surprised,fearful
M38A02.wav, neutral,neutral,sad,angry,happy,surprised,fearful
M47A08.wav, sad,sad,neutral,angry,happy,surprised,fearful
M30N05.wav, sad,sad,neutral,angry,happy,surprised,fearful
M04N31.wav, sad,sad,neutral,angry,happy,surprised,fearful
F10A45.wav, angry,angry,neutral,sad,happy,surprised,fearful
F22A05.wav, neutral,neutral,sad,angry,happy,surprised,fearful
M04S09.wav, sad,sad,neutral,angry,surprised,happy,fearful
M26S04.wav, sad,sad,neutral,angry,happy,surprised,fearful
M46N04.wav, sad,sad,neutral,angry,happy,surprised,fearful
F10A49.wav, neutral,neutral,angry,sad,happy,surprised,fearful
F07A38.wav, neutral,neutral,sad,angry,happy,surprised,fearful
F09S16.wav, sad,sad,neutral,angry,happy,surprised,fearful
M12N49.wav, neutral,neutral,sad,angry,happy,surprised,fearful
M44H02.wav, neutral,neutral,sad,angry,happy,surprised,fearful
M27N08.wav, neutral,neutral,sad,angry,happy,surprised,fearful
F21H04.wav, sad,sad,neutral,angry,happy,surprised,fearful
F31A02.wav, sad,sad,neutral,angry,happy,surprised,fearful
M26N10.wav, neutral,neutral,sad,angry,happy,surprised,fearful
F24H22.wav, sad,sad,neutral,angry,happy,surprised,fearful
F07H07.wav, sad,sad,neutral,angry,happy,surprised,fearful
F01N11.wav, sad,sad,neutral,angry,happy,surprised,fearful
F15A01.wav, neutral,neutral,angry,sad,happy,surprised,fearful
M12W01.wav, sad,sad,angry,neutral,happy,surprised,fearful
F19N05.wav, sad,sad,neutral,angry,happy,surprised,fearful
F05N52.wav, sad,sad,neutral,angry,happy,surprised,fearful
F07A28.wav, sad,sad,neutral,angry,happy,surprised,fearful
F24A62.wav, neutral,neutral,sad,angry,happy,surprised,fearful
F29N06.wav, sad,sad,neutral,angry,happy,surprised,fearful
M28N19.wav, sad,sad,neutral,angry,happy,surprised,fearful
M40N04.wav, sad,sad,neutral,angry,happy,surprised,fearful
F29N10.wav, sad,sad,neutral,angry,happy,surprised,fearful
F22A01.wav, sad,sad,neutral,angry,happy,surprised,fearful
F05N34.wav, sad,sad,neutral,angry,happy,surprised,fearful
F03F02.wav, sad,sad,neutral,angry,happy,surprised,fearful
M12N55.wav, neutral,neutral,sad,angry,happy,surprised,fearful
M18S02.wav, sad,sad,neutral,angry,happy,surprised,fearful
F09N09.wav, sad,sad,neutral,angry,happy,surprised,fearful
F07A22.wav, neutral,neutral,sad,angry,happy,surprised,fearful
M07N08.wav, sad,sad,neutral,angry,happy,surprised,fearful
M28S04.wav, sad,sad,neutral,angry,surprised,happy,fearful
F07A09.wav, angry,angry,sad,neutral,happy,surprised,fearful
M02N12.wav, sad,sad,angry,neutral,happy,surprised,fearful
F01N10.wav, sad,sad,neutral,angry,happy,surprised,fearful
F24A30.wav, neutral,neutral,sad,angry,happy,surprised,fearful
M25A22.wav, sad,sad,neutral,angry,happy,surprised,fearful
M47A05.wav, neutral,neutral,sad,angry,happy,surprised,fearful
M30N06.wav, neutral,neutral,sad,angry,happy,surprised,fearful
M12N11.wav, sad,sad,neutral,angry,surprised,happy,fearful
M25S14.wav, sad,sad,neutral,angry,happy,surprised,fearful
F21W13.wav, sad,sad,neutral,angry,happy,surprised,fearful
F24A03.wav, sad,sad,neutral,angry,happy,surprised,fearful
M27N19.wav, sad,sad,neutral,angry,happy,surprised,fearful
M08N04.wav, sad,sad,neutral,angry,happy,surprised,fearful
F10A14.wav, sad,sad,neutral,angry,happy,surprised,fearful
F05N17.wav, sad,sad,neutral,angry,happy,surprised,fearful
F14S01.wav, sad,sad,neutral,angry,happy,surprised,fearful
M31N10.wav, neutral,neutral,sad,angry,happy,surprised,fearful
F19N19.wav, sad,sad,neutral,angry,happy,surprised,fearful
F23W01.wav, sad,sad,neutral,angry,happy,surprised,fearful
M09A23.wav, neutral,neutral,sad,angry,happy,surprised,fearful
F07S06.wav, sad,sad,neutral,angry,happy,surprised,fearful
F10A54.wav, sad,sad,angry,neutral,happy,surprised,fearful
F01H07.wav, sad,sad,neutral,angry,happy,surprised,fearful
F20H05.wav, sad,sad,neutral,angry,happy,surprised,fearful
F04A02.wav, sad,sad,neutral,angry,happy,surprised,fearful
M25A52.wav, neutral,neutral,sad,angry,happy,surprised,fearful
F07S22.wav, sad,sad,neutral,angry,happy,surprised,fearful
F05N03.wav, sad,sad,neutral,angry,happy,surprised,fearful
F17S02.wav, sad,sad,neutral,angry,happy,surprised,fearful
F10A41.wav, neutral,neutral,sad,angry,happy,surprised,fearful
M15W01.wav, sad,sad,angry,neutral,happy,surprised,fearful
F22S13.wav, sad,sad,neutral,angry,happy,surprised,fearful
F28A08.wav, neutral,neutral,sad,angry,happy,surprised,fearful
M25N06.wav, sad,sad,neutral,angry,happy,surprised,fearful
M03N04.wav, neutral,neutral,sad,angry,happy,surprised,fearful
F03W08.wav, sad,sad,angry,neutral,happy,surprised,fearful
M19A04.wav, sad,sad,neutral,angry,happy,surprised,fearful
F25A01.wav, angry,angry,sad,neutral,happy,surprised,fearful
M03A25.wav, neutral,neutral,sad,angry,happy,surprised,fearful
M34A08.wav, angry,angry,sad,neutral,happy,surprised,fearful
M29A09.wav, sad,sad,angry,neutral,happy,surprised,fearful
M12A16.wav, neutral,neutral,angry,sad,happy,surprised,fearful
F23N11.wav, neutral,neutral,sad,angry,happy,surprised,fearful
M02N13.wav, neutral,neutral,angry,sad,happy,surprised,fearful
F14N04.wav, sad,sad,neutral,angry,happy,surprised,fearful
M16A22.wav, neutral,neutral,angry,sad,happy,surprised,fearful
F09S17.wav, sad,sad,neutral,angry,happy,surprised,fearful
M53N18.wav, sad,sad,neutral,angry,surprised,happy,fearful
M20W01.wav, sad,sad,neutral,angry,surprised,happy,fearful
M37S02.wav, neutral,neutral,sad,angry,happy,surprised,fearful
F15A05.wav, sad,sad,neutral,angry,happy,surprised,fearful
M25A68.wav, sad,sad,angry,neutral,happy,surprised,fearful
M25A08.wav, neutral,neutral,angry,sad,happy,surprised,fearful
F05N05.wav, sad,sad,neutral,angry,happy,surprised,fearful
M30N02.wav, sad,sad,neutral,angry,happy,surprised,fearful
F20N14.wav, sad,sad,neutral,angry,happy,surprised,fearful
M07N06.wav, sad,sad,angry,neutral,happy,surprised,fearful
M03A18.wav, sad,sad,neutral,angry,happy,surprised,fearful
M44H06.wav, sad,sad,neutral,angry,happy,surprised,fearful
M51N15.wav, sad,sad,neutral,angry,happy,surprised,fearful
M40N11.wav, sad,sad,neutral,angry,surprised,happy,fearful
M26N03.wav, neutral,neutral,sad,angry,happy,surprised,fearful
M53S03.wav, sad,sad,neutral,angry,happy,surprised,fearful
F28S07.wav, sad,sad,neutral,angry,happy,surprised,fearful
M28A03.wav, sad,sad,neutral,angry,happy,surprised,fearful
F07A36.wav, neutral,neutral,sad,angry,happy,surprised,fearful
M15A06.wav, neutral,neutral,sad,angry,happy,surprised,fearful
M04N46.wav, neutral,neutral,sad,angry,happy,surprised,fearful
M05S06.wav, sad,sad,neutral,angry,happy,surprised,fearful
M02A06.wav, sad,sad,neutral,angry,happy,surprised,fearful
F07H04.wav, sad,sad,neutral,angry,surprised,happy,fearful
F30S12.wav, neutral,neutral,sad,angry,happy,surprised,fearful
F23S01.wav, sad,sad,neutral,angry,happy,surprised,fearful
M16A33.wav, neutral,neutral,sad,angry,happy,surprised,fearful
F12N12.wav, neutral,neutral,sad,angry,happy,surprised,fearful
M50A12.wav, angry,angry,neutral,sad,happy,surprised,fearful
M12N77.wav, neutral,neutral,sad,angry,happy,surprised,fearful
M02N01.wav, sad,sad,neutral,angry,happy,surprised,fearful
M53A22.wav, sad,sad,neutral,angry,happy,surprised,fearful
M04N75.wav, sad,sad,angry,neutral,happy,surprised,fearful
M03A19.wav, neutral,neutral,angry,sad,happy,surprised,fearful
M04A06.wav, angry,angry,neutral,sad,happy,surprised,fearful
M12N27.wav, neutral,neutral,sad,angry,happy,surprised,fearful
M37N03.wav, sad,sad,neutral,angry,happy,surprised,fearful
F21W17.wav, sad,sad,neutral,angry,happy,surprised,fearful
M03S20.wav, sad,sad,neutral,angry,happy,surprised,fearful
M22N10.wav, sad,sad,neutral,angry,happy,surprised,fearful
M37A01.wav, sad,sad,neutral,angry,happy,surprised,fearful
M30A01.wav, angry,angry,neutral,sad,happy,surprised,fearful
M40N53.wav, neutral,neutral,sad,angry,happy,surprised,fearful
M27N44.wav, sad,sad,neutral,angry,happy,surprised,fearful
M26S03.wav, sad,sad,neutral,angry,surprised,happy,fearful
M34N04.wav, sad,sad,neutral,angry,happy,surprised,fearful
F07A21.wav, neutral,neutral,angry,sad,happy,surprised,fearful
F24N15.wav, sad,sad,neutral,angry,happy,surprised,fearful
F19N18.wav, neutral,neutral,sad,angry,happy,surprised,fearful
F07H12.wav, sad,sad,neutral,angry,happy,surprised,fearful
M05N04.wav, sad,sad,neutral,angry,happy,surprised,fearful
F24S02.wav, sad,sad,neutral,angry,happy,surprised,fearful
F21A06.wav, neutral,neutral,sad,angry,happy,surprised,fearful
M01N02.wav, neutral,neutral,sad,angry,happy,surprised,fearful
F24W20.wav, sad,sad,neutral,angry,happy,surprised,fearful
F14N02.wav, sad,sad,neutral,angry,happy,surprised,fearful
M34N01.wav, sad,sad,neutral,angry,happy,surprised,fearful
M25N08.wav, sad,sad,neutral,angry,happy,surprised,fearful
M16A09.wav, neutral,neutral,sad,angry,happy,surprised,fearful
F03H01.wav, neutral,neutral,sad,angry,happy,surprised,fearful
F05N57.wav, sad,sad,neutral,angry,happy,surprised,fearful
M12A54.wav, neutral,neutral,angry,sad,happy,surprised,fearful
M22A05.wav, sad,sad,neutral,angry,happy,surprised,fearful
M28A29.wav, sad,sad,neutral,angry,happy,surprised,fearful
F07N08.wav, sad,sad,neutral,angry,happy,surprised,fearful
F10A21.wav, neutral,neutral,sad,angry,happy,surprised,fearful
M27N37.wav, sad,sad,neutral,angry,happy,surprised,fearful
F05N50.wav, sad,sad,neutral,angry,happy,surprised,fearful
F22W02.wav, sad,sad,angry,neutral,happy,surprised,fearful
M47A07.wav, sad,sad,angry,neutral,happy,surprised,fearful
M02A21.wav, sad,sad,neutral,angry,happy,surprised,fearful
M16A27.wav, sad,sad,neutral,angry,happy,surprised,fearful
M41N01.wav, sad,sad,neutral,angry,surprised,happy,fearful
M04N50.wav, neutral,neutral,sad,angry,happy,surprised,fearful
F01A20.wav, sad,sad,angry,neutral,happy,surprised,fearful
F06W02.wav, sad,sad,neutral,angry,surprised,happy,fearful
F07N01.wav, sad,sad,angry,neutral,happy,surprised,fearful
F20N12.wav, neutral,neutral,sad,angry,happy,surprised,fearful
M12S02.wav, sad,sad,neutral,angry,happy,surprised,fearful
F22N06.wav, sad,sad,neutral,angry,happy,surprised,fearful
F29N04.wav, sad,sad,neutral,angry,surprised,happy,fearful
M28S12.wav, sad,sad,neutral,angry,happy,surprised,fearful
F10A09.wav, neutral,neutral,sad,angry,happy,surprised,fearful
M24A03.wav, sad,sad,neutral,angry,happy,surprised,fearful
M20A01.wav, sad,sad,neutral,angry,happy,surprised,fearful
F04A06.wav, sad,sad,neutral,angry,happy,surprised,fearful
M46A01.wav, sad,sad,neutral,angry,happy,surprised,fearful
F10W01.wav, sad,sad,neutral,angry,happy,surprised,fearful
F21W19.wav, sad,sad,neutral,angry,surprised,happy,fearful
M47N20.wav, sad,sad,neutral,angry,happy,surprised,fearful
M26A22.wav, angry,angry,sad,neutral,happy,surprised,fearful
F05N36.wav, sad,sad,neutral,angry,happy,surprised,fearful
F21H03.wav, sad,sad,neutral,angry,surprised,happy,fearful
F04N02.wav, sad,sad,neutral,angry,happy,surprised,fearful
F01S09.wav, neutral,neutral,sad,angry,happy,surprised,fearful
F07S32.wav, sad,sad,neutral,angry,surprised,happy,fearful
M04N62.wav, sad,sad,neutral,angry,happy,surprised,fearful
M22W04.wav, sad,sad,neutral,angry,surprised,happy,fearful
M55N05.wav, sad,sad,neutral,angry,happy,surprised,fearful
M22N05.wav, sad,sad,neutral,angry,happy,surprised,fearful
M12A63.wav, neutral,neutral,sad,angry,happy,surprised,fearful
M12A65.wav, sad,sad,angry,neutral,happy,surprised,fearful
F19N13.wav, sad,sad,neutral,angry,happy,surprised,fearful
M47A02.wav, sad,sad,neutral,angry,happy,surprised,fearful
F26S02.wav, sad,sad,neutral,angry,happy,surprised,fearful
F23S03.wav, sad,sad,neutral,angry,happy,surprised,fearful
M40S01.wav, neutral,neutral,sad,angry,happy,surprised,fearful
M28A47.wav, neutral,neutral,sad,angry,happy,surprised,fearful
M04S06.wav, sad,sad,neutral,angry,happy,surprised,fearful
M53A13.wav, sad,sad,neutral,angry,happy,surprised,fearful
F24W12.wav, sad,sad,neutral,angry,happy,surprised,fearful
M25A39.wav, neutral,neutral,angry,sad,happy,surprised,fearful
M24A04.wav, neutral,neutral,sad,angry,happy,surprised,fearful
M04S01.wav, sad,sad,neutral,angry,happy,surprised,fearful
F07S20.wav, sad,sad,neutral,angry,happy,surprised,fearful
M48S01.wav, sad,sad,neutral,surprised,angry,happy,fearful
F23A08.wav, neutral,neutral,sad,angry,happy,surprised,fearful
M11H01.wav, sad,sad,neutral,angry,happy,surprised,fearful
M11N04.wav, neutral,neutral,sad,angry,happy,surprised,fearful
F07A10.wav, neutral,neutral,sad,angry,happy,surprised,fearful
F05N21.wav, sad,sad,neutral,angry,happy,surprised,fearful
M04N28.wav, neutral,neutral,sad,angry,happy,surprised,fearful
F21N23.wav, neutral,neutral,sad,angry,happy,surprised,fearful
M38N10.wav, neutral,neutral,angry,sad,happy,surprised,fearful
M12N03.wav, sad,sad,neutral,angry,happy,surprised,fearful
M21A04.wav, sad,sad,angry,neutral,happy,surprised,fearful
M28S21.wav, sad,sad,neutral,surprised,angry,happy,fearful
F05N04.wav, sad,sad,neutral,angry,happy,surprised,fearful
F22N03.wav, sad,sad,neutral,angry,happy,surprised,fearful
M31N11.wav, neutral,neutral,sad,angry,happy,surprised,fearful
M20N02.wav, sad,sad,neutral,angry,happy,surprised,fearful
M25W05.wav, neutral,neutral,sad,angry,happy,surprised,fearful
F21S34.wav, sad,sad,neutral,angry,surprised,happy,fearful
F28A12.wav, sad,sad,neutral,angry,happy,surprised,fearful
F20N01.wav, sad,sad,neutral,angry,happy,surprised,fearful
F19N20.wav, neutral,neutral,sad,angry,happy,surprised,fearful
M12A64.wav, angry,angry,neutral,sad,happy,surprised,fearful
M37S03.wav, neutral,neutral,sad,angry,happy,surprised,fearful
F23N09.wav, neutral,neutral,sad,angry,happy,surprised,fearful
F01F03.wav, sad,sad,neutral,angry,happy,surprised,fearful
M16A32.wav, sad,sad,neutral,angry,happy,surprised,fearful
M02A24.wav, angry,angry,neutral,sad,happy,surprised,fearful
M12N42.wav, neutral,neutral,sad,angry,happy,surprised,fearful
F30S11.wav, sad,sad,neutral,angry,happy,surprised,fearful
M19S01.wav, sad,sad,neutral,angry,happy,surprised,fearful
M04N71.wav, neutral,neutral,sad,angry,happy,surprised,fearful
F24W07.wav, neutral,neutral,sad,angry,happy,surprised,fearful
M12N31.wav, neutral,neutral,sad,angry,happy,surprised,fearful
F24A59.wav, neutral,neutral,sad,angry,happy,surprised,fearful
M34H03.wav, sad,sad,neutral,angry,happy,surprised,fearful
M25A05.wav, neutral,neutral,angry,sad,happy,surprised,fearful
M12A20.wav, neutral,neutral,angry,sad,happy,surprised,fearful
M21A03.wav, neutral,neutral,sad,angry,happy,surprised,fearful
F17S08.wav, sad,sad,neutral,angry,happy,surprised,fearful
M51N22.wav, sad,sad,neutral,angry,surprised,happy,fearful
M07F02.wav, sad,sad,neutral,surprised,angry,happy,fearful
M06S06.wav, sad,sad,neutral,angry,happy,surprised,fearful
M20H01.wav, sad,sad,neutral,angry,happy,surprised,fearful
F01F02.wav, sad,sad,neutral,angry,happy,surprised,fearful
M06N06.wav, sad,sad,neutral,angry,happy,surprised,fearful
M52N03.wav, sad,sad,neutral,angry,happy,surprised,fearful
F23N12.wav, neutral,neutral,sad,angry,happy,surprised,fearful
F23N06.wav, neutral,neutral,sad,angry,happy,surprised,fearful
F23A06.wav, neutral,neutral,sad,angry,happy,surprised,fearful
F09N05.wav, sad,sad,angry,neutral,happy,surprised,fearful
F29N03.wav, sad,sad,neutral,angry,happy,surprised,fearful
F07S05.wav, sad,sad,neutral,angry,happy,surprised,fearful
M19F01.wav, sad,sad,neutral,angry,happy,surprised,fearful
M52S04.wav, sad,sad,neutral,angry,happy,surprised,fearful
F12A06.wav, neutral,neutral,sad,angry,happy,surprised,fearful
M40N32.wav, neutral,neutral,sad,angry,happy,surprised,fearful
M05A13.wav, sad,sad,neutral,angry,happy,surprised,fearful
F01A04.wav, angry,angry,neutral,sad,happy,surprised,fearful
F13A04.wav, sad,sad,angry,neutral,happy,surprised,fearful
M02A02.wav, neutral,neutral,sad,angry,happy,surprised,fearful
F10A58.wav, angry,angry,sad,neutral,happy,surprised,fearful
F21S42.wav, sad,sad,neutral,angry,happy,surprised,fearful
M04A03.wav, neutral,neutral,sad,angry,happy,surprised,fearful
F07A46.wav, neutral,neutral,sad,angry,happy,surprised,fearful
F10A12.wav, angry,angry,neutral,sad,happy,surprised,fearful
M46N02.wav, sad,sad,neutral,angry,surprised,happy,fearful
F24H10.wav, neutral,neutral,angry,sad,happy,surprised,fearful
M16N03.wav, sad,sad,neutral,angry,surprised,happy,fearful
F01S12.wav, sad,sad,neutral,angry,happy,surprised,fearful
M25W02.wav, sad,sad,neutral,angry,happy,surprised,fearful
M12S11.wav, sad,sad,neutral,angry,happy,surprised,fearful
F30N05.wav, sad,sad,neutral,angry,happy,surprised,fearful
F07W03.wav, angry,angry,neutral,sad,happy,surprised,fearful
M51N05.wav, sad,sad,neutral,angry,happy,surprised,fearful
F07A59.wav, neutral,neutral,sad,angry,happy,surprised,fearful
M34N02.wav, sad,sad,neutral,surprised,angry,happy,fearful
M12N47.wav, sad,sad,neutral,angry,happy,surprised,fearful
F09N06.wav, neutral,neutral,sad,angry,happy,surprised,fearful
M12N06.wav, sad,sad,neutral,angry,happy,surprised,fearful
M04N21.wav, sad,sad,neutral,angry,happy,surprised,fearful
F07W01.wav, sad,sad,angry,neutral,happy,surprised,fearful
F19N21.wav, sad,sad,neutral,angry,happy,surprised,fearful
F25A08.wav, sad,sad,angry,neutral,happy,surprised,fearful
F24A23.wav, neutral,neutral,sad,angry,happy,surprised,fearful
F19N29.wav, sad,sad,neutral,angry,happy,surprised,fearful
M25A35.wav, neutral,neutral,sad,angry,happy,surprised,fearful
F21H08.wav, sad,sad,neutral,angry,surprised,happy,fearful
F24W01.wav, sad,sad,neutral,angry,surprised,happy,fearful
M28A21.wav, sad,sad,neutral,angry,happy,surprised,fearful
M04N36.wav, sad,sad,neutral,angry,happy,surprised,fearful
F24A41.wav, sad,sad,angry,neutral,happy,surprised,fearful
F10A56.wav, neutral,neutral,sad,angry,happy,surprised,fearful
M40N18.wav, neutral,neutral,sad,angry,happy,surprised,fearful
F24N06.wav, sad,sad,neutral,angry,surprised,happy,fearful
M05A03.wav, neutral,neutral,angry,sad,happy,surprised,fearful
F07A17.wav, sad,sad,neutral,angry,happy,surprised,fearful
M08S01.wav, sad,sad,neutral,angry,happy,surprised,fearful
F20S02.wav, sad,sad,neutral,angry,happy,surprised,fearful
F29N07.wav, sad,sad,neutral,angry,happy,surprised,fearful
F24A69.wav, sad,sad,neutral,angry,happy,surprised,fearful
F01A03.wav, neutral,neutral,sad,angry,happy,surprised,fearful
F14N03.wav, sad,sad,neutral,angry,surprised,happy,fearful
F24A05.wav, sad,sad,neutral,angry,surprised,happy,fearful
F28S02.wav, sad,sad,neutral,angry,happy,surprised,fearful
M44S05.wav, sad,sad,neutral,angry,happy,surprised,fearful
F07A14.wav, neutral,neutral,sad,angry,happy,surprised,fearful
M22N11.wav, sad,sad,neutral,angry,happy,surprised,fearful
F28N02.wav, sad,sad,neutral,angry,happy,surprised,fearful
M45N02.wav, neutral,neutral,sad,angry,happy,surprised,fearful
M16A26.wav, angry,angry,sad,neutral,happy,surprised,fearful
M28S01.wav, sad,sad,neutral,angry,surprised,happy,fearful
M02N15.wav, neutral,neutral,sad,angry,happy,surprised,fearful
F21A31.wav, sad,sad,angry,neutral,happy,surprised,fearful
M25A58.wav, sad,sad,angry,neutral,happy,surprised,fearful
M41W04.wav, sad,sad,neutral,angry,happy,surprised,fearful
F05N54.wav, sad,sad,neutral,angry,happy,surprised,fearful
M47N05.wav, neutral,neutral,sad,angry,happy,surprised,fearful
F12A05.wav, neutral,neutral,sad,angry,happy,surprised,fearful
M12N57.wav, sad,sad,neutral,angry,happy,surprised,fearful
M26A39.wav, sad,sad,neutral,angry,happy,surprised,fearful
M47A09.wav, neutral,neutral,angry,sad,happy,surprised,fearful
M22N30.wav, sad,sad,neutral,angry,happy,surprised,fearful
F20N15.wav, neutral,neutral,sad,angry,happy,surprised,fearful
F01S15.wav, sad,sad,neutral,angry,happy,surprised,fearful
F22S15.wav, sad,sad,neutral,angry,happy,surprised,fearful
M29N02.wav, sad,sad,neutral,angry,happy,surprised,fearful
F07A24.wav, neutral,neutral,sad,angry,happy,surprised,fearful
M09A20.wav, sad,sad,neutral,angry,happy,surprised,fearful
F24A33.wav, neutral,neutral,sad,angry,happy,surprised,fearful
M21N06.wav, sad,sad,neutral,angry,happy,surprised,fearful
M04N63.wav, neutral,neutral,sad,angry,happy,surprised,fearful
F10A23.wav, sad,sad,neutral,angry,happy,surprised,fearful
F03A09.wav, neutral,neutral,sad,angry,happy,surprised,fearful
F30A06.wav, sad,sad,neutral,angry,happy,surprised,fearful
M28S23.wav, sad,sad,neutral,angry,happy,surprised,fearful
M12A14.wav, neutral,neutral,sad,angry,happy,surprised,fearful
M18N06.wav, neutral,neutral,sad,angry,happy,surprised,fearful
M38N03.wav, neutral,neutral,sad,angry,happy,surprised,fearful
M34H04.wav, sad,sad,neutral,angry,happy,surprised,fearful
M44A01.wav, sad,sad,angry,neutral,happy,surprised,fearful
F30H03.wav, sad,sad,neutral,angry,surprised,happy,fearful
M03S11.wav, sad,sad,neutral,angry,happy,surprised,fearful
F13A18.wav, sad,sad,neutral,angry,happy,surprised,fearful
M25N18.wav, sad,sad,neutral,angry,happy,surprised,fearful
M48N10.wav, sad,sad,neutral,angry,surprised,happy,fearful
M27N59.wav, sad,sad,neutral,angry,happy,surprised,fearful
M25W08.wav, neutral,neutral,sad,angry,happy,surprised,fearful
F20W04.wav, sad,sad,angry,neutral,happy,surprised,fearful
M26A29.wav, sad,sad,angry,neutral,happy,surprised,fearful
M46N03.wav, sad,sad,neutral,angry,surprised,happy,fearful
M28S11.wav, sad,sad,neutral,angry,surprised,happy,fearful
M40A05.wav, sad,sad,neutral,angry,happy,surprised,fearful
M09A04.wav, angry,angry,neutral,sad,happy,surprised,fearful
F05S04.wav, sad,sad,neutral,angry,happy,surprised,fearful
F09S06.wav, sad,sad,neutral,angry,happy,surprised,fearful
M12A42.wav, neutral,neutral,angry,sad,happy,surprised,fearful
M43A10.wav, sad,sad,neutral,angry,happy,surprised,fearful
F19N16.wav, sad,sad,neutral,angry,happy,surprised,fearful
F28A01.wav, sad,sad,neutral,angry,happy,surprised,fearful
F24A18.wav, sad,sad,neutral,angry,happy,surprised,fearful
F24H05.wav, neutral,neutral,sad,angry,happy,surprised,fearful
M04N53.wav, sad,sad,neutral,angry,happy,surprised,fearful
M29A13.wav, sad,sad,angry,neutral,happy,surprised,fearful
M12A09.wav, sad,sad,neutral,angry,surprised,happy,fearful
F20N11.wav, neutral,neutral,sad,angry,happy,surprised,fearful
F05W03.wav, sad,sad,neutral,angry,happy,surprised,fearful
F09S09.wav, sad,sad,neutral,angry,happy,surprised,fearful
M12N59.wav, sad,sad,neutral,angry,happy,surprised,fearful
M43W07.wav, neutral,neutral,sad,angry,happy,surprised,fearful
M56N03.wav, neutral,neutral,sad,angry,happy,surprised,fearful
F07N09.wav, sad,sad,neutral,angry,happy,surprised,fearful
M41A04.wav, neutral,neutral,sad,angry,happy,surprised,fearful
F03N07.wav, sad,sad,neutral,angry,surprised,happy,fearful
F07S15.wav, sad,sad,neutral,angry,happy,surprised,fearful
M53A21.wav, sad,sad,angry,neutral,happy,surprised,fearful
F24A13.wav, sad,sad,neutral,angry,happy,surprised,fearful
F24A55.wav, sad,sad,neutral,angry,happy,surprised,fearful
F06H02.wav, sad,sad,neutral,angry,happy,surprised,fearful
M44N24.wav, sad,sad,neutral,angry,happy,surprised,fearful
F12N10.wav, sad,sad,neutral,angry,happy,surprised,fearful
F24A66.wav, neutral,neutral,sad,angry,happy,surprised,fearful
M07F01.wav, sad,sad,neutral,angry,surprised,happy,fearful
F28S01.wav, sad,sad,neutral,angry,happy,surprised,fearful
M04A07.wav, neutral,neutral,sad,angry,happy,surprised,fearful
M12N10.wav, neutral,neutral,sad,angry,happy,surprised,fearful
F24A63.wav, sad,sad,neutral,surprised,angry,happy,fearful
F23N04.wav, sad,sad,neutral,angry,happy,surprised,fearful
F23A12.wav, sad,sad,neutral,angry,happy,surprised,fearful
M27N11.wav, sad,sad,neutral,angry,happy,surprised,fearful
M26A30.wav, neutral,neutral,sad,angry,happy,surprised,fearful
F07S23.wav, sad,sad,neutral,angry,happy,surprised,fearful
M32S05.wav, sad,sad,neutral,angry,surprised,happy,fearful
F24A51.wav, sad,sad,neutral,angry,happy,surprised,fearful
F21S44.wav, neutral,neutral,sad,angry,happy,surprised,fearful
F08W01.wav, sad,sad,neutral,angry,happy,surprised,fearful
M21N08.wav, sad,sad,neutral,angry,happy,surprised,fearful
M16H09.wav, sad,sad,neutral,angry,happy,surprised,fearful
F24N11.wav, sad,sad,neutral,angry,happy,surprised,fearful
M28A42.wav, sad,sad,neutral,angry,happy,surprised,fearful
M36H01.wav, sad,sad,neutral,angry,happy,surprised,fearful
M47A04.wav, sad,sad,neutral,angry,happy,surprised,fearful
F24A17.wav, sad,sad,neutral,angry,happy,surprised,fearful
F07S42.wav, sad,sad,neutral,angry,happy,surprised,fearful
M40N25.wav, neutral,neutral,sad,angry,happy,surprised,fearful
F05N43.wav, sad,sad,neutral,angry,happy,surprised,fearful
M12N48.wav, sad,sad,neutral,angry,happy,surprised,fearful
M40N39.wav, sad,sad,neutral,angry,happy,surprised,fearful
F21S14.wav, neutral,neutral,sad,angry,happy,surprised,fearful
M43N05.wav, neutral,neutral,sad,angry,happy,surprised,fearful
F18A01.wav, sad,sad,neutral,angry,happy,surprised,fearful
F21A05.wav, sad,sad,neutral,angry,happy,surprised,fearful
F07A53.wav, angry,angry,sad,neutral,happy,surprised,fearful
F01A18.wav, sad,sad,neutral,angry,happy,surprised,fearful
M25N04.wav, sad,sad,neutral,angry,happy,surprised,fearful
M21W06.wav, sad,sad,neutral,angry,happy,surprised,fearful
F05N15.wav, sad,sad,neutral,angry,happy,surprised,fearful
M27A02.wav, sad,sad,neutral,angry,happy,surprised,fearful
M47N11.wav, sad,sad,neutral,angry,happy,surprised,fearful
M47A17.wav, angry,angry,neutral,sad,happy,surprised,fearful
M47A06.wav, neutral,neutral,sad,angry,happy,surprised,fearful
F05N25.wav, sad,sad,neutral,angry,happy,surprised,fearful
F19N27.wav, sad,sad,neutral,angry,happy,surprised,fearful
M09A22.wav, sad,sad,neutral,angry,happy,surprised,fearful
M09A13.wav, sad,sad,neutral,angry,happy,surprised,fearful
M03H02.wav, angry,angry,sad,neutral,happy,surprised,fearful
F23A10.wav, sad,sad,neutral,angry,happy,surprised,fearful
M28N08.wav, sad,sad,angry,neutral,happy,surprised,fearful
M47N25.wav, neutral,neutral,sad,angry,happy,surprised,fearful
F01W06.wav, sad,sad,neutral,angry,happy,surprised,fearful
F26N05.wav, neutral,neutral,sad,angry,happy,surprised,fearful
M28A34.wav, angry,angry,sad,neutral,happy,surprised,fearful
F07A16.wav, neutral,neutral,sad,angry,happy,surprised,fearful
F24N16.wav, sad,sad,neutral,angry,happy,surprised,fearful
M04N41.wav, sad,sad,neutral,angry,happy,surprised,fearful
M16A30.wav, neutral,neutral,sad,angry,happy,surprised,fearful
M38N09.wav, neutral,neutral,sad,angry,happy,surprised,fearful
F04A15.wav, sad,sad,neutral,angry,surprised,happy,fearful
F03W02.wav, sad,sad,neutral,angry,happy,surprised,fearful
M03A39.wav, neutral,neutral,angry,sad,happy,surprised,fearful
M02N17.wav, neutral,neutral,sad,angry,happy,surprised,fearful
M34S04.wav, sad,sad,neutral,angry,happy,surprised,fearful
F06W03.wav, sad,sad,angry,neutral,happy,surprised,fearful
F03S11.wav, sad,sad,neutral,angry,happy,surprised,fearful
F23A19.wav, neutral,neutral,sad,angry,happy,surprised,fearful
M28S19.wav, sad,sad,neutral,angry,surprised,happy,fearful
M09A18.wav, neutral,neutral,sad,angry,happy,surprised,fearful
F31A08.wav, sad,sad,neutral,angry,happy,surprised,fearful
M04N48.wav, neutral,neutral,sad,angry,happy,surprised,fearful
M05N06.wav, sad,sad,neutral,surprised,angry,happy,fearful
F01S16.wav, sad,sad,neutral,angry,happy,surprised,fearful
F24A25.wav, sad,sad,neutral,angry,happy,surprised,fearful
M42A09.wav, neutral,neutral,sad,angry,happy,surprised,fearful
M28N09.wav, neutral,neutral,sad,angry,happy,surprised,fearful
M53A24.wav, sad,sad,neutral,angry,happy,surprised,fearful
F21A54.wav, sad,sad,neutral,angry,happy,surprised,fearful
F21S17.wav, sad,sad,neutral,angry,happy,surprised,fearful
F05N48.wav, sad,sad,neutral,angry,happy,surprised,fearful
F01S22.wav, sad,sad,neutral,angry,happy,surprised,fearful
F24W04.wav, sad,sad,neutral,angry,happy,surprised,fearful
M22W02.wav, sad,sad,neutral,angry,surprised,happy,fearful
M12A62.wav, sad,sad,neutral,angry,happy,surprised,fearful
M28A08.wav, neutral,neutral,angry,sad,happy,surprised,fearful
M43A03.wav, sad,sad,neutral,angry,happy,surprised,fearful
M26N04.wav, neutral,neutral,sad,angry,happy,surprised,fearful
F28N03.wav, sad,sad,neutral,angry,happy,surprised,fearful
F24A34.wav, sad,sad,angry,neutral,happy,surprised,fearful
M27N29.wav, neutral,neutral,sad,angry,happy,surprised,fearful
M25A41.wav, neutral,neutral,sad,angry,happy,surprised,fearful
M12A26.wav, sad,sad,angry,neutral,happy,surprised,fearful
F14H01.wav, sad,sad,neutral,angry,happy,surprised,fearful
M04A01.wav, neutral,neutral,sad,angry,happy,surprised,fearful
F05N35.wav, sad,sad,neutral,angry,happy,surprised,fearful
M04N68.wav, sad,sad,neutral,angry,happy,surprised,fearful
M32F01.wav, sad,sad,neutral,angry,surprised,happy,fearful
M39A01.wav, sad,sad,neutral,angry,happy,surprised,fearful
F10A24.wav, neutral,neutral,angry,sad,happy,surprised,fearful
M12A38.wav, neutral,neutral,angry,sad,happy,surprised,fearful
M07N02.wav, neutral,neutral,angry,sad,happy,surprised,fearful
F03N05.wav, neutral,neutral,sad,angry,happy,surprised,fearful
M25A66.wav, angry,angry,neutral,sad,happy,surprised,fearful
F01A10.wav, sad,sad,neutral,angry,happy,surprised,fearful
F07W06.wav, sad,sad,neutral,angry,happy,surprised,fearful
M15A10.wav, angry,angry,sad,neutral,happy,surprised,fearful
M06W01.wav, sad,sad,neutral,angry,happy,surprised,fearful
F21A30.wav, neutral,neutral,sad,angry,happy,surprised,fearful
M20H02.wav, sad,sad,neutral,angry,happy,surprised,fearful
M28A12.wav, sad,sad,neutral,angry,surprised,happy,fearful
M04N14.wav, neutral,neutral,sad,angry,happy,surprised,fearful
F05N16.wav, sad,sad,neutral,angry,happy,surprised,fearful
M31W01.wav, neutral,neutral,angry,sad,happy,surprised,fearful
M04N20.wav, sad,sad,angry,neutral,happy,surprised,fearful
M31N08.wav, sad,sad,neutral,angry,happy,surprised,fearful
M23A02.wav, neutral,neutral,sad,angry,happy,surprised,fearful
M02N19.wav, neutral,neutral,sad,angry,happy,surprised,fearful
F24S09.wav, neutral,neutral,sad,angry,happy,surprised,fearful
F21W30.wav, neutral,neutral,sad,angry,happy,surprised,fearful
F21A24.wav, sad,sad,neutral,angry,happy,surprised,fearful
F19N08.wav, sad,sad,neutral,angry,happy,surprised,fearful
M22N20.wav, sad,sad,neutral,angry,happy,surprised,fearful
M03A03.wav, angry,angry,neutral,sad,happy,surprised,fearful
F07A55.wav, sad,sad,neutral,angry,happy,surprised,fearful
M09A17.wav, neutral,neutral,angry,sad,happy,surprised,fearful
M25A37.wav, neutral,neutral,sad,angry,happy,surprised,fearful
F10A30.wav, sad,sad,neutral,angry,happy,surprised,fearful
M02N05.wav, sad,sad,neutral,angry,happy,surprised,fearful
F24H01.wav, sad,sad,neutral,angry,happy,surprised,fearful
F12N09.wav, sad,sad,neutral,angry,happy,surprised,fearful
M29A11.wav, sad,sad,neutral,angry,happy,surprised,fearful
M12A25.wav, neutral,neutral,sad,angry,happy,surprised,fearful
F28S03.wav, sad,sad,neutral,angry,happy,surprised,fearful
F21S31.wav, neutral,neutral,sad,angry,happy,surprised,fearful
M16H08.wav, sad,sad,neutral,angry,happy,surprised,fearful
F28A16.wav, sad,sad,neutral,angry,happy,surprised,fearful
F05N32.wav, neutral,neutral,sad,angry,happy,surprised,fearful
M51N11.wav, sad,sad,neutral,angry,surprised,happy,fearful
F21W10.wav, sad,sad,neutral,angry,happy,surprised,fearful
F21S43.wav, neutral,neutral,angry,sad,happy,surprised,fearful
M43H02.wav, sad,sad,neutral,angry,happy,surprised,fearful
F24S06.wav, neutral,neutral,sad,angry,happy,surprised,fearful
M23W01.wav, sad,sad,neutral,angry,happy,surprised,fearful
F07S39.wav, sad,sad,neutral,angry,surprised,happy,fearful
M40N30.wav, sad,sad,neutral,angry,happy,surprised,fearful
F21A37.wav, neutral,neutral,sad,angry,happy,surprised,fearful
M16W02.wav, sad,sad,neutral,angry,happy,surprised,fearful
M28W02.wav, sad,sad,angry,neutral,happy,surprised,fearful
F03S09.wav, sad,sad,neutral,angry,surprised,happy,fearful
M18N11.wav, sad,sad,neutral,angry,happy,surprised,fearful
M05A09.wav, neutral,neutral,angry,sad,happy,surprised,fearful
M47N21.wav, sad,sad,neutral,angry,happy,surprised,fearful
F21W18.wav, angry,angry,sad,neutral,happy,surprised,fearful
F25A04.wav, angry,angry,neutral,sad,happy,surprised,fearful
F30S04.wav, neutral,neutral,sad,angry,happy,surprised,fearful
F24N12.wav, neutral,neutral,sad,angry,happy,surprised,fearful
M03A28.wav, neutral,neutral,sad,angry,happy,surprised,fearful
F07A44.wav, neutral,neutral,sad,angry,happy,surprised,fearful
F25N02.wav, neutral,neutral,sad,angry,happy,surprised,fearful
M03A02.wav, angry,angry,sad,neutral,happy,surprised,fearful
M05S15.wav, sad,sad,neutral,angry,surprised,happy,fearful
M43W01.wav, neutral,neutral,sad,angry,happy,surprised,fearful
M01H01.wav, sad,sad,neutral,angry,happy,surprised,fearful
F28A19.wav, sad,sad,neutral,angry,happy,surprised,fearful
M53N05.wav, neutral,neutral,sad,angry,happy,surprised,fearful
M51N23.wav, sad,sad,neutral,angry,happy,surprised,fearful
M12N53.wav, neutral,neutral,sad,angry,happy,surprised,fearful
F30A03.wav, neutral,neutral,sad,angry,happy,surprised,fearful
M21N09.wav, sad,sad,neutral,angry,happy,surprised,fearful
M42A10.wav, angry,angry,neutral,sad,happy,surprised,fearful
F21W12.wav, sad,sad,neutral,angry,happy,surprised,fearful
F21N19.wav, neutral,neutral,sad,angry,happy,surprised,fearful
F07A48.wav, angry,angry,neutral,sad,happy,surprised,fearful
M03A47.wav, angry,angry,sad,neutral,happy,surprised,fearful
F01H06.wav, sad,sad,neutral,angry,happy,surprised,fearful
M53A19.wav, sad,sad,neutral,angry,happy,surprised,fearful
F21H07.wav, sad,sad,neutral,angry,surprised,happy,fearful
M43N02.wav, sad,sad,neutral,angry,happy,surprised,fearful
M47A13.wav, neutral,neutral,sad,angry,happy,surprised,fearful
M19N01.wav, sad,sad,neutral,angry,happy,surprised,fearful
M12N08.wav, sad,sad,neutral,angry,happy,surprised,fearful
M40N19.wav, neutral,neutral,sad,angry,happy,surprised,fearful
M04N25.wav, neutral,neutral,sad,angry,happy,surprised,fearful
M28N21.wav, neutral,neutral,sad,angry,happy,surprised,fearful
M47N17.wav, sad,sad,neutral,surprised,angry,happy,fearful
F07S37.wav, sad,sad,neutral,angry,surprised,happy,fearful
M12N15.wav, sad,sad,angry,neutral,happy,surprised,fearful
F06N01.wav, sad,sad,neutral,angry,happy,surprised,fearful
F24S07.wav, neutral,neutral,sad,angry,happy,surprised,fearful
M29A05.wav, sad,sad,neutral,angry,happy,surprised,fearful
F24H19.wav, sad,sad,neutral,angry,happy,surprised,fearful
F07W02.wav, angry,angry,sad,neutral,happy,surprised,fearful
F21A02.wav, neutral,neutral,sad,angry,happy,surprised,fearful
M16A05.wav, neutral,neutral,sad,angry,happy,surprised,fearful
F21W11.wav, sad,sad,neutral,angry,surprised,happy,fearful
M28N13.wav, sad,sad,neutral,angry,happy,surprised,fearful
F12A10.wav, sad,sad,neutral,angry,happy,surprised,fearful
M03S09.wav, sad,sad,neutral,angry,happy,surprised,fearful
F23A17.wav, neutral,neutral,sad,angry,happy,surprised,fearful
M28N01.wav, sad,sad,neutral,surprised,angry,happy,fearful
F01W01.wav, sad,sad,angry,neutral,happy,surprised,fearful
M53N21.wav, sad,sad,neutral,surprised,angry,happy,fearful
F21A20.wav, sad,sad,neutral,angry,surprised,happy,fearful
F23H07.wav, sad,sad,neutral,angry,happy,surprised,fearful
F21S36.wav, neutral,neutral,sad,angry,happy,surprised,fearful
M55A01.wav, neutral,neutral,sad,angry,happy,surprised,fearful
M15A08.wav, neutral,neutral,sad,angry,happy,surprised,fearful
F06H06.wav, sad,sad,neutral,angry,happy,surprised,fearful
M03A08.wav, sad,sad,neutral,angry,happy,surprised,fearful
M27N36.wav, sad,sad,neutral,angry,happy,surprised,fearful
F01H04.wav, sad,sad,neutral,angry,happy,surprised,fearful
M18F01.wav, neutral,neutral,sad,angry,happy,surprised,fearful
F26N03.wav, sad,sad,neutral,angry,happy,surprised,fearful
M12A13.wav, neutral,neutral,angry,sad,happy,surprised,fearful
M53A23.wav, neutral,neutral,sad,angry,happy,surprised,fearful
M41A03.wav, neutral,neutral,sad,angry,happy,surprised,fearful
F14H02.wav, sad,sad,neutral,angry,happy,surprised,fearful
F07A32.wav, neutral,neutral,sad,angry,happy,surprised,fearful
F06A02.wav, neutral,neutral,sad,angry,happy,surprised,fearful
F07S47.wav, sad,sad,neutral,angry,happy,surprised,fearful
F24A07.wav, sad,sad,neutral,angry,happy,surprised,fearful
F09A03.wav, sad,sad,neutral,angry,happy,surprised,fearful
F21W29.wav, neutral,neutral,angry,sad,happy,surprised,fearful
M04A04.wav, neutral,neutral,sad,angry,happy,surprised,fearful
F07A20.wav, angry,angry,sad,neutral,happy,surprised,fearful
F09N04.wav, sad,sad,neutral,angry,happy,surprised,fearful
M32H03.wav, sad,sad,neutral,angry,surprised,happy,fearful
M29A04.wav, sad,sad,angry,neutral,happy,surprised,fearful
M20A02.wav, neutral,neutral,sad,angry,happy,surprised,fearful
F21S15.wav, sad,sad,neutral,angry,happy,surprised,fearful
F09A07.wav, sad,sad,neutral,angry,happy,surprised,fearful
M04N40.wav, neutral,neutral,sad,angry,happy,surprised,fearful
F20N08.wav, sad,sad,neutral,angry,happy,surprised,fearful
F06S02.wav, sad,sad,neutral,angry,happy,surprised,fearful
M40N50.wav, sad,sad,neutral,angry,happy,surprised,fearful
M02A05.wav, neutral,neutral,sad,angry,happy,surprised,fearful
F09S05.wav, sad,sad,neutral,angry,happy,surprised,fearful
M12N58.wav, neutral,neutral,sad,angry,happy,surprised,fearful
F28S05.wav, sad,sad,neutral,angry,happy,surprised,fearful
M17W01.wav, sad,sad,neutral,angry,happy,surprised,fearful
F07A11.wav, neutral,neutral,sad,angry,happy,surprised,fearful
F21N17.wav, neutral,neutral,angry,sad,happy,surprised,fearful
M11H03.wav, neutral,neutral,sad,angry,happy,surprised,fearful
F30S06.wav, sad,sad,neutral,angry,happy,surprised,fearful
F24N09.wav, sad,sad,neutral,angry,happy,surprised,fearful
M30N08.wav, sad,sad,neutral,angry,happy,surprised,fearful
M05S09.wav, sad,sad,neutral,angry,happy,surprised,fearful
F01N09.wav, sad,sad,neutral,angry,happy,surprised,fearful
F26N02.wav, sad,sad,neutral,angry,happy,surprised,fearful
M03A45.wav, sad,sad,neutral,angry,happy,surprised,fearful
M51N02.wav, sad,sad,neutral,angry,happy,surprised,fearful
M23H02.wav, sad,sad,neutral,angry,happy,surprised,fearful
M25W04.wav, sad,sad,neutral,angry,surprised,happy,fearful
M41H01.wav, sad,sad,neutral,angry,happy,surprised,fearful
M19W02.wav, sad,sad,neutral,angry,happy,surprised,fearful
F10A11.wav, sad,sad,neutral,angry,happy,surprised,fearful
M22N07.wav, sad,sad,neutral,angry,happy,surprised,fearful
M40N36.wav, sad,sad,neutral,angry,happy,surprised,fearful
M51N04.wav, sad,sad,neutral,angry,happy,surprised,fearful
F13A15.wav, sad,sad,angry,neutral,happy,surprised,fearful
F05A02.wav, neutral,neutral,sad,angry,happy,surprised,fearful
F01N03.wav, sad,sad,neutral,surprised,angry,happy,fearful
M25N05.wav, sad,sad,neutral,angry,happy,surprised,fearful
F20W03.wav, sad,sad,neutral,angry,happy,surprised,fearful
M37N11.wav, neutral,neutral,angry,sad,happy,surprised,fearful
M26A07.wav, sad,sad,neutral,angry,happy,surprised,fearful
F07S21.wav, sad,sad,neutral,angry,happy,surprised,fearful
F23N07.wav, neutral,neutral,sad,angry,happy,surprised,fearful
F09W02.wav, sad,sad,angry,neutral,happy,surprised,fearful
M27N51.wav, sad,sad,neutral,angry,happy,surprised,fearful
F04A14.wav, sad,sad,neutral,angry,happy,surprised,fearful
M06S02.wav, sad,sad,neutral,angry,surprised,happy,fearful
M17S02.wav, sad,sad,neutral,angry,happy,surprised,fearful
M04N55.wav, neutral,neutral,sad,angry,happy,surprised,fearful
M25A20.wav, neutral,neutral,angry,sad,happy,surprised,fearful
F03H03.wav, neutral,neutral,sad,angry,happy,surprised,fearful
M07S01.wav, neutral,neutral,sad,angry,happy,surprised,fearful
M03W01.wav, sad,sad,angry,neutral,happy,surprised,fearful
M17N03.wav, sad,sad,neutral,angry,happy,surprised,fearful
M16A16.wav, sad,sad,angry,neutral,happy,surprised,fearful
F07A30.wav, sad,sad,neutral,angry,happy,surprised,fearful
M28A07.wav, sad,sad,neutral,angry,happy,surprised,fearful
F12A03.wav, angry,angry,sad,neutral,happy,surprised,fearful
M12N28.wav, neutral,neutral,sad,angry,happy,surprised,fearful
M25A24.wav, neutral,neutral,angry,sad,happy,surprised,fearful
M34A04.wav, sad,sad,angry,neutral,happy,surprised,fearful
F19S03.wav, neutral,neutral,sad,angry,happy,surprised,fearful
M53N23.wav, sad,sad,neutral,angry,happy,surprised,fearful
M25S13.wav, sad,sad,neutral,angry,happy,surprised,fearful
M27W02.wav, sad,sad,neutral,angry,happy,surprised,fearful
F27N01.wav, neutral,neutral,sad,angry,happy,surprised,fearful
M39H02.wav, sad,sad,neutral,angry,happy,surprised,fearful
F30A07.wav, sad,sad,neutral,angry,happy,surprised,fearful
M44N03.wav, sad,sad,neutral,angry,happy,surprised,fearful
M07W01.wav, sad,sad,angry,neutral,happy,surprised,fearful
F01A17.wav, sad,sad,neutral,angry,happy,surprised,fearful
F28A20.wav, sad,sad,neutral,angry,happy,surprised,fearful
M06N03.wav, sad,sad,neutral,angry,happy,surprised,fearful
M20A04.wav, sad,sad,neutral,angry,happy,surprised,fearful
F21S10.wav, neutral,neutral,angry,sad,happy,surprised,fearful
M40N03.wav, sad,sad,neutral,angry,happy,surprised,fearful
F03A05.wav, neutral,neutral,sad,angry,happy,surprised,fearful
M47H01.wav, sad,sad,neutral,angry,happy,surprised,fearful
F24W13.wav, sad,sad,angry,neutral,happy,surprised,fearful
M22N27.wav, sad,sad,neutral,angry,happy,surprised,fearful
M02A13.wav, neutral,neutral,sad,angry,happy,surprised,fearful
F23N05.wav, sad,sad,neutral,angry,happy,surprised,fearful
M40N24.wav, neutral,neutral,sad,angry,happy,surprised,fearful
M26S06.wav, neutral,neutral,sad,angry,happy,surprised,fearful
F19N23.wav, neutral,neutral,sad,angry,happy,surprised,fearful
M26N09.wav, sad,sad,neutral,angry,happy,surprised,fearful
M47N01.wav, sad,sad,neutral,angry,happy,surprised,fearful
F07H11.wav, sad,sad,neutral,angry,happy,surprised,fearful
M16A15.wav, neutral,neutral,sad,angry,happy,surprised,fearful
F21N03.wav, sad,sad,neutral,angry,happy,surprised,fearful
M04N19.wav, neutral,neutral,sad,angry,happy,surprised,fearful
F23A01.wav, sad,sad,neutral,angry,happy,surprised,fearful
F11N03.wav, sad,sad,neutral,angry,surprised,happy,fearful
F07H06.wav, sad,sad,neutral,angry,happy,surprised,fearful
M04N80.wav, sad,sad,neutral,angry,happy,surprised,fearful
M03S21.wav, sad,sad,neutral,angry,happy,surprised,fearful
M28S10.wav, sad,sad,neutral,angry,surprised,happy,fearful
F01H02.wav, neutral,neutral,sad,angry,happy,surprised,fearful
F21A26.wav, neutral,neutral,sad,angry,happy,surprised,fearful
F10A25.wav, sad,sad,neutral,angry,happy,surprised,fearful
F07A56.wav, sad,sad,neutral,angry,happy,surprised,fearful
M47A18.wav, sad,sad,neutral,angry,happy,surprised,fearful
F07A57.wav, neutral,neutral,sad,angry,happy,surprised,fearful
M16A13.wav, angry,angry,sad,neutral,happy,surprised,fearful
F24W10.wav, angry,angry,sad,neutral,happy,surprised,fearful
M27N32.wav, sad,sad,neutral,angry,happy,surprised,fearful
M26N05.wav, neutral,neutral,sad,angry,happy,surprised,fearful
F21S16.wav, neutral,neutral,angry,sad,happy,surprised,fearful
F07A39.wav, sad,sad,angry,neutral,happy,surprised,fearful
M47A15.wav, neutral,neutral,sad,angry,happy,surprised,fearful
M12N37.wav, neutral,neutral,sad,angry,happy,surprised,fearful
M02A10.wav, neutral,neutral,angry,sad,happy,surprised,fearful
M03W04.wav, sad,sad,neutral,angry,happy,surprised,fearful
M18N03.wav, sad,sad,neutral,angry,happy,surprised,fearful
M26A13.wav, neutral,neutral,sad,angry,happy,surprised,fearful
M04N69.wav, sad,sad,neutral,angry,happy,surprised,fearful
F21S38.wav, neutral,neutral,sad,angry,happy,surprised,fearful
F13A20.wav, sad,sad,neutral,angry,happy,surprised,fearful
M41A02.wav, sad,sad,neutral,angry,surprised,happy,fearful
M15A09.wav, neutral,neutral,sad,angry,happy,surprised,fearful
F21N04.wav, neutral,neutral,sad,angry,happy,surprised,fearful
M04N47.wav, neutral,neutral,sad,angry,happy,surprised,fearful
M07N01.wav, sad,sad,angry,neutral,happy,surprised,fearful
M25A50.wav, angry,angry,sad,neutral,happy,surprised,fearful
F24N04.wav, neutral,neutral,sad,angry,happy,surprised,fearful
M51N10.wav, sad,sad,neutral,angry,surprised,happy,fearful
F07S30.wav, sad,sad,neutral,angry,happy,surprised,fearful
F09A01.wav, sad,sad,neutral,angry,happy,surprised,fearful
M28A18.wav, neutral,neutral,angry,sad,happy,surprised,fearful
M37N01.wav, sad,sad,neutral,angry,happy,surprised,fearful
F21A13.wav, sad,sad,neutral,angry,happy,surprised,fearful
F13A16.wav, angry,angry,neutral,sad,happy,surprised,fearful
F30A05.wav, sad,sad,neutral,angry,happy,surprised,fearful
F24A11.wav, sad,sad,neutral,angry,happy,surprised,fearful
F21S32.wav, sad,sad,neutral,angry,happy,surprised,fearful
M25H04.wav, neutral,neutral,sad,angry,happy,surprised,fearful
M09A08.wav, neutral,neutral,angry,sad,happy,surprised,fearful
F24W18.wav, sad,sad,neutral,angry,happy,surprised,fearful
F19N17.wav, sad,sad,neutral,angry,happy,surprised,fearful
F21N08.wav, sad,sad,angry,neutral,happy,surprised,fearful
F03A06.wav, sad,sad,neutral,angry,happy,surprised,fearful
M53A08.wav, neutral,neutral,angry,sad,happy,surprised,fearful
M12N84.wav, angry,angry,sad,neutral,happy,surprised,fearful
F24S17.wav, sad,sad,neutral,angry,happy,surprised,fearful
F24S15.wav, neutral,neutral,sad,angry,happy,surprised,fearful
F21S18.wav, sad,sad,neutral,angry,happy,surprised,fearful
M03A13.wav, angry,angry,neutral,sad,happy,surprised,fearful
F24A32.wav, sad,sad,neutral,angry,happy,surprised,fearful
M02A15.wav, neutral,neutral,sad,angry,happy,surprised,fearful
F01S11.wav, sad,sad,angry,neutral,happy,surprised,fearful
F21S08.wav, neutral,neutral,sad,angry,happy,surprised,fearful
M44N15.wav, sad,sad,neutral,angry,happy,surprised,fearful
M04W02.wav, sad,sad,neutral,angry,happy,surprised,fearful
M12A68.wav, sad,sad,neutral,angry,happy,surprised,fearful
M22W01.wav, sad,sad,angry,neutral,happy,surprised,fearful
M24S04.wav, sad,sad,neutral,angry,happy,surprised,fearful
M12A18.wav, sad,sad,neutral,angry,happy,surprised,fearful
M46W01.wav, sad,sad,angry,neutral,surprised,happy,fearful
F05N38.wav, sad,sad,neutral,angry,happy,surprised,fearful
F05N20.wav, sad,sad,neutral,angry,happy,surprised,fearful
F07S44.wav, sad,sad,neutral,angry,happy,surprised,fearful
M04N16.wav, neutral,neutral,sad,angry,happy,surprised,fearful
F07H02.wav, sad,sad,angry,neutral,happy,surprised,fearful
F07S24.wav, sad,sad,neutral,angry,happy,surprised,fearful
F21S35.wav, neutral,neutral,sad,angry,happy,surprised,fearful
M43W02.wav, angry,angry,sad,neutral,happy,surprised,fearful
F24A53.wav, neutral,neutral,sad,angry,happy,surprised,fearful
M12A35.wav, angry,angry,neutral,sad,happy,surprised,fearful
F24N07.wav, sad,sad,neutral,angry,happy,surprised,fearful
M28A19.wav, neutral,neutral,angry,sad,happy,surprised,fearful
M06S03.wav, neutral,neutral,sad,angry,happy,surprised,fearful
F07A15.wav, sad,sad,angry,neutral,happy,surprised,fearful
F17A02.wav, sad,sad,neutral,angry,happy,surprised,fearful
F07A50.wav, neutral,neutral,sad,angry,happy,surprised,fearful
M03A26.wav, neutral,neutral,sad,angry,happy,surprised,fearful
F05N24.wav, sad,sad,neutral,angry,happy,surprised,fearful
M16A10.wav, sad,sad,neutral,angry,happy,surprised,fearful
F21N12.wav, neutral,neutral,sad,angry,happy,surprised,fearful
F07A54.wav, angry,angry,neutral,sad,happy,surprised,fearful
F04A04.wav, sad,sad,angry,neutral,happy,surprised,fearful
M26A17.wav, sad,sad,neutral,angry,happy,surprised,fearful
F24W11.wav, sad,sad,neutral,angry,happy,surprised,fearful
M50A05.wav, sad,sad,neutral,angry,happy,surprised,fearful
M31N03.wav, sad,sad,neutral,angry,happy,surprised,fearful
F17N01.wav, sad,sad,neutral,angry,happy,surprised,fearful
M25A17.wav, sad,sad,angry,neutral,happy,surprised,fearful
F13A13.wav, sad,sad,angry,neutral,happy,surprised,fearful
M26A21.wav, sad,sad,neutral,angry,happy,surprised,fearful
M35A01.wav, sad,sad,neutral,angry,happy,surprised,fearful
M44H03.wav, sad,sad,neutral,angry,happy,surprised,fearful
F19N01.wav, sad,sad,neutral,angry,happy,surprised,fearful
M16N02.wav, neutral,neutral,sad,angry,happy,surprised,fearful
M44N09.wav, sad,sad,neutral,angry,happy,surprised,fearful
F23H04.wav, sad,sad,neutral,angry,happy,surprised,fearful
M28N23.wav, sad,sad,neutral,angry,happy,surprised,fearful
F24A06.wav, sad,sad,neutral,angry,happy,surprised,fearful
M02A08.wav, angry,angry,neutral,sad,happy,surprised,fearful
M34A01.wav, sad,sad,neutral,angry,happy,surprised,fearful
M25N19.wav, sad,sad,neutral,angry,happy,surprised,fearful
F30A08.wav, sad,sad,neutral,angry,happy,surprised,fearful
M12N61.wav, neutral,neutral,sad,angry,happy,surprised,fearful
F01N08.wav, sad,sad,neutral,angry,happy,surprised,fearful
M16A11.wav, sad,sad,neutral,angry,happy,surprised,fearful
F20W05.wav, sad,sad,neutral,angry,happy,surprised,fearful
M09A11.wav, neutral,neutral,sad,angry,happy,surprised,fearful
F31A03.wav, sad,sad,neutral,angry,happy,surprised,fearful
F21S09.wav, neutral,neutral,sad,angry,happy,surprised,fearful
M41H05.wav, neutral,neutral,sad,angry,happy,surprised,fearful
F20H01.wav, sad,sad,neutral,angry,happy,surprised,fearful
F24H15.wav, sad,sad,neutral,angry,happy,surprised,fearful
M56N02.wav, sad,sad,neutral,angry,happy,surprised,fearful
F12A09.wav, sad,sad,angry,neutral,happy,surprised,fearful
F09S11.wav, sad,sad,neutral,angry,surprised,happy,fearful
M05N11.wav, sad,sad,neutral,angry,happy,surprised,fearful
M46N01.wav, sad,sad,neutral,angry,surprised,happy,fearful
F21A33.wav, sad,sad,neutral,angry,happy,surprised,fearful
M18N02.wav, sad,sad,neutral,angry,happy,surprised,fearful
M43W05.wav, sad,sad,neutral,angry,surprised,happy,fearful
M25W03.wav, neutral,neutral,sad,angry,happy,surprised,fearful
F01A21.wav, sad,sad,angry,neutral,happy,surprised,fearful
M05A04.wav, sad,sad,angry,neutral,happy,surprised,fearful
M04N61.wav, sad,sad,neutral,angry,happy,surprised,fearful
F25A02.wav, sad,sad,neutral,angry,happy,surprised,fearful
M53A27.wav, sad,sad,neutral,angry,happy,surprised,fearful
M34A09.wav, sad,sad,neutral,angry,happy,surprised,fearful
M38N13.wav, neutral,neutral,angry,sad,happy,surprised,fearful
M40N43.wav, neutral,neutral,sad,angry,happy,surprised,fearful
M37N04.wav, sad,sad,neutral,angry,happy,surprised,fearful
M34S03.wav, sad,sad,neutral,surprised,angry,happy,fearful
M40N29.wav, sad,sad,neutral,angry,happy,surprised,fearful
M15A03.wav, neutral,neutral,sad,angry,happy,surprised,fearful
M36S06.wav, sad,sad,neutral,angry,happy,surprised,fearful
M05A08.wav, neutral,neutral,angry,sad,happy,surprised,fearful
F10A59.wav, sad,sad,neutral,angry,happy,surprised,fearful
M15N01.wav, sad,sad,neutral,angry,happy,surprised,fearful
F24A61.wav, sad,sad,neutral,angry,happy,surprised,fearful
M02A14.wav, neutral,neutral,sad,angry,happy,surprised,fearful
F21S27.wav, sad,sad,neutral,angry,surprised,happy,fearful
F02W04.wav, sad,sad,angry,neutral,happy,surprised,fearful
F02F01.wav, sad,sad,neutral,angry,surprised,happy,fearful
F23A04.wav, neutral,neutral,sad,angry,happy,surprised,fearful
F24A56.wav, sad,sad,neutral,angry,happy,surprised,fearful
M16H07.wav, sad,sad,neutral,angry,happy,surprised,fearful
M27N50.wav, sad,sad,neutral,angry,happy,surprised,fearful
M44N12.wav, neutral,neutral,sad,angry,happy,surprised,fearful
M33N01.wav, neutral,neutral,angry,sad,happy,surprised,fearful
F09W04.wav, sad,sad,neutral,angry,happy,surprised,fearful
F05W01.wav, sad,sad,neutral,angry,happy,surprised,fearful
M14N01.wav, neutral,neutral,sad,angry,happy,surprised,fearful
F07S40.wav, sad,sad,neutral,angry,happy,surprised,fearful
F24W23.wav, sad,sad,neutral,angry,surprised,happy,fearful
F24H16.wav, neutral,neutral,sad,angry,happy,surprised,fearful
M08N07.wav, sad,sad,neutral,angry,surprised,happy,fearful
M25A53.wav, neutral,neutral,sad,angry,happy,surprised,fearful
M03N07.wav, sad,sad,angry,neutral,happy,surprised,fearful
F01A09.wav, sad,sad,angry,neutral,happy,surprised,fearful
M28S15.wav, sad,sad,neutral,angry,surprised,happy,fearful
M24W02.wav, angry,angry,sad,neutral,happy,surprised,fearful
M12N87.wav, neutral,neutral,sad,angry,happy,surprised,fearful
M49N03.wav, sad,sad,neutral,surprised,angry,happy,fearful
M32S01.wav, sad,sad,neutral,angry,surprised,happy,fearful
F10A08.wav, neutral,neutral,sad,angry,happy,surprised,fearful
F10A06.wav, angry,angry,neutral,sad,happy,surprised,fearful
F24S21.wav, neutral,neutral,sad,angry,happy,surprised,fearful
M43A12.wav, neutral,neutral,sad,angry,happy,surprised,fearful
M56W01.wav, sad,sad,neutral,angry,happy,surprised,fearful
F04A07.wav, sad,sad,neutral,angry,happy,surprised,fearful
M19A01.wav, sad,sad,neutral,angry,happy,surprised,fearful
F09S03.wav, sad,sad,neutral,angry,happy,surprised,fearful
M14N05.wav, sad,sad,neutral,angry,happy,surprised,fearful
M12N02.wav, sad,sad,neutral,angry,happy,surprised,fearful
M24W01.wav, sad,sad,neutral,angry,happy,surprised,fearful
M44W02.wav, neutral,neutral,sad,angry,happy,surprised,fearful
F05N42.wav, neutral,neutral,sad,angry,happy,surprised,fearful
F28A09.wav, sad,sad,neutral,angry,happy,surprised,fearful
M26A10.wav, neutral,neutral,sad,angry,happy,surprised,fearful
M44N18.wav, neutral,neutral,sad,angry,happy,surprised,fearful
F30S10.wav, neutral,neutral,sad,angry,happy,surprised,fearful
F05N30.wav, sad,sad,neutral,angry,happy,surprised,fearful
F11N01.wav, sad,sad,neutral,surprised,angry,happy,fearful
F01A07.wav, neutral,neutral,sad,angry,happy,surprised,fearful
M03N05.wav, sad,sad,angry,neutral,surprised,happy,fearful
F19N30.wav, sad,sad,neutral,angry,happy,surprised,fearful
M53N26.wav, sad,sad,neutral,surprised,angry,happy,fearful
M51N13.wav, sad,sad,neutral,angry,happy,surprised,fearful
F10A01.wav, neutral,neutral,angry,sad,happy,surprised,fearful
M40N52.wav, neutral,neutral,sad,angry,happy,surprised,fearful
F10A26.wav, neutral,neutral,sad,angry,happy,surprised,fearful
F21S23.wav, neutral,neutral,sad,angry,happy,surprised,fearful
M22A03.wav, sad,sad,neutral,surprised,angry,happy,fearful
F05N27.wav, sad,sad,neutral,angry,happy,surprised,fearful
M28N11.wav, sad,sad,neutral,angry,happy,surprised,fearful
F26S01.wav, neutral,neutral,sad,angry,happy,surprised,fearful
M39N01.wav, sad,sad,neutral,angry,happy,surprised,fearful
M04N52.wav, neutral,neutral,sad,angry,happy,surprised,fearful
F24W06.wav, sad,sad,neutral,angry,happy,surprised,fearful
F24A24.wav, neutral,neutral,sad,angry,happy,surprised,fearful
M47N12.wav, sad,sad,neutral,angry,happy,surprised,fearful
M51N09.wav, sad,sad,neutral,angry,happy,surprised,fearful
F05N26.wav, sad,sad,neutral,angry,happy,surprised,fearful
F05N02.wav, sad,sad,neutral,angry,happy,surprised,fearful
F24F02.wav, neutral,neutral,sad,angry,happy,surprised,fearful
F21F01.wav, sad,sad,angry,neutral,happy,surprised,fearful
M09A24.wav, sad,sad,neutral,angry,surprised,happy,fearful
M26A08.wav, sad,sad,angry,neutral,happy,surprised,fearful
M16H02.wav, neutral,neutral,sad,angry,happy,surprised,fearful
M16A25.wav, angry,angry,sad,neutral,happy,surprised,fearful
F02W02.wav, sad,sad,neutral,angry,happy,surprised,fearful
F24H02.wav, sad,sad,neutral,angry,happy,surprised,fearful
M05N17.wav, neutral,neutral,sad,angry,happy,surprised,fearful
M25S02.wav, sad,sad,neutral,angry,surprised,happy,fearful
M47N04.wav, sad,sad,neutral,angry,happy,surprised,fearful
F03F03.wav, sad,sad,neutral,angry,surprised,happy,fearful
M12N18.wav, sad,sad,neutral,angry,happy,surprised,fearful
F22W01.wav, sad,sad,neutral,angry,happy,surprised,fearful
F07A42.wav, angry,angry,sad,neutral,happy,surprised,fearful
M04N60.wav, sad,sad,neutral,angry,happy,surprised,fearful
M22N08.wav, sad,sad,neutral,angry,happy,surprised,fearful
F22A03.wav, sad,sad,neutral,angry,happy,surprised,fearful
M47N13.wav, sad,sad,neutral,angry,happy,surprised,fearful
F21S40.wav, neutral,neutral,sad,angry,happy,surprised,fearful
M38N06.wav, neutral,neutral,sad,angry,happy,surprised,fearful
F01A11.wav, sad,sad,neutral,angry,happy,surprised,fearful
M02A23.wav, angry,angry,neutral,sad,happy,surprised,fearful
M53A02.wav, sad,sad,neutral,angry,happy,surprised,fearful
M53N04.wav, sad,sad,neutral,angry,happy,surprised,fearful
F05N23.wav, sad,sad,neutral,angry,happy,surprised,fearful
F12A13.wav, sad,sad,neutral,angry,happy,surprised,fearful
M50A03.wav, sad,sad,neutral,angry,happy,surprised,fearful
M05N01.wav, sad,sad,angry,neutral,happy,surprised,fearful
F24N14.wav, neutral,neutral,angry,sad,happy,surprised,fearful
M28A01.wav, neutral,neutral,angry,sad,happy,surprised,fearful
F07A05.wav, angry,angry,sad,neutral,happy,surprised,fearful
F10A42.wav, sad,sad,neutral,angry,happy,surprised,fearful
M28A28.wav, sad,sad,neutral,angry,surprised,happy,fearful
F23N08.wav, sad,sad,angry,neutral,happy,surprised,fearful
M48A05.wav, sad,sad,neutral,angry,happy,surprised,fearful
M45N05.wav, sad,sad,neutral,angry,happy,surprised,fearful
M29A03.wav, sad,sad,neutral,angry,happy,surprised,fearful
M02A07.wav, angry,angry,neutral,sad,happy,surprised,fearful
F07S16.wav, sad,sad,neutral,angry,happy,surprised,fearful
M40N46.wav, sad,sad,neutral,angry,surprised,happy,fearful
F12N07.wav, neutral,neutral,sad,angry,happy,surprised,fearful
F24A70.wav, sad,sad,neutral,angry,happy,surprised,fearful
F13A12.wav, neutral,neutral,sad,angry,happy,surprised,fearful
F21A44.wav, sad,sad,angry,neutral,happy,surprised,fearful
M32N01.wav, sad,sad,neutral,angry,surprised,happy,fearful
F06H09.wav, sad,sad,neutral,angry,happy,surprised,fearful
M41N02.wav, neutral,neutral,sad,angry,happy,surprised,fearful
F07A08.wav, sad,sad,neutral,angry,happy,surprised,fearful
F03S15.wav, neutral,neutral,sad,angry,happy,surprised,fearful
F07A04.wav, neutral,neutral,sad,angry,happy,surprised,fearful
M02A09.wav, angry,angry,neutral,sad,happy,surprised,fearful
M31N01.wav, sad,sad,neutral,angry,happy,surprised,fearful
F21A51.wav, sad,sad,neutral,angry,happy,surprised,fearful
F19N34.wav, sad,sad,neutral,angry,happy,surprised,fearful
M25S07.wav, sad,sad,neutral,angry,happy,surprised,fearful
F21S41.wav, neutral,neutral,sad,angry,happy,surprised,fearful
F05N10.wav, sad,sad,neutral,angry,happy,surprised,fearful
M03A22.wav, neutral,neutral,angry,sad,happy,surprised,fearful
M05N02.wav, sad,sad,neutral,angry,happy,surprised,fearful
F20N06.wav, neutral,neutral,sad,angry,happy,surprised,fearful
F02N03.wav, neutral,neutral,sad,angry,happy,surprised,fearful
F10A44.wav, sad,sad,neutral,angry,happy,surprised,fearful
F24A65.wav, sad,sad,neutral,angry,happy,surprised,fearful
F09N02.wav, sad,sad,angry,neutral,happy,surprised,fearful
M12N41.wav, sad,sad,angry,neutral,happy,surprised,fearful
M31A05.wav, neutral,neutral,sad,angry,happy,surprised,fearful
M26A28.wav, sad,sad,neutral,angry,happy,surprised,fearful
F23A13.wav, sad,sad,neutral,angry,happy,surprised,fearful
M20A06.wav, sad,sad,neutral,angry,surprised,happy,fearful
M25A61.wav, neutral,neutral,sad,angry,happy,surprised,fearful
F31A01.wav, sad,sad,neutral,angry,happy,surprised,fearful
M25N16.wav, neutral,neutral,sad,angry,happy,surprised,fearful
M12N72.wav, sad,sad,neutral,angry,happy,surprised,fearful
F22S01.wav, sad,sad,neutral,angry,happy,surprised,fearful
F10A53.wav, neutral,neutral,angry,sad,happy,surprised,fearful
F24W08.wav, sad,sad,neutral,angry,happy,surprised,fearful
M26A16.wav, sad,sad,neutral,angry,happy,surprised,fearful
F28A06.wav, sad,sad,neutral,angry,surprised,happy,fearful
F14N08.wav, sad,sad,neutral,angry,happy,surprised,fearful
F13A19.wav, sad,sad,neutral,angry,happy,surprised,fearful
F01S04.wav, sad,sad,neutral,angry,happy,surprised,fearful
F05N51.wav, sad,sad,neutral,angry,happy,surprised,fearful
M12A61.wav, neutral,neutral,sad,angry,happy,surprised,fearful
M34N03.wav, sad,sad,neutral,angry,surprised,happy,fearful
F10A13.wav, sad,sad,neutral,angry,happy,surprised,fearful
M12A22.wav, neutral,neutral,sad,angry,happy,surprised,fearful
F14N05.wav, sad,sad,angry,neutral,happy,surprised,fearful
F09S13.wav, sad,sad,neutral,angry,happy,surprised,fearful
F12W01.wav, sad,sad,neutral,angry,happy,surprised,fearful
F24A45.wav, sad,sad,neutral,angry,happy,surprised,fearful
F05N19.wav, sad,sad,neutral,angry,happy,surprised,fearful
M44N14.wav, sad,sad,neutral,angry,happy,surprised,fearful
M34A07.wav, sad,sad,angry,neutral,happy,surprised,fearful
M17N07.wav, neutral,neutral,sad,angry,happy,surprised,fearful
M20N03.wav, sad,sad,neutral,angry,happy,surprised,fearful
M13A01.wav, sad,sad,neutral,angry,happy,surprised,fearful
M40N54.wav, sad,sad,neutral,angry,happy,surprised,fearful
F21A32.wav, neutral,neutral,sad,angry,happy,surprised,fearful
F03N06.wav, neutral,neutral,sad,angry,happy,surprised,fearful
M12A59.wav, neutral,neutral,angry,sad,happy,surprised,fearful
M26A14.wav, angry,angry,sad,neutral,happy,surprised,fearful
M29A10.wav, angry,angry,sad,neutral,happy,surprised,fearful
F28A23.wav, sad,sad,neutral,angry,happy,surprised,fearful
M12A30.wav, neutral,neutral,sad,angry,happy,surprised,fearful
M43W08.wav, neutral,neutral,sad,angry,happy,surprised,fearful
M47N19.wav, sad,sad,neutral,angry,happy,surprised,fearful
M11H07.wav, sad,sad,neutral,angry,happy,surprised,fearful
F03F01.wav, sad,sad,neutral,angry,happy,surprised,fearful
M28S20.wav, sad,sad,neutral,angry,surprised,happy,fearful
F28A22.wav, sad,sad,neutral,angry,happy,surprised,fearful
F28S06.wav, sad,sad,neutral,angry,happy,surprised,fearful
F28A10.wav, sad,sad,neutral,angry,happy,surprised,fearful
F03S08.wav, neutral,neutral,sad,angry,happy,surprised,fearful
F21W09.wav, sad,sad,angry,neutral,happy,surprised,fearful
M04A02.wav, neutral,neutral,sad,angry,happy,surprised,fearful
F13A06.wav, angry,angry,sad,neutral,happy,surprised,fearful
M12S06.wav, neutral,neutral,sad,angry,happy,surprised,fearful
M27N24.wav, sad,sad,neutral,angry,happy,surprised,fearful
M40N20.wav, sad,sad,neutral,angry,happy,surprised,fearful
M40A03.wav, neutral,neutral,sad,angry,happy,surprised,fearful
F15A03.wav, neutral,neutral,sad,angry,happy,surprised,fearful
M24A02.wav, sad,sad,neutral,angry,happy,surprised,fearful
F24S01.wav, sad,sad,neutral,angry,surprised,happy,fearful
F21N22.wav, neutral,neutral,sad,angry,happy,surprised,fearful
F24A14.wav, sad,sad,neutral,angry,happy,surprised,fearful
M51N18.wav, sad,sad,neutral,angry,surprised,happy,fearful
M12A02.wav, angry,angry,neutral,sad,happy,surprised,fearful
M25W09.wav, sad,sad,neutral,angry,surprised,happy,fearful
M25W06.wav, sad,sad,neutral,angry,happy,surprised,fearful
M05N07.wav, sad,sad,neutral,angry,happy,surprised,fearful
F24A08.wav, sad,sad,angry,neutral,happy,surprised,fearful
F21A14.wav, sad,sad,neutral,angry,happy,surprised,fearful
M21N03.wav, sad,sad,neutral,angry,happy,surprised,fearful
M55H01.wav, sad,sad,neutral,angry,happy,surprised,fearful
F01W04.wav, sad,sad,angry,neutral,happy,surprised,fearful
F28A17.wav, sad,sad,neutral,angry,surprised,happy,fearful
M09N01.wav, neutral,neutral,sad,angry,happy,surprised,fearful
M28H01.wav, neutral,neutral,sad,angry,happy,surprised,fearful
M29A02.wav, neutral,neutral,sad,angry,happy,surprised,fearful
F22N04.wav, sad,sad,neutral,angry,happy,surprised,fearful
M12A60.wav, sad,sad,angry,neutral,happy,surprised,fearful
M25A23.wav, neutral,neutral,angry,sad,happy,surprised,fearful
M16A24.wav, neutral,neutral,sad,angry,happy,surprised,fearful
M28A02.wav, sad,sad,neutral,angry,happy,surprised,fearful
F30N01.wav, sad,sad,angry,neutral,happy,surprised,fearful
F01S13.wav, neutral,neutral,sad,angry,happy,surprised,fearful
F09A13.wav, sad,sad,neutral,angry,happy,surprised,fearful
F21H05.wav, sad,sad,angry,neutral,happy,surprised,fearful
M44S01.wav, sad,sad,neutral,angry,happy,surprised,fearful
M28A23.wav, neutral,neutral,sad,angry,happy,surprised,fearful
M51N08.wav, sad,sad,neutral,angry,surprised,happy,fearful
M43A07.wav, neutral,neutral,sad,angry,happy,surprised,fearful
F17A03.wav, sad,sad,angry,neutral,happy,surprised,fearful
F05S03.wav, sad,sad,neutral,angry,happy,surprised,fearful
F24N10.wav, sad,sad,neutral,angry,happy,surprised,fearful
F30A02.wav, neutral,neutral,sad,angry,happy,surprised,fearful
M25A40.wav, neutral,neutral,angry,sad,happy,surprised,fearful
M49H01.wav, sad,sad,neutral,angry,surprised,happy,fearful
M12A03.wav, sad,sad,neutral,angry,happy,surprised,fearful
M08N03.wav, sad,sad,neutral,angry,happy,surprised,fearful
M43N04.wav, neutral,neutral,sad,angry,happy,surprised,fearful
M03A04.wav, angry,angry,sad,neutral,happy,surprised,fearful
M44S04.wav, sad,sad,neutral,angry,happy,surprised,fearful
F20N13.wav, sad,sad,neutral,angry,happy,surprised,fearful
F24N02.wav, sad,sad,neutral,angry,happy,surprised,fearful
F15N02.wav, neutral,neutral,sad,angry,happy,surprised,fearful
M03A29.wav, neutral,neutral,sad,angry,happy,surprised,fearful
M37N14.wav, neutral,neutral,sad,angry,happy,surprised,fearful
F19N35.wav, neutral,neutral,sad,angry,happy,surprised,fearful
F09A02.wav, sad,sad,angry,neutral,happy,surprised,fearful
M44N19.wav, sad,sad,neutral,angry,happy,surprised,fearful
M05S12.wav, sad,sad,neutral,surprised,angry,happy,fearful
M40N45.wav, neutral,neutral,sad,angry,happy,surprised,fearful
F07S17.wav, sad,sad,neutral,angry,surprised,happy,fearful
M56A01.wav, neutral,neutral,sad,angry,happy,surprised,fearful
F01H05.wav, sad,sad,neutral,angry,happy,surprised,fearful
F09S10.wav, neutral,neutral,sad,angry,happy,surprised,fearful
F02S06.wav, sad,sad,neutral,angry,happy,surprised,fearful
F02S13.wav, sad,sad,neutral,angry,surprised,happy,fearful
F23A20.wav, angry,angry,neutral,sad,happy,surprised,fearful
M25N10.wav, sad,sad,neutral,angry,happy,surprised,fearful
F17H01.wav, sad,sad,neutral,angry,happy,surprised,fearful
F03W09.wav, angry,angry,sad,neutral,happy,surprised,fearful
M29S02.wav, sad,sad,neutral,angry,surprised,happy,fearful
M12S10.wav, sad,sad,neutral,angry,surprised,happy,fearful
M12N56.wav, neutral,neutral,sad,angry,happy,surprised,fearful
M02A03.wav, neutral,neutral,sad,angry,happy,surprised,fearful
M12W07.wav, sad,sad,angry,neutral,happy,surprised,fearful
M27N46.wav, sad,sad,neutral,angry,happy,surprised,fearful
F15A02.wav, neutral,neutral,sad,angry,happy,surprised,fearful
F07A49.wav, sad,sad,angry,neutral,happy,surprised,fearful
M37N02.wav, neutral,neutral,sad,angry,happy,surprised,fearful
M21S01.wav, sad,sad,neutral,angry,surprised,happy,fearful
F22S11.wav, sad,sad,neutral,angry,surprised,happy,fearful
M53N16.wav, sad,sad,neutral,angry,happy,surprised,fearful
F24S04.wav, sad,sad,neutral,angry,happy,surprised,fearful
F19N36.wav, sad,sad,neutral,angry,happy,surprised,fearful
F09S15.wav, sad,sad,neutral,angry,happy,surprised,fearful
F24H17.wav, neutral,neutral,sad,angry,happy,surprised,fearful
F28N01.wav, sad,sad,neutral,angry,happy,surprised,fearful
M48N05.wav, sad,sad,neutral,angry,surprised,happy,fearful
M12N54.wav, sad,sad,neutral,angry,happy,surprised,fearful
M12N40.wav, sad,sad,neutral,angry,happy,surprised,fearful
M25A09.wav, neutral,neutral,angry,sad,happy,surprised,fearful
F03S12.wav, neutral,neutral,sad,angry,happy,surprised,fearful
M16A21.wav, neutral,neutral,sad,angry,happy,surprised,fearful
M40N09.wav, sad,sad,neutral,angry,happy,surprised,fearful
F24S14.wav, neutral,neutral,sad,angry,happy,surprised,fearful
M32H02.wav, sad,sad,neutral,angry,surprised,happy,fearful
F21S01.wav, sad,sad,angry,neutral,surprised,happy,fearful
M21N11.wav, sad,sad,neutral,angry,happy,surprised,fearful
F28A14.wav, sad,sad,neutral,angry,happy,surprised,fearful
F28A11.wav, sad,sad,neutral,angry,surprised,happy,fearful
M19W01.wav, sad,sad,neutral,surprised,angry,happy,fearful
M22W03.wav, sad,sad,neutral,angry,happy,surprised,fearful
M40N10.wav, neutral,neutral,sad,angry,happy,surprised,fearful
M12H01.wav, neutral,neutral,angry,sad,happy,surprised,fearful
M40N35.wav, neutral,neutral,sad,angry,happy,surprised,fearful
M18N04.wav, neutral,neutral,sad,angry,happy,surprised,fearful
M41W06.wav, sad,sad,angry,neutral,happy,surprised,fearful
M15A02.wav, sad,sad,neutral,angry,happy,surprised,fearful
F03S01.wav, neutral,neutral,sad,angry,happy,surprised,fearful
F28A27.wav, sad,sad,neutral,angry,surprised,happy,fearful
M27N22.wav, sad,sad,neutral,angry,happy,surprised,fearful
F12N04.wav, sad,sad,neutral,angry,happy,surprised,fearful
M28A35.wav, neutral,neutral,sad,angry,happy,surprised,fearful
F24N08.wav, neutral,neutral,sad,angry,happy,surprised,fearful
M19A03.wav, sad,sad,neutral,angry,happy,surprised,fearful
M19N05.wav, sad,sad,neutral,angry,happy,surprised,fearful
M15A04.wav, neutral,neutral,sad,angry,happy,surprised,fearful
M03S03.wav, sad,sad,neutral,angry,surprised,happy,fearful
M54A01.wav, neutral,neutral,sad,angry,happy,surprised,fearful
M34A06.wav, sad,sad,neutral,angry,happy,surprised,fearful
M53N09.wav, sad,sad,neutral,angry,surprised,happy,fearful
F18S01.wav, neutral,neutral,sad,angry,happy,surprised,fearful
F09H03.wav, neutral,neutral,sad,angry,happy,surprised,fearful
F30S09.wav, neutral,neutral,sad,angry,happy,surprised,fearful
M22N02.wav, sad,sad,neutral,angry,happy,surprised,fearful
M07F03.wav, sad,sad,neutral,angry,happy,surprised,fearful
F05N39.wav, sad,sad,neutral,angry,happy,surprised,fearful
F19N10.wav, sad,sad,neutral,angry,happy,surprised,fearful
M08H02.wav, sad,sad,neutral,angry,happy,surprised,fearful
F01A06.wav, angry,angry,neutral,sad,happy,surprised,fearful
M46N10.wav, neutral,neutral,sad,angry,happy,surprised,fearful
F13A10.wav, sad,sad,neutral,angry,happy,surprised,fearful
M04N51.wav, neutral,neutral,sad,angry,happy,surprised,fearful
F09N03.wav, neutral,neutral,sad,angry,happy,surprised,fearful
F21N18.wav, sad,sad,neutral,angry,happy,surprised,fearful
M51N14.wav, sad,sad,neutral,angry,happy,surprised,fearful
M47A11.wav, neutral,neutral,sad,angry,happy,surprised,fearful
M44N06.wav, neutral,neutral,sad,angry,happy,surprised,fearful
M12N20.wav, sad,sad,neutral,angry,happy,surprised,fearful
M04S07.wav, sad,sad,neutral,angry,happy,surprised,fearful
M36N02.wav, sad,sad,neutral,angry,happy,surprised,fearful
M28S02.wav, sad,sad,neutral,angry,happy,surprised,fearful
F24A46.wav, neutral,neutral,sad,angry,happy,surprised,fearful
M39W01.wav, sad,sad,neutral,angry,happy,surprised,fearful
M30A03.wav, sad,sad,neutral,angry,happy,surprised,fearful
M05S13.wav, sad,sad,neutral,angry,happy,surprised,fearful
M40N06.wav, sad,sad,neutral,angry,happy,surprised,fearful
F19N28.wav, sad,sad,neutral,angry,happy,surprised,fearful
M47N26.wav, neutral,neutral,sad,angry,happy,surprised,fearful
M27N30.wav, sad,sad,neutral,angry,happy,surprised,fearful
F05N31.wav, sad,sad,neutral,angry,happy,surprised,fearful
F19N04.wav, neutral,neutral,sad,angry,happy,surprised,fearful
M46N05.wav, sad,sad,neutral,angry,happy,surprised,fearful
M18N14.wav, neutral,neutral,sad,angry,happy,surprised,fearful
F24N13.wav, neutral,neutral,sad,angry,happy,surprised,fearful
F26F02.wav, sad,sad,neutral,angry,happy,surprised,fearful
F22S06.wav, sad,sad,neutral,angry,happy,surprised,fearful
M18N05.wav, neutral,neutral,sad,angry,happy,surprised,fearful
M31S01.wav, sad,sad,neutral,angry,surprised,happy,fearful
F28A24.wav, sad,sad,neutral,angry,surprised,happy,fearful
M53A20.wav, sad,sad,neutral,angry,happy,surprised,fearful
M09A03.wav, angry,angry,sad,neutral,happy,surprised,fearful
M40N33.wav, sad,sad,neutral,angry,happy,surprised,fearful
M04H02.wav, neutral,neutral,sad,angry,happy,surprised,fearful
F14N07.wav, sad,sad,angry,neutral,happy,surprised,fearful
F11N04.wav, sad,sad,neutral,angry,surprised,happy,fearful
F01N01.wav, angry,angry,sad,neutral,happy,surprised,fearful
M51S01.wav, sad,sad,neutral,angry,surprised,happy,fearful
M54N03.wav, sad,sad,neutral,angry,happy,surprised,fearful
F07A58.wav, sad,sad,angry,neutral,happy,surprised,fearful
M10A01.wav, sad,sad,neutral,angry,happy,surprised,fearful
F21W22.wav, angry,angry,sad,neutral,happy,surprised,fearful
M05A01.wav, neutral,neutral,angry,sad,happy,surprised,fearful
F28S08.wav, sad,sad,neutral,angry,surprised,happy,fearful
F21A19.wav, sad,sad,neutral,angry,happy,surprised,fearful
F24A60.wav, sad,sad,angry,neutral,happy,surprised,fearful
F21W33.wav, neutral,neutral,sad,angry,happy,surprised,fearful
M02A20.wav, neutral,neutral,sad,angry,happy,surprised,fearful
M21W02.wav, sad,sad,neutral,angry,surprised,happy,fearful
F11S03.wav, sad,sad,neutral,angry,happy,surprised,fearful
F06W01.wav, sad,sad,neutral,surprised,angry,happy,fearful
M12N81.wav, neutral,neutral,sad,angry,happy,surprised,fearful
M40N01.wav, neutral,neutral,sad,angry,happy,surprised,fearful
M03S13.wav, sad,sad,neutral,angry,happy,surprised,fearful
F03N03.wav, neutral,neutral,sad,angry,happy,surprised,fearful
M40A01.wav, neutral,neutral,sad,angry,happy,surprised,fearful
F02S14.wav, sad,sad,neutral,angry,happy,surprised,fearful
M22N12.wav, sad,sad,neutral,angry,happy,surprised,fearful
F19N22.wav, neutral,neutral,sad,angry,happy,surprised,fearful
M26W03.wav, sad,sad,neutral,angry,surprised,happy,fearful
M43H01.wav, neutral,neutral,angry,sad,happy,surprised,fearful
F20N16.wav, sad,sad,neutral,angry,happy,surprised,fearful
F21S19.wav, sad,sad,neutral,angry,surprised,happy,fearful
M16A01.wav, sad,sad,neutral,angry,happy,surprised,fearful
M25A44.wav, neutral,neutral,angry,sad,happy,surprised,fearful
M26A40.wav, neutral,neutral,sad,angry,happy,surprised,fearful
F25N01.wav, neutral,neutral,sad,angry,happy,surprised,fearful
M43A15.wav, neutral,neutral,sad,angry,happy,surprised,fearful
M28N18.wav, sad,sad,neutral,angry,happy,surprised,fearful
M12N38.wav, neutral,neutral,sad,angry,happy,surprised,fearful
M18N12.wav, sad,sad,neutral,angry,happy,surprised,fearful
F21A52.wav, sad,sad,neutral,angry,happy,surprised,fearful
F07S48.wav, sad,sad,neutral,angry,happy,surprised,fearful
M42A01.wav, neutral,neutral,sad,angry,happy,surprised,fearful
M25S01.wav, neutral,neutral,sad,angry,happy,surprised,fearful
M12A39.wav, neutral,neutral,angry,sad,happy,surprised,fearful
M12A28.wav, sad,sad,angry,neutral,happy,surprised,fearful
M24N02.wav, sad,sad,neutral,angry,surprised,happy,fearful
M25A12.wav, neutral,neutral,angry,sad,happy,surprised,fearful
M46A05.wav, sad,sad,neutral,angry,happy,surprised,fearful
F13A24.wav, sad,sad,neutral,angry,happy,surprised,fearful
F18S02.wav, neutral,neutral,sad,angry,happy,surprised,fearful
M25A30.wav, neutral,neutral,sad,angry,happy,surprised,fearful
F10A57.wav, sad,sad,neutral,angry,happy,surprised,fearful
M07N05.wav, sad,sad,neutral,angry,happy,surprised,fearful
M24N03.wav, sad,sad,neutral,angry,happy,surprised,fearful
M34S02.wav, sad,sad,neutral,angry,surprised,happy,fearful
F24H12.wav, neutral,neutral,sad,angry,happy,surprised,fearful
F11N05.wav, sad,sad,neutral,angry,surprised,happy,fearful
F02N01.wav, sad,sad,neutral,angry,happy,surprised,fearful
M43A13.wav, sad,sad,neutral,angry,happy,surprised,fearful
M12A66.wav, angry,angry,sad,neutral,happy,surprised,fearful
M12N80.wav, sad,sad,neutral,angry,happy,surprised,fearful
F19N07.wav, sad,sad,neutral,angry,happy,surprised,fearful
M53N22.wav, sad,sad,neutral,angry,happy,surprised,fearful
F24W24.wav, angry,angry,sad,neutral,happy,surprised,fearful
M28A09.wav, sad,sad,neutral,angry,happy,surprised,fearful
F24H26.wav, sad,sad,neutral,angry,happy,surprised,fearful
M22N13.wav, sad,sad,neutral,angry,happy,surprised,fearful
M08H04.wav, sad,sad,neutral,angry,happy,surprised,fearful
F21A25.wav, sad,sad,neutral,angry,happy,surprised,fearful
M31A04.wav, sad,sad,neutral,angry,happy,surprised,fearful
M44S02.wav, sad,sad,neutral,angry,happy,surprised,fearful
F07W05.wav, sad,sad,angry,neutral,happy,surprised,fearful
M31N12.wav, neutral,neutral,sad,angry,happy,surprised,fearful
F01W03.wav, neutral,neutral,sad,angry,happy,surprised,fearful
F23A11.wav, sad,sad,neutral,angry,happy,surprised,fearful
F01S10.wav, sad,sad,neutral,angry,happy,surprised,fearful
F05A03.wav, sad,sad,neutral,angry,happy,surprised,fearful
M25A26.wav, sad,sad,neutral,angry,happy,surprised,fearful
M02N04.wav, neutral,neutral,sad,angry,happy,surprised,fearful
M11H04.wav, sad,sad,neutral,angry,happy,surprised,fearful
F06S01.wav, sad,sad,neutral,angry,happy,surprised,fearful
M43N03.wav, sad,sad,neutral,angry,happy,surprised,fearful
M25A56.wav, neutral,neutral,sad,angry,happy,surprised,fearful
M22N16.wav, sad,sad,neutral,angry,happy,surprised,fearful
M55N01.wav, neutral,neutral,sad,angry,happy,surprised,fearful
F10A37.wav, sad,sad,angry,neutral,happy,surprised,fearful
M52S01.wav, sad,sad,neutral,angry,surprised,happy,fearful
F24A42.wav, neutral,neutral,sad,angry,happy,surprised,fearful
M12N32.wav, sad,sad,angry,neutral,happy,surprised,fearful
M02N10.wav, sad,sad,neutral,angry,happy,surprised,fearful
M34S05.wav, sad,sad,neutral,angry,surprised,happy,fearful
M47N24.wav, sad,sad,neutral,angry,happy,surprised,fearful
F07A33.wav, neutral,neutral,sad,angry,happy,surprised,fearful
F02S10.wav, neutral,neutral,sad,angry,happy,surprised,fearful
F21A53.wav, sad,sad,neutral,angry,happy,surprised,fearful
F01N04.wav, sad,sad,angry,neutral,happy,surprised,fearful
M15A01.wav, neutral,neutral,sad,angry,happy,surprised,fearful
F12F01.wav, sad,sad,neutral,angry,surprised,happy,fearful
F21A34.wav, neutral,neutral,sad,angry,happy,surprised,fearful
F01S06.wav, neutral,neutral,sad,angry,happy,surprised,fearful
M28W03.wav, sad,sad,surprised,neutral,angry,happy,fearful
M44S03.wav, sad,sad,neutral,angry,happy,surprised,fearful
F11N02.wav, neutral,neutral,sad,angry,happy,surprised,fearful
F07A03.wav, sad,sad,neutral,angry,happy,surprised,fearful
M12N64.wav, neutral,neutral,sad,angry,happy,surprised,fearful
M05H02.wav, sad,sad,neutral,angry,happy,surprised,fearful
M53A28.wav, sad,sad,neutral,angry,surprised,happy,fearful
M27N04.wav, sad,sad,neutral,angry,happy,surprised,fearful
F30N04.wav, sad,sad,neutral,angry,happy,surprised,fearful
M40N17.wav, sad,sad,neutral,angry,happy,surprised,fearful
M28N02.wav, neutral,neutral,sad,angry,happy,surprised,fearful
M52S03.wav, sad,sad,neutral,angry,happy,surprised,fearful
M02S02.wav, sad,sad,neutral,angry,happy,surprised,fearful
M48N08.wav, sad,sad,neutral,angry,happy,surprised,fearful
M30A02.wav, angry,angry,sad,neutral,happy,surprised,fearful
F01S17.wav, sad,sad,neutral,angry,surprised,happy,fearful
M12A07.wav, neutral,neutral,angry,sad,happy,surprised,fearful
F05N12.wav, sad,sad,neutral,angry,happy,surprised,fearful
M12N71.wav, sad,sad,neutral,angry,happy,surprised,fearful
M26A15.wav, sad,sad,neutral,angry,happy,surprised,fearful
M44N21.wav, sad,sad,neutral,angry,happy,surprised,fearful
M27N49.wav, sad,sad,neutral,angry,happy,surprised,fearful
F13A14.wav, sad,sad,neutral,angry,happy,surprised,fearful
M25A33.wav, neutral,neutral,angry,sad,happy,surprised,fearful
M37N16.wav, sad,sad,neutral,angry,happy,surprised,fearful
M46N06.wav, sad,sad,neutral,angry,surprised,happy,fearful
M27N43.wav, sad,sad,neutral,angry,happy,surprised,fearful
F24W15.wav, sad,sad,neutral,angry,happy,surprised,fearful
F02N05.wav, sad,sad,neutral,angry,happy,surprised,fearful
F03W04.wav, neutral,neutral,sad,angry,happy,surprised,fearful
F07W07.wav, neutral,neutral,sad,angry,happy,surprised,fearful
F24A26.wav, sad,sad,neutral,angry,happy,surprised,fearful
F21A45.wav, angry,angry,sad,neutral,happy,surprised,fearful
M28A41.wav, angry,angry,sad,neutral,happy,surprised,fearful
M25A43.wav, neutral,neutral,sad,angry,happy,surprised,fearful
M11S01.wav, sad,sad,neutral,angry,happy,surprised,fearful
M25N13.wav, neutral,neutral,sad,angry,happy,surprised,fearful
F22F01.wav, sad,sad,neutral,angry,happy,surprised,fearful
F07N02.wav, neutral,neutral,sad,angry,happy,surprised,fearful
M09A07.wav, sad,sad,neutral,angry,surprised,happy,fearful
M15A12.wav, neutral,neutral,angry,sad,happy,surprised,fearful
M41H07.wav, sad,sad,neutral,angry,happy,surprised,fearful
M28A27.wav, neutral,neutral,sad,angry,happy,surprised,fearful
F05A01.wav, sad,sad,angry,neutral,happy,surprised,fearful
F21W31.wav, sad,sad,neutral,angry,happy,surprised,fearful
M19N03.wav, sad,sad,neutral,angry,surprised,happy,fearful
M03S19.wav, sad,sad,neutral,angry,happy,surprised,fearful
M12N23.wav, neutral,neutral,sad,angry,happy,surprised,fearful
M27N21.wav, sad,sad,neutral,angry,happy,surprised,fearful
M05N08.wav, sad,sad,neutral,surprised,angry,happy,fearful
M25N01.wav, neutral,neutral,sad,angry,happy,surprised,fearful
F07N05.wav, sad,sad,neutral,angry,happy,surprised,fearful
M03A01.wav, sad,sad,angry,neutral,happy,surprised,fearful
F07A61.wav, neutral,neutral,angry,sad,happy,surprised,fearful
F21A08.wav, neutral,neutral,sad,angry,happy,surprised,fearful
M22S03.wav, sad,sad,neutral,angry,happy,surprised,fearful
F07A26.wav, neutral,neutral,sad,angry,happy,surprised,fearful
F10A47.wav, neutral,neutral,sad,angry,happy,surprised,fearful
M43N06.wav, sad,sad,angry,neutral,happy,surprised,fearful
M22N17.wav, sad,sad,neutral,angry,surprised,happy,fearful
F21W26.wav, sad,sad,neutral,angry,happy,surprised,fearful
M04N27.wav, sad,sad,neutral,angry,happy,surprised,fearful
M37S01.wav, sad,sad,neutral,angry,happy,surprised,fearful
M53N20.wav, sad,sad,neutral,angry,happy,surprised,fearful
M46N09.wav, sad,sad,neutral,angry,happy,surprised,fearful
F02H04.wav, sad,sad,neutral,angry,happy,surprised,fearful
M55A03.wav, angry,angry,sad,neutral,happy,surprised,fearful
F13A11.wav, sad,sad,angry,neutral,happy,surprised,fearful
F21W04.wav, neutral,neutral,sad,angry,happy,surprised,fearful
M24A01.wav, sad,sad,neutral,angry,happy,surprised,fearful
F21A35.wav, angry,angry,sad,neutral,happy,surprised,fearful
F28A13.wav, sad,sad,neutral,angry,happy,surprised,fearful
F07S13.wav, sad,sad,neutral,angry,happy,surprised,fearful
M55N02.wav, sad,sad,neutral,angry,happy,surprised,fearful
F21A41.wav, sad,sad,neutral,angry,happy,surprised,fearful
M16A31.wav, sad,sad,neutral,angry,surprised,happy,fearful
F10H01.wav, sad,sad,neutral,angry,happy,surprised,fearful
M08N05.wav, sad,sad,neutral,angry,happy,surprised,fearful
F24A49.wav, neutral,neutral,sad,angry,happy,surprised,fearful
M53N13.wav, neutral,neutral,sad,angry,happy,surprised,fearful
F29N05.wav, sad,sad,neutral,angry,happy,surprised,fearful
M12N12.wav, neutral,neutral,sad,angry,happy,surprised,fearful
M12A15.wav, neutral,neutral,sad,angry,happy,surprised,fearful
F10A22.wav, sad,sad,angry,neutral,happy,surprised,fearful
F13W02.wav, sad,sad,neutral,surprised,angry,happy,fearful
M08N10.wav, sad,sad,neutral,angry,happy,surprised,fearful
F24F01.wav, sad,sad,neutral,angry,happy,surprised,fearful
M47N06.wav, sad,sad,neutral,angry,happy,surprised,fearful
M41H03.wav, neutral,neutral,sad,angry,happy,surprised,fearful
F04A12.wav, sad,sad,neutral,angry,happy,surprised,fearful
F23A18.wav, sad,sad,neutral,angry,happy,surprised,fearful
M40N14.wav, sad,sad,neutral,angry,happy,surprised,fearful
F09S04.wav, sad,sad,neutral,angry,happy,surprised,fearful
M12A55.wav, neutral,neutral,sad,angry,happy,surprised,fearful
F21A22.wav, sad,sad,neutral,surprised,angry,happy,fearful
M17N04.wav, sad,sad,neutral,angry,happy,surprised,fearful
M47A01.wav, neutral,neutral,sad,angry,happy,surprised,fearful
M01W01.wav, sad,sad,neutral,angry,happy,surprised,fearful
M53N15.wav, neutral,neutral,sad,angry,happy,surprised,fearful
F01S02.wav, sad,sad,neutral,angry,happy,surprised,fearful
M47W02.wav, sad,sad,neutral,angry,surprised,happy,fearful
F31A09.wav, neutral,neutral,sad,angry,happy,surprised,fearful
M07W02.wav, sad,sad,neutral,surprised,angry,happy,fearful
F07A47.wav, angry,angry,sad,neutral,happy,surprised,fearful
M12N17.wav, angry,angry,sad,neutral,happy,surprised,fearful
F07A27.wav, neutral,neutral,sad,angry,happy,surprised,fearful
M22A01.wav, sad,sad,neutral,angry,happy,surprised,fearful
M25A15.wav, neutral,neutral,sad,angry,happy,surprised,fearful
M06A01.wav, sad,sad,neutral,angry,happy,surprised,fearful
F30H02.wav, sad,sad,neutral,angry,happy,surprised,fearful
F03A04.wav, neutral,neutral,angry,sad,happy,surprised,fearful
F24A67.wav, sad,sad,neutral,angry,happy,surprised,fearful
M25A16.wav, neutral,neutral,sad,angry,happy,surprised,fearful
F24A10.wav, sad,sad,neutral,angry,happy,surprised,fearful
F10A20.wav, neutral,neutral,sad,angry,happy,surprised,fearful
F03S07.wav, sad,sad,neutral,angry,happy,surprised,fearful
F21N01.wav, sad,sad,neutral,angry,happy,surprised,fearful
M28A40.wav, sad,sad,angry,neutral,happy,surprised,fearful
F01W05.wav, sad,sad,neutral,angry,happy,surprised,fearful
M19N04.wav, sad,sad,neutral,angry,happy,surprised,fearful
F07S18.wav, sad,sad,neutral,angry,happy,surprised,fearful
M03F02.wav, neutral,neutral,sad,angry,happy,surprised,fearful
F07A35.wav, neutral,neutral,angry,sad,happy,surprised,fearful
M43A09.wav, neutral,neutral,sad,angry,happy,surprised,fearful
M16A19.wav, sad,sad,angry,neutral,happy,surprised,fearful
M16F01.wav, sad,sad,neutral,angry,happy,surprised,fearful
M20N04.wav, sad,sad,neutral,angry,happy,surprised,fearful
M12S08.wav, sad,sad,neutral,angry,happy,surprised,fearful
F04A03.wav, sad,sad,neutral,angry,happy,surprised,fearful
M53A01.wav, sad,sad,neutral,angry,happy,surprised,fearful
M51N12.wav, sad,sad,neutral,surprised,angry,happy,fearful
F08N01.wav, sad,sad,neutral,angry,happy,surprised,fearful
F20N02.wav, sad,sad,neutral,angry,happy,surprised,fearful
F13A17.wav, sad,sad,angry,neutral,happy,surprised,fearful
F23A07.wav, neutral,neutral,sad,angry,happy,surprised,fearful
M03S17.wav, sad,sad,neutral,angry,happy,surprised,fearful
M03S16.wav, neutral,neutral,sad,angry,happy,surprised,fearful
M45A01.wav, sad,sad,neutral,happy,angry,surprised,fearful
F28A05.wav, sad,sad,neutral,angry,happy,surprised,fearful
M30A07.wav, sad,sad,neutral,angry,happy,surprised,fearful
F05N01.wav, sad,sad,neutral,angry,happy,surprised,fearful
F09H02.wav, neutral,neutral,sad,angry,happy,surprised,fearful
M28S09.wav, sad,sad,neutral,angry,surprised,happy,fearful
M08N11.wav, sad,sad,neutral,angry,happy,surprised,fearful
F21H02.wav, neutral,neutral,sad,angry,happy,surprised,fearful
M16A29.wav, neutral,neutral,sad,angry,happy,surprised,fearful
M05S05.wav, sad,sad,neutral,angry,surprised,happy,fearful
F21S04.wav, sad,sad,angry,neutral,happy,surprised,fearful
M50A01.wav, neutral,neutral,sad,angry,happy,surprised,fearful
M18N01.wav, neutral,neutral,sad,angry,happy,surprised,fearful
M27N55.wav, sad,sad,neutral,angry,happy,surprised,fearful
F16S03.wav, sad,sad,neutral,angry,happy,surprised,fearful
M26S05.wav, sad,sad,neutral,angry,happy,surprised,fearful
M34A05.wav, sad,sad,neutral,angry,happy,surprised,fearful
M05F01.wav, sad,sad,neutral,angry,happy,surprised,fearful
M32N03.wav, sad,sad,neutral,angry,surprised,happy,fearful
M26A03.wav, sad,sad,angry,neutral,happy,surprised,fearful
M14N03.wav, sad,sad,neutral,angry,happy,surprised,fearful
M05A05.wav, angry,angry,sad,neutral,happy,surprised,fearful
F04A13.wav, sad,sad,angry,neutral,happy,surprised,fearful
F17S06.wav, sad,sad,neutral,angry,surprised,happy,fearful
M12A41.wav, angry,angry,sad,neutral,happy,surprised,fearful
M34H01.wav, sad,sad,neutral,angry,happy,surprised,fearful
F31S01.wav, sad,sad,neutral,angry,happy,surprised,fearful
F21N13.wav, sad,sad,angry,neutral,happy,surprised,fearful
F30W01.wav, neutral,neutral,sad,angry,happy,surprised,fearful
M42A04.wav, sad,sad,neutral,angry,surprised,happy,fearful
M08H01.wav, sad,sad,neutral,angry,happy,surprised,fearful
F07S41.wav, sad,sad,neutral,angry,happy,surprised,fearful
M29A18.wav, sad,sad,neutral,angry,happy,surprised,fearful
M28A11.wav, neutral,neutral,sad,angry,happy,surprised,fearful
M27N58.wav, sad,sad,neutral,angry,happy,surprised,fearful
M26S02.wav, sad,sad,neutral,angry,surprised,happy,fearful
M29S01.wav, sad,sad,neutral,angry,happy,surprised,fearful
M40A04.wav, angry,angry,neutral,sad,happy,surprised,fearful
F21S03.wav, sad,sad,neutral,angry,happy,surprised,fearful
F24A36.wav, sad,sad,angry,neutral,happy,surprised,fearful
M29A19.wav, neutral,neutral,sad,angry,happy,surprised,fearful
M12A43.wav, angry,angry,sad,neutral,happy,surprised,fearful
M04N64.wav, sad,sad,neutral,angry,happy,surprised,fearful
M47W01.wav, sad,sad,neutral,angry,happy,surprised,fearful
F03W10.wav, sad,sad,angry,neutral,happy,surprised,fearful
M04N23.wav, neutral,neutral,sad,angry,happy,surprised,fearful
F05N28.wav, sad,sad,neutral,angry,happy,surprised,fearful
F27H01.wav, sad,sad,neutral,angry,happy,surprised,fearful
M08N09.wav, sad,sad,neutral,angry,surprised,happy,fearful
M12N74.wav, sad,sad,neutral,angry,happy,surprised,fearful
M12N67.wav, neutral,neutral,sad,angry,happy,surprised,fearful
M26A36.wav, neutral,neutral,sad,angry,happy,surprised,fearful
M25S04.wav, sad,sad,neutral,angry,surprised,happy,fearful
F21H09.wav, sad,sad,neutral,angry,surprised,happy,fearful
F12A01.wav, neutral,neutral,sad,angry,happy,surprised,fearful
M04A11.wav, neutral,neutral,sad,angry,happy,surprised,fearful
F05N47.wav, sad,sad,neutral,angry,happy,surprised,fearful
M25A60.wav, neutral,neutral,sad,angry,happy,surprised,fearful
F03N02.wav, sad,sad,neutral,angry,happy,surprised,fearful
F24S05.wav, neutral,neutral,sad,angry,happy,surprised,fearful
M02N06.wav, sad,sad,neutral,angry,happy,surprised,fearful
M12N39.wav, neutral,neutral,sad,angry,happy,surprised,fearful
F09F01.wav, sad,sad,neutral,angry,surprised,happy,fearful
M09A02.wav, angry,angry,sad,neutral,happy,surprised,fearful
F10A46.wav, sad,sad,neutral,angry,happy,surprised,fearful
M21H02.wav, sad,sad,neutral,angry,happy,surprised,fearful
M12A46.wav, neutral,neutral,angry,sad,happy,surprised,fearful
F02S08.wav, sad,sad,neutral,angry,happy,surprised,fearful
M28N20.wav, sad,sad,angry,neutral,happy,surprised,fearful
F01A13.wav, sad,sad,neutral,angry,happy,surprised,fearful
M49N04.wav, sad,sad,neutral,angry,happy,surprised,fearful
F06H03.wav, sad,sad,neutral,angry,happy,surprised,fearful
F07A18.wav, neutral,neutral,sad,angry,happy,surprised,fearful
F12N01.wav, sad,sad,neutral,angry,happy,surprised,fearful
F02N02.wav, sad,sad,neutral,angry,happy,surprised,fearful
M16W01.wav, sad,sad,angry,neutral,happy,surprised,fearful
M04N33.wav, neutral,neutral,sad,angry,happy,surprised,fearful
F03N01.wav, sad,sad,neutral,angry,happy,surprised,fearful
M43A05.wav, neutral,neutral,sad,angry,happy,surprised,fearful
M27N01.wav, sad,sad,neutral,angry,happy,surprised,fearful
M04N01.wav, sad,sad,angry,neutral,happy,surprised,fearful
M12A70.wav, angry,angry,sad,neutral,happy,surprised,fearful
M40N44.wav, neutral,neutral,sad,angry,happy,surprised,fearful
M44N17.wav, sad,sad,neutral,angry,happy,surprised,fearful
M03A48.wav, sad,sad,neutral,angry,happy,surprised,fearful
M04N12.wav, neutral,neutral,sad,angry,happy,surprised,fearful
M25N21.wav, sad,sad,neutral,angry,happy,surprised,fearful
F01A19.wav, sad,sad,neutral,angry,happy,surprised,fearful
M12A67.wav, angry,angry,sad,neutral,happy,surprised,fearful
F17A01.wav, sad,sad,neutral,angry,happy,surprised,fearful
F24S03.wav, sad,sad,neutral,angry,happy,surprised,fearful
M25A70.wav, neutral,neutral,sad,angry,happy,surprised,fearful
M26A04.wav, angry,angry,sad,neutral,happy,surprised,fearful
M25A36.wav, neutral,neutral,sad,angry,happy,surprised,fearful
F03S13.wav, neutral,neutral,sad,angry,happy,surprised,fearful
F21A03.wav, sad,sad,angry,neutral,happy,surprised,fearful
F02S09.wav, sad,sad,neutral,angry,surprised,happy,fearful
M36S05.wav, sad,sad,angry,neutral,happy,surprised,fearful
M12A44.wav, neutral,neutral,angry,sad,happy,surprised,fearful
M28N03.wav, sad,sad,neutral,angry,happy,surprised,fearful
M53N19.wav, sad,sad,neutral,angry,happy,surprised,fearful
M12A50.wav, neutral,neutral,sad,angry,happy,surprised,fearful
M27N57.wav, sad,sad,neutral,angry,happy,surprised,fearful
F24A28.wav, neutral,neutral,sad,angry,happy,surprised,fearful
M11H08.wav, sad,sad,neutral,angry,happy,surprised,fearful
M02A17.wav, neutral,neutral,angry,sad,happy,surprised,fearful
M47N09.wav, neutral,neutral,sad,angry,happy,surprised,fearful
F24A21.wav, neutral,neutral,sad,angry,happy,surprised,fearful
M28A30.wav, sad,sad,neutral,angry,surprised,happy,fearful
M04N26.wav, neutral,neutral,sad,angry,happy,surprised,fearful
F20H03.wav, sad,sad,neutral,angry,happy,surprised,fearful
M27N31.wav, neutral,neutral,sad,angry,happy,surprised,fearful
M03A24.wav, neutral,neutral,sad,angry,happy,surprised,fearful
F06S07.wav, sad,sad,neutral,angry,happy,surprised,fearful
F11S01.wav, sad,sad,neutral,angry,happy,surprised,fearful
F07A51.wav, neutral,neutral,angry,sad,happy,surprised,fearful
M28A10.wav, neutral,neutral,sad,angry,happy,surprised,fearful
F30S05.wav, neutral,neutral,sad,angry,happy,surprised,fearful
M28A17.wav, neutral,neutral,angry,sad,happy,surprised,fearful
F24A39.wav, sad,sad,angry,neutral,happy,surprised,fearful
M03W02.wav, sad,sad,angry,neutral,happy,surprised,fearful
M29N05.wav, sad,sad,neutral,angry,happy,surprised,fearful
M25N12.wav, sad,sad,neutral,angry,happy,surprised,fearful
M27N27.wav, neutral,neutral,sad,angry,happy,surprised,fearful
F16S02.wav, sad,sad,neutral,angry,surprised,happy,fearful
M04N56.wav, neutral,neutral,sad,angry,happy,surprised,fearful
F24A44.wav, sad,sad,neutral,angry,happy,surprised,fearful
F13N01.wav, sad,sad,neutral,angry,happy,surprised,fearful
M47N03.wav, sad,sad,neutral,angry,happy,surprised,fearful
F21A27.wav, neutral,neutral,sad,angry,happy,surprised,fearful
F16F02.wav, sad,sad,neutral,angry,happy,surprised,fearful
F16W01.wav, angry,angry,neutral,sad,happy,surprised,fearful
F19N03.wav, sad,sad,neutral,happy,angry,surprised,fearful
M48A02.wav, sad,sad,neutral,angry,happy,surprised,fearful
F06S06.wav, sad,sad,neutral,angry,happy,surprised,fearful
F10A39.wav, neutral,neutral,angry,sad,happy,surprised,fearful
F19N39.wav, sad,sad,neutral,angry,happy,surprised,fearful
M26N02.wav, neutral,neutral,sad,angry,happy,surprised,fearful
M14N04.wav, neutral,neutral,sad,angry,happy,surprised,fearful
M46A02.wav, sad,sad,neutral,angry,happy,surprised,fearful
M03S07.wav, sad,sad,neutral,angry,surprised,happy,fearful
F10A38.wav, neutral,neutral,sad,angry,happy,surprised,fearful
F21A47.wav, neutral,neutral,sad,angry,happy,surprised,fearful
M26F01.wav, sad,sad,neutral,angry,happy,surprised,fearful
F06A01.wav, sad,sad,neutral,angry,happy,surprised,fearful
M12N51.wav, sad,sad,neutral,angry,happy,surprised,fearful
M27N48.wav, neutral,neutral,sad,angry,happy,surprised,fearful
M53N10.wav, sad,sad,neutral,angry,surprised,happy,fearful
M05N16.wav, neutral,neutral,sad,angry,happy,surprised,fearful
M53N11.wav, neutral,neutral,sad,angry,happy,surprised,fearful
M21N02.wav, sad,sad,neutral,angry,happy,surprised,fearful
M24N05.wav, sad,sad,neutral,angry,happy,surprised,fearful
F07A07.wav, neutral,neutral,sad,angry,happy,surprised,fearful
F03H05.wav, neutral,neutral,sad,angry,happy,surprised,fearful
M22N09.wav, sad,sad,neutral,angry,happy,surprised,fearful
F02H03.wav, sad,sad,neutral,angry,happy,surprised,fearful
M25H05.wav, sad,sad,neutral,angry,happy,surprised,fearful
F02N04.wav, sad,sad,neutral,angry,happy,surprised,fearful
F22A07.wav, neutral,neutral,sad,angry,happy,surprised,fearful
M22A02.wav, sad,sad,neutral,angry,happy,surprised,fearful
F20N10.wav, neutral,neutral,sad,angry,happy,surprised,fearful
F28N04.wav, sad,sad,neutral,angry,happy,surprised,fearful
M04N44.wav, neutral,neutral,sad,angry,happy,surprised,fearful
M20W05.wav, sad,sad,angry,neutral,happy,surprised,fearful
F09A12.wav, sad,sad,neutral,angry,happy,surprised,fearful
F10A32.wav, sad,sad,neutral,angry,happy,surprised,fearful
M13H01.wav, sad,sad,neutral,angry,happy,surprised,fearful
M28A39.wav, sad,sad,angry,neutral,happy,surprised,fearful
M02N07.wav, sad,sad,neutral,angry,happy,surprised,fearful
M35N01.wav, sad,sad,neutral,angry,happy,surprised,fearful
M05A11.wav, sad,sad,angry,neutral,happy,surprised,fearful
M44H05.wav, neutral,neutral,sad,angry,happy,surprised,fearful
M02A01.wav, neutral,neutral,sad,angry,happy,surprised,fearful
M25S11.wav, neutral,neutral,sad,angry,happy,surprised,fearful
F07N06.wav, neutral,neutral,sad,angry,happy,surprised,fearful
M24S03.wav, sad,sad,neutral,angry,happy,surprised,fearful
M12A45.wav, neutral,neutral,angry,sad,happy,surprised,fearful
M15N04.wav, neutral,neutral,sad,angry,happy,surprised,fearful
F30N03.wav, sad,sad,neutral,angry,happy,surprised,fearful
M30A05.wav, angry,angry,sad,neutral,happy,surprised,fearful
F24W19.wav, sad,sad,neutral,angry,happy,surprised,fearful
F24A68.wav, sad,sad,neutral,angry,happy,surprised,fearful
M25N11.wav, sad,sad,neutral,angry,happy,surprised,fearful
M21N05.wav, sad,sad,angry,neutral,happy,surprised,fearful
F05N14.wav, sad,sad,neutral,angry,happy,surprised,fearful
M20S02.wav, sad,sad,neutral,angry,happy,surprised,fearful
M25A03.wav, angry,angry,neutral,sad,happy,surprised,fearful
M07N03.wav, sad,sad,neutral,angry,happy,surprised,fearful
F07S27.wav, sad,sad,angry,neutral,happy,surprised,fearful
M24H01.wav, neutral,neutral,sad,angry,happy,surprised,fearful
M44H09.wav, sad,sad,neutral,angry,happy,surprised,fearful
M44N25.wav, sad,sad,neutral,angry,happy,surprised,fearful
M38N12.wav, sad,sad,neutral,angry,happy,surprised,fearful
F12A08.wav, sad,sad,neutral,angry,happy,surprised,fearful
M05A06.wav, angry,angry,neutral,sad,happy,surprised,fearful
F21S02.wav, sad,sad,neutral,angry,surprised,happy,fearful
F03S18.wav, sad,sad,angry,neutral,surprised,happy,fearful
F20N05.wav, sad,sad,angry,neutral,happy,surprised,fearful
F09S08.wav, sad,sad,neutral,surprised,angry,happy,fearful
M27N56.wav, sad,sad,neutral,angry,happy,surprised,fearful
F18N01.wav, sad,sad,neutral,angry,happy,surprised,fearful
F24H23.wav, sad,sad,neutral,angry,happy,surprised,fearful
M26N08.wav, sad,sad,neutral,angry,happy,surprised,fearful
F19N14.wav, sad,sad,neutral,angry,happy,surprised,fearful
M17N02.wav, sad,sad,neutral,angry,surprised,happy,fearful
M05N18.wav, sad,sad,neutral,angry,happy,surprised,fearful
M05N09.wav, sad,sad,neutral,angry,happy,surprised,fearful
F21A40.wav, neutral,neutral,sad,angry,happy,surprised,fearful
F21A50.wav, sad,sad,neutral,angry,surprised,happy,fearful
F21N09.wav, neutral,neutral,sad,angry,happy,surprised,fearful
M43W03.wav, angry,angry,sad,neutral,happy,surprised,fearful
M16A12.wav, neutral,neutral,sad,angry,happy,surprised,fearful
M12N46.wav, neutral,neutral,sad,angry,happy,surprised,fearful
F19N33.wav, sad,sad,neutral,angry,happy,surprised,fearful
F01A14.wav, sad,sad,neutral,angry,happy,surprised,fearful
M21W07.wav, sad,sad,angry,neutral,happy,surprised,fearful
F22S14.wav, sad,sad,neutral,angry,happy,surprised,fearful
M12N19.wav, sad,sad,neutral,angry,happy,surprised,fearful
F21S28.wav, neutral,neutral,sad,angry,happy,surprised,fearful
M05A07.wav, angry,angry,neutral,sad,happy,surprised,fearful
F10A48.wav, neutral,neutral,sad,angry,happy,surprised,fearful
M34S01.wav, sad,sad,neutral,angry,happy,surprised,fearful
F21A16.wav, neutral,neutral,sad,angry,happy,surprised,fearful
M46A04.wav, sad,sad,neutral,angry,happy,surprised,fearful
F26S03.wav, sad,sad,neutral,angry,happy,surprised,fearful
F21W15.wav, sad,sad,neutral,angry,happy,surprised,fearful
M27N42.wav, sad,sad,neutral,angry,happy,surprised,fearful
F13A23.wav, neutral,neutral,sad,angry,happy,surprised,fearful
M31N05.wav, sad,sad,neutral,angry,happy,surprised,fearful
F30A01.wav, sad,sad,neutral,angry,happy,surprised,fearful
F04A09.wav, neutral,neutral,sad,angry,happy,surprised,fearful
F24A47.wav, sad,sad,neutral,angry,happy,surprised,fearful
F10A36.wav, sad,sad,neutral,angry,happy,surprised,fearful
M12N50.wav, sad,sad,neutral,angry,happy,surprised,fearful
F21W32.wav, neutral,neutral,sad,angry,happy,surprised,fearful
M40N47.wav, neutral,neutral,sad,angry,happy,surprised,fearful
M26W02.wav, neutral,neutral,angry,sad,happy,surprised,fearful
M22N21.wav, sad,sad,neutral,angry,happy,surprised,fearful
M05S08.wav, sad,sad,neutral,angry,happy,surprised,fearful
M22N14.wav, sad,sad,neutral,angry,happy,surprised,fearful
M05N19.wav, sad,sad,neutral,angry,happy,surprised,fearful
M40N13.wav, sad,sad,neutral,angry,happy,surprised,fearful
F19S01.wav, sad,sad,neutral,angry,happy,surprised,fearful
M25A64.wav, neutral,neutral,angry,sad,happy,surprised,fearful
F20N07.wav, neutral,neutral,sad,angry,happy,surprised,fearful
M12W06.wav, neutral,neutral,sad,angry,happy,surprised,fearful
M53A10.wav, neutral,neutral,sad,angry,happy,surprised,fearful
F24H04.wav, sad,sad,angry,neutral,happy,surprised,fearful
F21A43.wav, sad,sad,neutral,angry,happy,surprised,fearful
M03W09.wav, sad,sad,neutral,angry,happy,surprised,fearful
M11N06.wav, sad,sad,neutral,angry,happy,surprised,fearful
M45N01.wav, sad,sad,angry,neutral,happy,surprised,fearful
F21N11.wav, neutral,neutral,sad,angry,happy,surprised,fearful
M27N07.wav, sad,sad,neutral,angry,happy,surprised,fearful
M24W03.wav, sad,sad,angry,neutral,happy,surprised,fearful
M06N01.wav, neutral,neutral,sad,angry,happy,surprised,fearful
M04N22.wav, sad,sad,neutral,angry,happy,surprised,fearful
F22N02.wav, sad,sad,neutral,angry,happy,surprised,fearful
M14S02.wav, angry,angry,sad,neutral,happy,surprised,fearful
F10A35.wav, neutral,neutral,sad,angry,happy,surprised,fearful
F07S19.wav, sad,sad,neutral,angry,surprised,happy,fearful
M02A19.wav, neutral,neutral,angry,sad,happy,surprised,fearful
M28S24.wav, sad,sad,neutral,angry,happy,surprised,fearful
M25A11.wav, neutral,neutral,angry,sad,happy,surprised,fearful
F22S02.wav, sad,sad,neutral,angry,happy,surprised,fearful
M42A05.wav, sad,sad,neutral,angry,happy,surprised,fearful
M31A03.wav, sad,sad,neutral,angry,happy,surprised,fearful
M28A33.wav, angry,angry,sad,neutral,happy,surprised,fearful
M16N04.wav, sad,sad,neutral,angry,happy,surprised,fearful
M51N19.wav, sad,sad,neutral,angry,surprised,happy,fearful
M38N07.wav, neutral,neutral,sad,angry,happy,surprised,fearful
M12N44.wav, sad,sad,neutral,angry,happy,surprised,fearful
M21W01.wav, sad,sad,neutral,surprised,angry,happy,fearful
M47A12.wav, angry,angry,neutral,sad,happy,surprised,fearful
M48N09.wav, sad,sad,neutral,angry,surprised,happy,fearful
M12N25.wav, sad,sad,neutral,angry,happy,surprised,fearful
F21A38.wav, neutral,neutral,sad,angry,happy,surprised,fearful
M56N04.wav, sad,sad,neutral,angry,happy,surprised,fearful
M17N01.wav, sad,sad,neutral,angry,happy,surprised,fearful
M48N04.wav, sad,sad,neutral,angry,surprised,happy,fearful
M02N18.wav, neutral,neutral,sad,angry,happy,surprised,fearful
M06S01.wav, sad,sad,neutral,angry,happy,surprised,fearful
M03A10.wav, angry,angry,sad,neutral,happy,surprised,fearful
M03S08.wav, sad,sad,neutral,angry,happy,surprised,fearful
F23N02.wav, sad,sad,neutral,angry,happy,surprised,fearful
F10A50.wav, neutral,neutral,sad,angry,happy,surprised,fearful
M48A01.wav, sad,sad,neutral,angry,happy,surprised,fearful
M21W05.wav, sad,sad,neutral,angry,happy,surprised,fearful
M25N17.wav, neutral,neutral,sad,angry,happy,surprised,fearful
F24W02.wav, sad,sad,neutral,surprised,angry,happy,fearful
M53N17.wav, sad,sad,neutral,angry,happy,surprised,fearful
F21H10.wav, sad,sad,neutral,angry,surprised,happy,fearful
M04N24.wav, sad,sad,neutral,angry,happy,surprised,fearful
F21H11.wav, sad,sad,neutral,angry,happy,surprised,fearful
M03A43.wav, neutral,neutral,sad,angry,happy,surprised,fearful
F12N03.wav, sad,sad,angry,neutral,happy,surprised,fearful
F21W24.wav, sad,sad,neutral,angry,happy,surprised,fearful
M34H02.wav, sad,sad,neutral,angry,happy,surprised,fearful
F03S05.wav, neutral,neutral,sad,angry,happy,surprised,fearful
F21W05.wav, sad,sad,neutral,angry,surprised,happy,fearful
M47A16.wav, sad,sad,neutral,angry,happy,surprised,fearful
M47N18.wav, sad,sad,neutral,angry,happy,surprised,fearful
F07A60.wav, sad,sad,angry,neutral,happy,surprised,fearful
F10A19.wav, angry,angry,neutral,sad,happy,surprised,fearful
M12A36.wav, angry,angry,sad,neutral,happy,surprised,fearful
F07S01.wav, sad,sad,neutral,angry,happy,surprised,fearful
F28A25.wav, sad,sad,neutral,angry,happy,surprised,fearful
F24A16.wav, sad,sad,neutral,angry,happy,surprised,fearful
M12N24.wav, sad,sad,neutral,angry,surprised,happy,fearful
M12N66.wav, sad,sad,neutral,angry,happy,surprised,fearful
M03A40.wav, neutral,neutral,sad,angry,happy,surprised,fearful
M09A06.wav, sad,sad,neutral,angry,happy,surprised,fearful
M20S01.wav, sad,sad,neutral,angry,happy,surprised,fearful
F10A07.wav, neutral,neutral,sad,angry,happy,surprised,fearful
M37N05.wav, sad,sad,neutral,angry,happy,surprised,fearful
M04N65.wav, sad,sad,neutral,angry,happy,surprised,fearful
F29N09.wav, sad,sad,neutral,angry,happy,surprised,fearful
M27W04.wav, sad,sad,neutral,angry,happy,surprised,fearful
F24S18.wav, sad,sad,neutral,angry,happy,surprised,fearful
M25A06.wav, angry,angry,neutral,sad,happy,surprised,fearful
M06S05.wav, sad,sad,neutral,angry,happy,surprised,fearful
M02A04.wav, neutral,neutral,sad,angry,happy,surprised,fearful
F21W01.wav, angry,angry,sad,neutral,happy,surprised,fearful
F19N06.wav, sad,sad,neutral,angry,happy,surprised,fearful
M34H06.wav, sad,sad,neutral,angry,happy,surprised,fearful
F05N44.wav, sad,sad,neutral,angry,happy,surprised,fearful
M12W05.wav, sad,sad,angry,neutral,happy,surprised,fearful
F19N09.wav, sad,sad,neutral,angry,happy,surprised,fearful
F05N06.wav, sad,sad,neutral,angry,happy,surprised,fearful
M23A01.wav, sad,sad,angry,neutral,happy,surprised,fearful
M28S05.wav, neutral,neutral,sad,angry,happy,surprised,fearful
M26A35.wav, neutral,neutral,angry,sad,happy,surprised,fearful
M22H01.wav, neutral,neutral,sad,angry,happy,surprised,fearful
M12A52.wav, angry,angry,neutral,sad,happy,surprised,fearful
F17S09.wav, sad,sad,neutral,angry,happy,surprised,fearful
M27N39.wav, sad,sad,neutral,angry,happy,surprised,fearful
M04N79.wav, sad,sad,neutral,angry,happy,surprised,fearful
M53A09.wav, neutral,neutral,sad,angry,happy,surprised,fearful
M43A06.wav, neutral,neutral,sad,angry,happy,surprised,fearful
M53S02.wav, neutral,neutral,sad,angry,happy,surprised,fearful
F10A10.wav, neutral,neutral,sad,angry,happy,surprised,fearful
M37N17.wav, neutral,neutral,sad,angry,happy,surprised,fearful
M25A59.wav, neutral,neutral,sad,angry,happy,surprised,fearful
M05W03.wav, sad,sad,neutral,angry,surprised,happy,fearful
F30S08.wav, neutral,neutral,sad,angry,happy,surprised,fearful
F01S08.wav, neutral,neutral,angry,sad,happy,surprised,fearful
F09A10.wav, sad,sad,neutral,angry,happy,surprised,fearful
F24H11.wav, neutral,neutral,sad,angry,happy,surprised,fearful
F10A51.wav, neutral,neutral,sad,angry,happy,surprised,fearful
F07A01.wav, sad,sad,neutral,angry,happy,surprised,fearful
F01A23.wav, neutral,neutral,sad,angry,happy,surprised,fearful
M05N10.wav, sad,sad,neutral,angry,happy,surprised,fearful
F25A05.wav, neutral,neutral,sad,angry,happy,surprised,fearful
F05N49.wav, sad,sad,neutral,angry,happy,surprised,fearful
F01A16.wav, sad,sad,neutral,angry,happy,surprised,fearful
M25A31.wav, sad,sad,neutral,angry,happy,surprised,fearful
M12A58.wav, neutral,neutral,angry,sad,happy,surprised,fearful
M37N13.wav, neutral,neutral,sad,angry,happy,surprised,fearful
F10A28.wav, angry,angry,neutral,sad,happy,surprised,fearful
F07N04.wav, angry,angry,sad,neutral,happy,surprised,fearful
F21S13.wav, neutral,neutral,sad,angry,happy,surprised,fearful
M12N62.wav, neutral,neutral,sad,angry,happy,surprised,fearful
M12N01.wav, sad,sad,neutral,angry,happy,surprised,fearful
F07S10.wav, neutral,neutral,sad,angry,happy,surprised,fearful
M20N07.wav, sad,sad,neutral,angry,happy,surprised,fearful
M40N22.wav, sad,sad,neutral,angry,happy,surprised,fearful
F13A02.wav, neutral,neutral,sad,angry,happy,surprised,fearful
F29N01.wav, sad,sad,neutral,angry,happy,surprised,fearful
F09N08.wav, sad,sad,neutral,angry,happy,surprised,fearful
M53A17.wav, neutral,neutral,sad,angry,happy,surprised,fearful
M18A01.wav, neutral,neutral,sad,angry,happy,surprised,fearful
F28A21.wav, sad,sad,neutral,angry,surprised,happy,fearful
M03W03.wav, sad,sad,angry,neutral,happy,surprised,fearful
F02W03.wav, angry,angry,sad,neutral,happy,surprised,fearful
M33A02.wav, neutral,neutral,sad,angry,happy,surprised,fearful
F10A40.wav, sad,sad,neutral,angry,happy,surprised,fearful
F06H07.wav, sad,sad,neutral,angry,surprised,happy,fearful
M12A06.wav, neutral,neutral,sad,angry,happy,surprised,fearful
M11H09.wav, sad,sad,neutral,angry,happy,surprised,fearful
M51N16.wav, sad,sad,neutral,angry,happy,surprised,fearful
M28S18.wav, neutral,neutral,sad,angry,happy,surprised,fearful
M03S10.wav, neutral,neutral,sad,angry,happy,surprised,fearful
F07S46.wav, neutral,neutral,sad,angry,happy,surprised,fearful
M04N82.wav, sad,sad,neutral,angry,happy,surprised,fearful
M47N02.wav, sad,sad,neutral,angry,happy,surprised,fearful
F21A55.wav, sad,sad,neutral,angry,happy,surprised,fearful
F24A43.wav, neutral,neutral,sad,angry,happy,surprised,fearful
F23A02.wav, sad,sad,neutral,angry,happy,surprised,fearful
F09S02.wav, sad,sad,neutral,angry,surprised,happy,fearful
F24A04.wav, sad,sad,neutral,angry,happy,surprised,fearful
M51N06.wav, sad,sad,neutral,angry,happy,surprised,fearful
F06H10.wav, sad,sad,neutral,angry,happy,surprised,fearful
M50S01.wav, neutral,neutral,angry,sad,happy,surprised,fearful
F24H06.wav, sad,sad,neutral,angry,happy,surprised,fearful
M53A07.wav, sad,sad,neutral,angry,surprised,happy,fearful
M38F01.wav, sad,sad,neutral,angry,happy,surprised,fearful
M25S09.wav, sad,sad,neutral,angry,happy,surprised,fearful
M03S04.wav, neutral,neutral,angry,sad,happy,surprised,fearful
F24A12.wav, sad,sad,neutral,angry,happy,surprised,fearful
M03N02.wav, neutral,neutral,sad,angry,happy,surprised,fearful
M04N10.wav, neutral,neutral,sad,angry,happy,surprised,fearful
M12N60.wav, neutral,neutral,sad,angry,happy,surprised,fearful
F05N45.wav, sad,sad,neutral,angry,happy,surprised,fearful
M15N02.wav, sad,sad,neutral,angry,happy,surprised,fearful
F19N24.wav, sad,sad,neutral,angry,happy,surprised,fearful
M47A14.wav, neutral,neutral,angry,sad,happy,surprised,fearful
M03S14.wav, sad,sad,neutral,angry,happy,surprised,fearful
M44N16.wav, sad,sad,neutral,angry,happy,surprised,fearful
M26A23.wav, neutral,neutral,sad,angry,happy,surprised,fearful
M27N47.wav, sad,sad,neutral,angry,happy,surprised,fearful
F28A02.wav, sad,sad,neutral,angry,happy,surprised,fearful
F06S03.wav, sad,sad,neutral,angry,happy,surprised,fearful
F09N07.wav, sad,sad,neutral,angry,happy,surprised,fearful
F02S03.wav, sad,sad,neutral,angry,surprised,happy,fearful
M09A10.wav, neutral,neutral,sad,angry,happy,surprised,fearful
F21W27.wav, sad,sad,neutral,angry,surprised,happy,fearful
M04N02.wav, sad,sad,neutral,angry,happy,surprised,fearful
F06S05.wav, sad,sad,neutral,angry,surprised,happy,fearful
M25A62.wav, sad,sad,neutral,angry,happy,surprised,fearful
M30N07.wav, neutral,neutral,sad,angry,happy,surprised,fearful
F21S11.wav, sad,sad,neutral,angry,happy,surprised,fearful
M20N06.wav, sad,sad,neutral,angry,happy,surprised,fearful
M55A04.wav, neutral,neutral,sad,angry,happy,surprised,fearful
M22N18.wav, sad,sad,neutral,angry,happy,surprised,fearful
F28S04.wav, sad,sad,surprised,neutral,angry,happy,fearful
M04N38.wav, neutral,neutral,sad,angry,happy,surprised,fearful
M12N33.wav, neutral,neutral,sad,angry,happy,surprised,fearful
F07S12.wav, neutral,neutral,sad,angry,happy,surprised,fearful
M25A04.wav, neutral,neutral,sad,angry,happy,surprised,fearful
M28S17.wav, sad,sad,neutral,angry,surprised,happy,fearful
M31N04.wav, sad,sad,neutral,angry,happy,surprised,fearful
M10F01.wav, neutral,neutral,sad,angry,happy,surprised,fearful
M42N01.wav, neutral,neutral,sad,angry,happy,surprised,fearful
M51A01.wav, neutral,neutral,sad,angry,happy,surprised,fearful
M03A37.wav, sad,sad,neutral,angry,happy,surprised,fearful
F11S04.wav, sad,sad,neutral,angry,surprised,happy,fearful
M25A13.wav, neutral,neutral,angry,sad,happy,surprised,fearful
M40N02.wav, neutral,neutral,sad,angry,happy,surprised,fearful
M44H01.wav, neutral,neutral,sad,angry,happy,surprised,fearful
M28S13.wav, sad,sad,neutral,angry,happy,surprised,fearful
F07A45.wav, neutral,neutral,angry,sad,happy,surprised,fearful
F30F01.wav, sad,sad,neutral,angry,happy,surprised,fearful
M41H06.wav, neutral,neutral,sad,angry,happy,surprised,fearful
M16H01.wav, sad,sad,neutral,angry,happy,surprised,fearful
M25A55.wav, neutral,neutral,sad,angry,happy,surprised,fearful
F03S03.wav, sad,sad,angry,neutral,happy,surprised,fearful
M21N01.wav, sad,sad,neutral,angry,happy,surprised,fearful
F24H14.wav, sad,sad,neutral,angry,happy,surprised,fearful
F01A05.wav, angry,angry,sad,neutral,happy,surprised,fearful
M02A27.wav, neutral,neutral,sad,angry,happy,surprised,fearful
F02W05.wav, sad,sad,neutral,angry,happy,surprised,fearful
F21S24.wav, neutral,neutral,angry,sad,happy,surprised,fearful
M44N05.wav, neutral,neutral,sad,angry,happy,surprised,fearful
F21N15.wav, neutral,neutral,sad,angry,happy,surprised,fearful
M04N81.wav, sad,sad,neutral,angry,happy,surprised,fearful
M06S04.wav, sad,sad,neutral,angry,surprised,happy,fearful
F07S45.wav, sad,sad,neutral,angry,surprised,happy,fearful
F06F01.wav, sad,sad,neutral,happy,angry,surprised,fearful
F23N01.wav, sad,sad,neutral,angry,happy,surprised,fearful
F01A12.wav, sad,sad,neutral,angry,happy,surprised,fearful
F09W01.wav, sad,sad,neutral,angry,happy,surprised,fearful
M25A54.wav, sad,sad,neutral,angry,happy,surprised,fearful
M37N09.wav, neutral,neutral,sad,angry,happy,surprised,fearful
M27N25.wav, sad,sad,neutral,angry,happy,surprised,fearful
F03S04.wav, sad,sad,neutral,angry,surprised,happy,fearful
F02W01.wav, sad,sad,angry,neutral,happy,surprised,fearful
M28A25.wav, neutral,neutral,angry,sad,happy,surprised,fearful
M40N07.wav, neutral,neutral,sad,angry,happy,surprised,fearful
F06H05.wav, sad,sad,neutral,angry,surprised,happy,fearful
M16A17.wav, angry,angry,sad,neutral,happy,surprised,fearful
M03A11.wav, sad,sad,neutral,angry,happy,surprised,fearful
M54N01.wav, sad,sad,angry,neutral,happy,surprised,fearful
F21S26.wav, sad,sad,neutral,angry,happy,surprised,fearful
M27N28.wav, sad,sad,neutral,angry,happy,surprised,fearful
M03S18.wav, sad,sad,angry,neutral,happy,surprised,fearful
F21S12.wav, neutral,neutral,sad,angry,happy,surprised,fearful
F21W28.wav, angry,angry,neutral,sad,happy,surprised,fearful
M23H01.wav, neutral,neutral,sad,angry,happy,surprised,fearful
M05S07.wav, neutral,neutral,sad,angry,happy,surprised,fearful
M28S03.wav, sad,sad,neutral,angry,surprised,happy,fearful
F07H01.wav, sad,sad,neutral,angry,happy,surprised,fearful
F20N03.wav, sad,sad,neutral,angry,happy,surprised,fearful
F09S12.wav, sad,sad,neutral,angry,happy,surprised,fearful
M25A67.wav, sad,sad,neutral,angry,happy,surprised,fearful
F21A17.wav, sad,sad,angry,neutral,happy,surprised,fearful
M46A03.wav, sad,sad,neutral,angry,happy,surprised,fearful
M24W04.wav, sad,sad,angry,neutral,happy,surprised,fearful
M42A08.wav, neutral,neutral,sad,angry,happy,surprised,fearful
M28N15.wav, sad,sad,neutral,angry,happy,surprised,fearful
M12A57.wav, angry,angry,neutral,sad,happy,surprised,fearful
M26A25.wav, angry,angry,neutral,sad,happy,surprised,fearful
F07S28.wav, sad,sad,neutral,angry,happy,surprised,fearful
M16A08.wav, neutral,neutral,sad,angry,happy,surprised,fearful
M22N06.wav, sad,sad,neutral,angry,happy,surprised,fearful
M02A26.wav, neutral,neutral,sad,angry,happy,surprised,fearful
M12A04.wav, sad,sad,angry,neutral,happy,surprised,fearful
M25W01.wav, sad,sad,angry,neutral,happy,surprised,fearful
M51N20.wav, sad,sad,neutral,angry,happy,surprised,fearful
M04N32.wav, neutral,neutral,sad,angry,happy,surprised,fearful
F16S01.wav, sad,sad,neutral,angry,happy,surprised,fearful
F07S38.wav, sad,sad,neutral,angry,happy,surprised,fearful
M27N34.wav, sad,sad,neutral,angry,happy,surprised,fearful
M04N67.wav, sad,sad,neutral,angry,happy,surprised,fearful
M36S01.wav, sad,sad,neutral,angry,happy,surprised,fearful
M25N07.wav, sad,sad,neutral,angry,happy,surprised,fearful
M27N45.wav, sad,sad,neutral,angry,happy,surprised,fearful
F23H06.wav, neutral,neutral,sad,angry,happy,surprised,fearful
M53A16.wav, neutral,neutral,sad,angry,happy,surprised,fearful
F06S08.wav, sad,sad,neutral,angry,happy,surprised,fearful
M28A45.wav, angry,angry,sad,neutral,happy,surprised,fearful
M27N03.wav, sad,sad,angry,neutral,happy,surprised,fearful
M03A36.wav, sad,sad,neutral,angry,happy,surprised,fearful
F04A08.wav, sad,sad,neutral,angry,happy,surprised,fearful
F21A09.wav, sad,sad,neutral,angry,happy,surprised,fearful
M02H03.wav, neutral,neutral,angry,sad,happy,surprised,fearful
M12N07.wav, neutral,neutral,sad,angry,happy,surprised,fearful
M12A05.wav, neutral,neutral,sad,angry,happy,surprised,fearful
M22N22.wav, sad,sad,neutral,angry,happy,surprised,fearful
M05A12.wav, sad,sad,neutral,angry,surprised,happy,fearful
F13A08.wav, sad,sad,neutral,angry,happy,surprised,fearful
M29A08.wav, neutral,neutral,sad,angry,happy,surprised,fearful
M04N29.wav, neutral,neutral,sad,angry,happy,surprised,fearful
M25S06.wav, sad,sad,neutral,angry,surprised,happy,fearful
M25A45.wav, sad,sad,neutral,angry,happy,surprised,fearful
M25A14.wav, angry,angry,sad,neutral,happy,surprised,fearful
M05S10.wav, sad,sad,neutral,angry,surprised,happy,fearful
M25A42.wav, sad,sad,neutral,angry,happy,surprised,fearful
F01A08.wav, neutral,neutral,sad,angry,happy,surprised,fearful
F21S29.wav, sad,sad,neutral,angry,happy,surprised,fearful
F24H07.wav, neutral,neutral,sad,angry,happy,surprised,fearful
F24A40.wav, sad,sad,neutral,angry,happy,surprised,fearful
M43A02.wav, sad,sad,neutral,angry,happy,surprised,fearful
M05N15.wav, sad,sad,neutral,angry,happy,surprised,fearful
F07S29.wav, sad,sad,neutral,angry,surprised,happy,fearful
F09S07.wav, sad,sad,neutral,angry,happy,surprised,fearful
M28N24.wav, neutral,neutral,sad,angry,happy,surprised,fearful
M40N31.wav, neutral,neutral,sad,angry,happy,surprised,fearful
F10A04.wav, sad,sad,angry,neutral,happy,surprised,fearful
M17N06.wav, neutral,neutral,sad,angry,happy,surprised,fearful
F09A05.wav, sad,sad,neutral,angry,happy,surprised,fearful
M12N63.wav, neutral,neutral,sad,angry,happy,surprised,fearful
F22S07.wav, sad,sad,neutral,surprised,angry,happy,fearful
M04N39.wav, neutral,neutral,sad,angry,happy,surprised,fearful
F20S01.wav, neutral,neutral,sad,angry,happy,surprised,fearful
M04A09.wav, sad,sad,neutral,angry,happy,surprised,fearful
F03S17.wav, sad,sad,angry,neutral,surprised,happy,fearful
F24N05.wav, sad,sad,neutral,angry,happy,surprised,fearful
F13A21.wav, sad,sad,neutral,angry,happy,surprised,fearful
F24A37.wav, sad,sad,neutral,angry,happy,surprised,fearful
F21W23.wav, sad,sad,neutral,surprised,angry,happy,fearful
M44N13.wav, neutral,neutral,sad,angry,happy,surprised,fearful
F12A07.wav, sad,sad,neutral,angry,surprised,happy,fearful
F13A22.wav, neutral,neutral,sad,angry,happy,surprised,fearful
M40S02.wav, neutral,neutral,sad,angry,happy,surprised,fearful
M04W01.wav, sad,sad,angry,neutral,surprised,happy,fearful
F01A15.wav, sad,sad,neutral,angry,happy,surprised,fearful
F21S22.wav, neutral,neutral,angry,sad,happy,surprised,fearful
F02S11.wav, sad,sad,neutral,angry,happy,surprised,fearful
F09A11.wav, sad,sad,neutral,angry,happy,surprised,fearful
M03N01.wav, sad,sad,neutral,angry,happy,surprised,fearful
M43A08.wav, neutral,neutral,sad,angry,happy,surprised,fearful
M50A08.wav, neutral,neutral,sad,angry,happy,surprised,fearful
M53N02.wav, neutral,neutral,angry,sad,happy,surprised,fearful
M28W01.wav, sad,sad,neutral,angry,surprised,happy,fearful
M52S02.wav, sad,sad,neutral,angry,happy,surprised,fearful
F05N53.wav, sad,sad,neutral,angry,happy,surprised,fearful
M40N16.wav, sad,sad,neutral,angry,happy,surprised,fearful
M25W07.wav, sad,sad,neutral,angry,happy,surprised,fearful
F09A04.wav, angry,angry,sad,neutral,happy,surprised,fearful
F22N05.wav, sad,sad,neutral,angry,happy,surprised,fearful
F20N09.wav, sad,sad,neutral,angry,happy,surprised,fearful
M16A06.wav, sad,sad,neutral,angry,happy,surprised,fearful
M17H01.wav, sad,sad,neutral,angry,surprised,happy,fearful
M11N05.wav, sad,sad,neutral,angry,happy,surprised,fearful
M03S15.wav, neutral,neutral,sad,angry,happy,surprised,fearful
F21W07.wav, sad,sad,angry,neutral,happy,surprised,fearful
M42A12.wav, neutral,neutral,sad,angry,happy,surprised,fearful
F21A48.wav, sad,sad,neutral,angry,happy,surprised,fearful
F30H05.wav, sad,sad,neutral,angry,happy,surprised,fearful
F24A64.wav, sad,sad,neutral,angry,happy,surprised,fearful
M19N06.wav, sad,sad,neutral,angry,happy,surprised,fearful
M12A31.wav, angry,angry,neutral,sad,happy,surprised,fearful
F17S03.wav, sad,sad,neutral,angry,happy,surprised,fearful
F07W04.wav, angry,angry,sad,neutral,happy,surprised,fearful
M28A38.wav, angry,angry,neutral,sad,happy,surprised,fearful
M12S01.wav, sad,sad,neutral,angry,happy,surprised,fearful
F11A01.wav, sad,sad,neutral,angry,happy,surprised,fearful
F01A02.wav, neutral,neutral,sad,angry,happy,surprised,fearful
F24W21.wav, sad,sad,neutral,angry,happy,surprised,fearful
M27N05.wav, sad,sad,angry,neutral,happy,surprised,fearful
F24A01.wav, sad,sad,neutral,angry,happy,surprised,fearful
F07A13.wav, sad,sad,angry,neutral,happy,surprised,fearful
M20W04.wav, sad,sad,neutral,surprised,angry,happy,fearful
M08N06.wav, sad,sad,neutral,angry,surprised,happy,fearful
F10A03.wav, sad,sad,neutral,angry,happy,surprised,fearful
M30N03.wav, angry,angry,sad,neutral,happy,surprised,fearful
M12S12.wav, neutral,neutral,angry,sad,happy,surprised,fearful
M16H03.wav, sad,sad,neutral,angry,happy,surprised,fearful
M12S13.wav, sad,sad,neutral,angry,happy,surprised,fearful
M03A23.wav, sad,sad,angry,neutral,happy,surprised,fearful
F10A34.wav, sad,sad,neutral,angry,happy,surprised,fearful
F31A05.wav, angry,angry,neutral,sad,happy,surprised,fearful
M20A03.wav, sad,sad,neutral,angry,happy,surprised,fearful
M03A05.wav, angry,angry,neutral,sad,happy,surprised,fearful
F21N02.wav, sad,sad,neutral,angry,happy,surprised,fearful
F01N06.wav, sad,sad,neutral,angry,surprised,happy,fearful
M09A16.wav, sad,sad,neutral,angry,happy,surprised,fearful
F30A04.wav, sad,sad,neutral,angry,happy,surprised,fearful
M12A47.wav, sad,sad,neutral,angry,happy,surprised,fearful
F13A09.wav, sad,sad,neutral,angry,happy,surprised,fearful
F15N01.wav, sad,sad,neutral,angry,happy,surprised,fearful
M55N06.wav, sad,sad,neutral,angry,happy,surprised,fearful
M28A13.wav, neutral,neutral,sad,angry,happy,surprised,fearful
M16A03.wav, sad,sad,angry,neutral,surprised,happy,fearful
M27N16.wav, sad,sad,neutral,angry,happy,surprised,fearful
F20W01.wav, sad,sad,neutral,angry,happy,surprised,fearful
M42A06.wav, sad,sad,neutral,angry,happy,surprised,fearful
M36W01.wav, sad,sad,neutral,angry,happy,surprised,fearful
M29A15.wav, neutral,neutral,sad,angry,happy,surprised,fearful
M36N01.wav, neutral,neutral,sad,angry,happy,surprised,fearful
M12A51.wav, neutral,neutral,sad,angry,happy,surprised,fearful
M41H04.wav, neutral,neutral,angry,sad,happy,surprised,fearful
M13N01.wav, sad,sad,neutral,angry,happy,surprised,fearful
M12N22.wav, sad,sad,neutral,angry,happy,surprised,fearful
F07A41.wav, neutral,neutral,angry,sad,happy,surprised,fearful
M25N03.wav, sad,sad,neutral,angry,happy,surprised,fearful
F07A62.wav, neutral,neutral,sad,angry,happy,surprised,fearful
F23H01.wav, sad,sad,neutral,angry,happy,surprised,fearful
M05N12.wav, neutral,neutral,sad,angry,happy,surprised,fearful
M18N07.wav, neutral,neutral,sad,angry,happy,surprised,fearful
M02H01.wav, sad,sad,neutral,angry,happy,surprised,fearful
M04N45.wav, neutral,neutral,sad,angry,happy,surprised,fearful
M38N05.wav, neutral,neutral,sad,angry,happy,surprised,fearful
M12N29.wav, neutral,neutral,sad,angry,happy,surprised,fearful
M04S05.wav, sad,sad,angry,neutral,happy,surprised,fearful
M12A29.wav, neutral,neutral,angry,sad,happy,surprised,fearful
M47N22.wav, sad,sad,neutral,angry,happy,surprised,fearful
M12N70.wav, neutral,neutral,sad,angry,happy,surprised,fearful
F07N10.wav, angry,angry,sad,neutral,happy,surprised,fearful
M44N02.wav, neutral,neutral,sad,angry,happy,surprised,fearful
M53N24.wav, sad,sad,neutral,angry,happy,surprised,fearful
M26A06.wav, sad,sad,neutral,angry,happy,surprised,fearful
F21A21.wav, sad,sad,neutral,angry,surprised,happy,fearful
F15A04.wav, neutral,neutral,angry,sad,happy,surprised,fearful
M02N09.wav, neutral,neutral,sad,angry,happy,surprised,fearful
M25H02.wav, neutral,neutral,sad,angry,happy,surprised,fearful
M26A09.wav, angry,angry,sad,neutral,happy,surprised,fearful
M25A38.wav, neutral,neutral,angry,sad,happy,surprised,fearful
M03A16.wav, angry,angry,neutral,sad,happy,surprised,fearful
M12A40.wav, sad,sad,neutral,angry,happy,surprised,fearful
M41W01.wav, sad,sad,neutral,angry,surprised,happy,fearful
F02S04.wav, neutral,neutral,sad,angry,happy,surprised,fearful
M06A02.wav, sad,sad,neutral,angry,happy,surprised,fearful
F03S16.wav, neutral,neutral,sad,angry,happy,surprised,fearful
M37N07.wav, sad,sad,angry,neutral,happy,surprised,fearful
F26N04.wav, sad,sad,neutral,angry,happy,surprised,fearful
F02A01.wav, sad,sad,neutral,angry,happy,surprised,fearful
M47N07.wav, sad,sad,neutral,angry,happy,surprised,fearful
M38A01.wav, neutral,neutral,sad,angry,happy,surprised,fearful
F25A03.wav, angry,angry,sad,neutral,happy,surprised,fearful
F01S05.wav, sad,sad,neutral,angry,happy,surprised,fearful
M41A05.wav, neutral,neutral,angry,sad,happy,surprised,fearful
F24A38.wav, sad,sad,neutral,angry,happy,surprised,fearful
M07F04.wav, sad,sad,neutral,angry,happy,surprised,fearful
M03F01.wav, sad,sad,neutral,angry,happy,surprised,fearful
F21N05.wav, sad,sad,neutral,angry,surprised,happy,fearful
F30S03.wav, neutral,neutral,sad,angry,happy,surprised,fearful
M26A05.wav, neutral,neutral,sad,angry,happy,surprised,fearful
F23A15.wav, neutral,neutral,sad,angry,happy,surprised,fearful
M04N03.wav, sad,sad,neutral,angry,happy,surprised,fearful
M28W04.wav, sad,sad,neutral,angry,happy,surprised,fearful
M12A56.wav, sad,sad,neutral,angry,happy,surprised,fearful
M28A04.wav, neutral,neutral,sad,angry,happy,surprised,fearful
M25A02.wav, sad,sad,angry,neutral,happy,surprised,fearful
M22N03.wav, sad,sad,neutral,angry,happy,surprised,fearful
F03S14.wav, sad,sad,neutral,angry,happy,surprised,fearful
M27N54.wav, sad,sad,neutral,angry,happy,surprised,fearful
M26S01.wav, angry,angry,sad,neutral,happy,surprised,fearful
M28A43.wav, neutral,neutral,angry,sad,happy,surprised,fearful
M04N04.wav, neutral,neutral,sad,angry,happy,surprised,fearful
F05N56.wav, sad,sad,neutral,angry,happy,surprised,fearful
M27N18.wav, sad,sad,neutral,angry,happy,surprised,fearful
F12A04.wav, angry,angry,sad,neutral,happy,surprised,fearful
F07H08.wav, neutral,neutral,sad,angry,happy,surprised,fearful
M12N52.wav, sad,sad,neutral,angry,happy,surprised,fearful
M25A57.wav, neutral,neutral,angry,sad,happy,surprised,fearful
M04N54.wav, sad,sad,neutral,angry,happy,surprised,fearful
F21W06.wav, neutral,neutral,sad,angry,happy,surprised,fearful
M02A11.wav, sad,sad,angry,neutral,happy,surprised,fearful
F02W06.wav, sad,sad,neutral,angry,happy,surprised,fearful
M03N03.wav, sad,sad,neutral,angry,happy,surprised,fearful
M44N08.wav, sad,sad,neutral,angry,happy,surprised,fearful
F03H04.wav, sad,sad,neutral,angry,happy,surprised,fearful
M47A10.wav, sad,sad,angry,neutral,happy,surprised,fearful
M04N35.wav, neutral,neutral,sad,angry,happy,surprised,fearful
M31N07.wav, sad,sad,neutral,angry,happy,surprised,fearful
M12N85.wav, angry,angry,sad,neutral,happy,surprised,fearful
M42A13.wav, neutral,neutral,sad,angry,happy,surprised,fearful
F24N03.wav, sad,sad,neutral,angry,happy,surprised,fearful
F21A04.wav, sad,sad,neutral,angry,happy,surprised,fearful
F04A16.wav, sad,sad,neutral,angry,happy,surprised,fearful
M21W04.wav, sad,sad,neutral,surprised,angry,happy,fearful
F11N09.wav, sad,sad,neutral,angry,surprised,happy,fearful
M25A49.wav, angry,angry,neutral,sad,happy,surprised,fearful
F13A07.wav, sad,sad,neutral,angry,happy,surprised,fearful
F09S01.wav, sad,sad,neutral,angry,happy,surprised,fearful
M04N78.wav, neutral,neutral,sad,angry,happy,surprised,fearful
M03A21.wav, angry,angry,sad,neutral,happy,surprised,fearful
F03S10.wav, angry,angry,sad,neutral,happy,surprised,fearful
M02A28.wav, angry,angry,neutral,sad,happy,surprised,fearful
M03A41.wav, sad,sad,neutral,angry,happy,surprised,fearful
M18N15.wav, sad,sad,neutral,angry,happy,surprised,fearful
M02A22.wav, neutral,neutral,sad,angry,happy,surprised,fearful
M16H04.wav, sad,sad,neutral,angry,happy,surprised,fearful
F24A09.wav, sad,sad,neutral,angry,happy,surprised,fearful
M24N04.wav, neutral,neutral,sad,angry,happy,surprised,fearful
M05S01.wav, sad,sad,neutral,angry,happy,surprised,fearful
F05N58.wav, neutral,neutral,sad,angry,happy,surprised,fearful
M26A37.wav, neutral,neutral,angry,sad,happy,surprised,fearful
M25A18.wav, neutral,neutral,sad,angry,happy,surprised,fearful
M47N15.wav, sad,sad,neutral,angry,surprised,happy,fearful
M12W04.wav, sad,sad,neutral,angry,surprised,happy,fearful
F24H20.wav, sad,sad,neutral,angry,happy,surprised,fearful
M02H04.wav, angry,angry,neutral,sad,happy,surprised,fearful
F21A10.wav, sad,sad,neutral,angry,happy,surprised,fearful
F07A12.wav, sad,sad,angry,neutral,happy,surprised,fearful
M40N49.wav, sad,sad,neutral,angry,happy,surprised,fearful
F23A05.wav, neutral,neutral,sad,angry,happy,surprised,fearful
M04N18.wav, neutral,neutral,sad,angry,happy,surprised,fearful
M26A11.wav, sad,sad,neutral,angry,happy,surprised,fearful
F07A43.wav, neutral,neutral,angry,sad,happy,surprised,fearful
F24A15.wav, sad,sad,neutral,angry,happy,surprised,fearful
M53A26.wav, sad,sad,neutral,angry,happy,surprised,fearful
M12N21.wav, neutral,neutral,sad,angry,happy,surprised,fearful
M25A69.wav, sad,sad,neutral,angry,happy,surprised,fearful
M27W03.wav, sad,sad,neutral,surprised,angry,happy,fearful
M34A02.wav, sad,sad,angry,neutral,happy,surprised,fearful
M53A14.wav, sad,sad,neutral,angry,happy,surprised,fearful
F04A01.wav, sad,sad,neutral,angry,happy,surprised,fearful
M08N08.wav, sad,sad,neutral,angry,happy,surprised,fearful
M11N01.wav, neutral,neutral,sad,angry,happy,surprised,fearful
F23A14.wav, angry,angry,neutral,sad,happy,surprised,fearful
F31A07.wav, neutral,neutral,sad,angry,happy,surprised,fearful
M40N05.wav, neutral,neutral,sad,angry,happy,surprised,fearful
M11N02.wav, sad,sad,neutral,angry,happy,surprised,fearful
M04N05.wav, neutral,neutral,sad,angry,happy,surprised,fearful
F01H01.wav, sad,sad,angry,neutral,happy,surprised,fearful
M44H07.wav, sad,sad,neutral,angry,happy,surprised,fearful
M12N65.wav, sad,sad,neutral,angry,happy,surprised,fearful
M41H02.wav, neutral,neutral,sad,angry,happy,surprised,fearful
M03A07.wav, sad,sad,neutral,angry,happy,surprised,fearful
M38N02.wav, neutral,neutral,sad,angry,happy,surprised,fearful
F01A22.wav, sad,sad,neutral,angry,happy,surprised,fearful
F09A08.wav, sad,sad,neutral,angry,happy,surprised,fearful
M25H01.wav, neutral,neutral,angry,sad,happy,surprised,fearful
M12N83.wav, angry,angry,neutral,sad,happy,surprised,fearful
F23N10.wav, sad,sad,angry,neutral,happy,surprised,fearful
M12W03.wav, sad,sad,neutral,surprised,angry,happy,fearful
M12A21.wav, neutral,neutral,sad,angry,happy,surprised,fearful
M53A05.wav, sad,sad,neutral,angry,happy,surprised,fearful
F28A03.wav, sad,sad,neutral,angry,happy,surprised,fearful
M30W01.wav, neutral,neutral,sad,angry,happy,surprised,fearful
F24A50.wav, sad,sad,neutral,angry,happy,surprised,fearful
M30A06.wav, sad,sad,neutral,angry,surprised,happy,fearful
M12N16.wav, angry,angry,sad,neutral,happy,surprised,fearful
M40N48.wav, sad,sad,neutral,angry,happy,surprised,fearful
M12A10.wav, neutral,neutral,sad,angry,happy,surprised,fearful
F31A06.wav, sad,sad,angry,neutral,happy,surprised,fearful
M05S11.wav, sad,sad,neutral,angry,surprised,happy,fearful
F07S04.wav, sad,sad,neutral,angry,happy,surprised,fearful
M24N01.wav, neutral,neutral,sad,angry,happy,surprised,fearful
F23H02.wav, neutral,neutral,sad,angry,happy,surprised,fearful
F24W17.wav, sad,sad,neutral,surprised,angry,happy,fearful
